season_label,team_abbr,team_name,matchweek,points
1992-93,ARS,Arsenal,1,0
1992-93,ARS,Arsenal,2,0
1992-93,ARS,Arsenal,3,3
1992-93,ARS,Arsenal,4,6
1992-93,ARS,Arsenal,5,9
1992-93,ARS,Arsenal,6,10
1992-93,ARS,Arsenal,7,10
1992-93,ARS,Arsenal,8,10
1992-93,ARS,Arsenal,9,11
1992-93,ARS,Arsenal,10,14
1992-93,ARS,Arsenal,11,17
1992-93,ARS,Arsenal,12,20
1992-93,ARS,Arsenal,13,23
1992-93,ARS,Arsenal,14,26
1992-93,ARS,Arsenal,15,29
1992-93,ARS,Arsenal,16,29
1992-93,ARS,Arsenal,17,29
1992-93,ARS,Arsenal,18,29
1992-93,ARS,Arsenal,19,29
1992-93,ARS,Arsenal,20,30
1992-93,ARS,Arsenal,21,31
1992-93,ARS,Arsenal,22,31
1992-93,ARS,Arsenal,23,32
1992-93,ARS,Arsenal,24,35
1992-93,ARS,Arsenal,25,35
1992-93,ARS,Arsenal,26,35
1992-93,ARS,Arsenal,27,38
1992-93,ARS,Arsenal,28,39
1992-93,ARS,Arsenal,29,39
1992-93,ARS,Arsenal,30,40
1992-93,ARS,Arsenal,31,43
1992-93,ARS,Arsenal,32,46
1992-93,ARS,Arsenal,33,47
1992-93,ARS,Arsenal,34,47
1992-93,ARS,Arsenal,35,50
1992-93,ARS,Arsenal,36,50
1992-93,ARS,Arsenal,37,51
1992-93,ARS,Arsenal,38,52
1992-93,ARS,Arsenal,39,53
1992-93,ARS,Arsenal,40,53
1992-93,ARS,Arsenal,41,56
1992-93,ARS,Arsenal,42,56
1992-93,AVL,Aston Villa,1,1
1992-93,AVL,Aston Villa,2,2
1992-93,AVL,Aston Villa,3,3
1992-93,AVL,Aston Villa,4,3
1992-93,AVL,Aston Villa,5,6
1992-93,AVL,Aston Villa,6,6
1992-93,AVL,Aston Villa,7,9
1992-93,AVL,Aston Villa,8,10
1992-93,AVL,Aston Villa,9,13
1992-93,AVL,Aston Villa,10,16
1992-93,AVL,Aston Villa,11,19
1992-93,AVL,Aston Villa,12,20
1992-93,AVL,Aston Villa,13,21
1992-93,AVL,Aston Villa,14,24
1992-93,AVL,Aston Villa,15,27
1992-93,AVL,Aston Villa,16,28
1992-93,AVL,Aston Villa,17,28
1992-93,AVL,Aston Villa,18,31
1992-93,AVL,Aston Villa,19,34
1992-93,AVL,Aston Villa,20,35
1992-93,AVL,Aston Villa,21,35
1992-93,AVL,Aston Villa,22,38
1992-93,AVL,Aston Villa,23,41
1992-93,AVL,Aston Villa,24,44
1992-93,AVL,Aston Villa,25,47
1992-93,AVL,Aston Villa,26,47
1992-93,AVL,Aston Villa,27,50
1992-93,AVL,Aston Villa,28,50
1992-93,AVL,Aston Villa,29,53
1992-93,AVL,Aston Villa,30,56
1992-93,AVL,Aston Villa,31,59
1992-93,AVL,Aston Villa,32,60
1992-93,AVL,Aston Villa,33,61
1992-93,AVL,Aston Villa,34,64
1992-93,AVL,Aston Villa,35,64
1992-93,AVL,Aston Villa,36,67
1992-93,AVL,Aston Villa,37,68
1992-93,AVL,Aston Villa,38,71
1992-93,AVL,Aston Villa,39,74
1992-93,AVL,Aston Villa,40,74
1992-93,AVL,Aston Villa,41,74
1992-93,AVL,Aston Villa,42,74
1992-93,BLA,Blackburn Rovers,1,1
1992-93,BLA,Blackburn Rovers,2,4
1992-93,BLA,Blackburn Rovers,3,7
1992-93,BLA,Blackburn Rovers,4,8
1992-93,BLA,Blackburn Rovers,5,11
1992-93,BLA,Blackburn Rovers,6,14
1992-93,BLA,Blackburn Rovers,7,17
1992-93,BLA,Blackburn Rovers,8,17
1992-93,BLA,Blackburn Rovers,9,18
1992-93,BLA,Blackburn Rovers,10,21
1992-93,BLA,Blackburn Rovers,11,24
1992-93,BLA,Blackburn Rovers,12,25
1992-93,BLA,Blackburn Rovers,13,26
1992-93,BLA,Blackburn Rovers,14,27
1992-93,BLA,Blackburn Rovers,15,27
1992-93,BLA,Blackburn Rovers,16,28
1992-93,BLA,Blackburn Rovers,17,31
1992-93,BLA,Blackburn Rovers,18,31
1992-93,BLA,Blackburn Rovers,19,31
1992-93,BLA,Blackburn Rovers,20,34
1992-93,BLA,Blackburn Rovers,21,37
1992-93,BLA,Blackburn Rovers,22,37
1992-93,BLA,Blackburn Rovers,23,38
1992-93,BLA,Blackburn Rovers,24,41
1992-93,BLA,Blackburn Rovers,25,41
1992-93,BLA,Blackburn Rovers,26,41
1992-93,BLA,Blackburn Rovers,27,41
1992-93,BLA,Blackburn Rovers,28,44
1992-93,BLA,Blackburn Rovers,29,45
1992-93,BLA,Blackburn Rovers,30,45
1992-93,BLA,Blackburn Rovers,31,46
1992-93,BLA,Blackburn Rovers,32,47
1992-93,BLA,Blackburn Rovers,33,50
1992-93,BLA,Blackburn Rovers,34,53
1992-93,BLA,Blackburn Rovers,35,56
1992-93,BLA,Blackburn Rovers,36,56
1992-93,BLA,Blackburn Rovers,37,59
1992-93,BLA,Blackburn Rovers,38,62
1992-93,BLA,Blackburn Rovers,39,65
1992-93,BLA,Blackburn Rovers,40,65
1992-93,BLA,Blackburn Rovers,41,68
1992-93,BLA,Blackburn Rovers,42,71
1992-93,CHE,Chelsea,1,1
1992-93,CHE,Chelsea,2,1
1992-93,CHE,Chelsea,3,2
1992-93,CHE,Chelsea,4,3
1992-93,CHE,Chelsea,5,6
1992-93,CHE,Chelsea,6,9
1992-93,CHE,Chelsea,7,9
1992-93,CHE,Chelsea,8,9
1992-93,CHE,Chelsea,9,12
1992-93,CHE,Chelsea,10,13
1992-93,CHE,Chelsea,11,13
1992-93,CHE,Chelsea,12,16
1992-93,CHE,Chelsea,13,19
1992-93,CHE,Chelsea,14,19
1992-93,CHE,Chelsea,15,22
1992-93,CHE,Chelsea,16,25
1992-93,CHE,Chelsea,17,28
1992-93,CHE,Chelsea,18,31
1992-93,CHE,Chelsea,19,32
1992-93,CHE,Chelsea,20,33
1992-93,CHE,Chelsea,21,34
1992-93,CHE,Chelsea,22,35
1992-93,CHE,Chelsea,23,35
1992-93,CHE,Chelsea,24,35
1992-93,CHE,Chelsea,25,36
1992-93,CHE,Chelsea,26,36
1992-93,CHE,Chelsea,27,36
1992-93,CHE,Chelsea,28,37
1992-93,CHE,Chelsea,29,37
1992-93,CHE,Chelsea,30,37
1992-93,CHE,Chelsea,31,40
1992-93,CHE,Chelsea,32,43
1992-93,CHE,Chelsea,33,44
1992-93,CHE,Chelsea,34,45
1992-93,CHE,Chelsea,35,46
1992-93,CHE,Chelsea,36,49
1992-93,CHE,Chelsea,37,50
1992-93,CHE,Chelsea,38,50
1992-93,CHE,Chelsea,39,53
1992-93,CHE,Chelsea,40,53
1992-93,CHE,Chelsea,41,56
1992-93,CHE,Chelsea,42,56
1992-93,COV,Coventry City,1,3
1992-93,COV,Coventry City,2,6
1992-93,COV,Coventry City,3,9
1992-93,COV,Coventry City,4,9
1992-93,COV,Coventry City,5,9
1992-93,COV,Coventry City,6,12
1992-93,COV,Coventry City,7,15
1992-93,COV,Coventry City,8,18
1992-93,COV,Coventry City,9,19
1992-93,COV,Coventry City,10,20
1992-93,COV,Coventry City,11,21
1992-93,COV,Coventry City,12,22
1992-93,COV,Coventry City,13,22
1992-93,COV,Coventry City,14,23
1992-93,COV,Coventry City,15,23
1992-93,COV,Coventry City,16,23
1992-93,COV,Coventry City,17,24
1992-93,COV,Coventry City,18,25
1992-93,COV,Coventry City,19,26
1992-93,COV,Coventry City,20,29
1992-93,COV,Coventry City,21,32
1992-93,COV,Coventry City,22,32
1992-93,COV,Coventry City,23,32
1992-93,COV,Coventry City,24,33
1992-93,COV,Coventry City,25,36
1992-93,COV,Coventry City,26,39
1992-93,COV,Coventry City,27,39
1992-93,COV,Coventry City,28,42
1992-93,COV,Coventry City,29,42
1992-93,COV,Coventry City,30,43
1992-93,COV,Coventry City,31,46
1992-93,COV,Coventry City,32,46
1992-93,COV,Coventry City,33,46
1992-93,COV,Coventry City,34,46
1992-93,COV,Coventry City,35,47
1992-93,COV,Coventry City,36,47
1992-93,COV,Coventry City,37,50
1992-93,COV,Coventry City,38,51
1992-93,COV,Coventry City,39,51
1992-93,COV,Coventry City,40,51
1992-93,COV,Coventry City,41,51
1992-93,COV,Coventry City,42,52
1992-93,CRY,Crystal Palace,1,1
1992-93,CRY,Crystal Palace,2,2
1992-93,CRY,Crystal Palace,3,3
1992-93,CRY,Crystal Palace,4,4
1992-93,CRY,Crystal Palace,5,4
1992-93,CRY,Crystal Palace,6,4
1992-93,CRY,Crystal Palace,7,4
1992-93,CRY,Crystal Palace,8,5
1992-93,CRY,Crystal Palace,9,8
1992-93,CRY,Crystal Palace,10,8
1992-93,CRY,Crystal Palace,11,9
1992-93,CRY,Crystal Palace,12,10
1992-93,CRY,Crystal Palace,13,11
1992-93,CRY,Crystal Palace,14,11
1992-93,CRY,Crystal Palace,15,11
1992-93,CRY,Crystal Palace,16,12
1992-93,CRY,Crystal Palace,17,12
1992-93,CRY,Crystal Palace,18,15
1992-93,CRY,Crystal Palace,19,18
1992-93,CRY,Crystal Palace,20,21
1992-93,CRY,Crystal Palace,21,24
1992-93,CRY,Crystal Palace,22,27
1992-93,CRY,Crystal Palace,23,27
1992-93,CRY,Crystal Palace,24,27
1992-93,CRY,Crystal Palace,25,27
1992-93,CRY,Crystal Palace,26,27
1992-93,CRY,Crystal Palace,27,30
1992-93,CRY,Crystal Palace,28,33
1992-93,CRY,Crystal Palace,29,33
1992-93,CRY,Crystal Palace,30,34
1992-93,CRY,Crystal Palace,31,35
1992-93,CRY,Crystal Palace,32,36
1992-93,CRY,Crystal Palace,33,39
1992-93,CRY,Crystal Palace,34,40
1992-93,CRY,Crystal Palace,35,41
1992-93,CRY,Crystal Palace,36,41
1992-93,CRY,Crystal Palace,37,44
1992-93,CRY,Crystal Palace,38,45
1992-93,CRY,Crystal Palace,39,45
1992-93,CRY,Crystal Palace,40,48
1992-93,CRY,Crystal Palace,41,49
1992-93,CRY,Crystal Palace,42,49
1992-93,EVE,Everton,1,1
1992-93,EVE,Everton,2,4
1992-93,EVE,Everton,3,5
1992-93,EVE,Everton,4,8
1992-93,EVE,Everton,5,9
1992-93,EVE,Everton,6,9
1992-93,EVE,Everton,7,9
1992-93,EVE,Everton,8,12
1992-93,EVE,Everton,9,12
1992-93,EVE,Everton,10,12
1992-93,EVE,Everton,11,12
1992-93,EVE,Everton,12,13
1992-93,EVE,Everton,13,13
1992-93,EVE,Everton,14,13
1992-93,EVE,Everton,15,16
1992-93,EVE,Everton,16,16
1992-93,EVE,Everton,17,16
1992-93,EVE,Everton,18,19
1992-93,EVE,Everton,19,19
1992-93,EVE,Everton,20,22
1992-93,EVE,Everton,21,23
1992-93,EVE,Everton,22,23
1992-93,EVE,Everton,23,26
1992-93,EVE,Everton,24,29
1992-93,EVE,Everton,25,32
1992-93,EVE,Everton,26,32
1992-93,EVE,Everton,27,32
1992-93,EVE,Everton,28,32
1992-93,EVE,Everton,29,32
1992-93,EVE,Everton,30,33
1992-93,EVE,Everton,31,36
1992-93,EVE,Everton,32,39
1992-93,EVE,Everton,33,39
1992-93,EVE,Everton,34,42
1992-93,EVE,Everton,35,42
1992-93,EVE,Everton,36,45
1992-93,EVE,Everton,37,48
1992-93,EVE,Everton,38,48
1992-93,EVE,Everton,39,49
1992-93,EVE,Everton,40,50
1992-93,EVE,Everton,41,50
1992-93,EVE,Everton,42,53
1992-93,IPS,Ipswich Town,1,1
1992-93,IPS,Ipswich Town,2,4
1992-93,IPS,Ipswich Town,3,5
1992-93,IPS,Ipswich Town,4,6
1992-93,IPS,Ipswich Town,5,7
1992-93,IPS,Ipswich Town,6,8
1992-93,IPS,Ipswich Town,7,9
1992-93,IPS,Ipswich Town,8,12
1992-93,IPS,Ipswich Town,9,12
1992-93,IPS,Ipswich Town,10,13
1992-93,IPS,Ipswich Town,11,16
1992-93,IPS,Ipswich Town,12,16
1992-93,IPS,Ipswich Town,13,17
1992-93,IPS,Ipswich Town,14,20
1992-93,IPS,Ipswich Town,15,21
1992-93,IPS,Ipswich Town,16,22
1992-93,IPS,Ipswich Town,17,25
1992-93,IPS,Ipswich Town,18,26
1992-93,IPS,Ipswich Town,19,29
1992-93,IPS,Ipswich Town,20,32
1992-93,IPS,Ipswich Town,21,33
1992-93,IPS,Ipswich Town,22,36
1992-93,IPS,Ipswich Town,23,36
1992-93,IPS,Ipswich Town,24,36
1992-93,IPS,Ipswich Town,25,39
1992-93,IPS,Ipswich Town,26,42
1992-93,IPS,Ipswich Town,27,42
1992-93,IPS,Ipswich Town,28,43
1992-93,IPS,Ipswich Town,29,44
1992-93,IPS,Ipswich Town,30,44
1992-93,IPS,Ipswich Town,31,44
1992-93,IPS,Ipswich Town,32,44
1992-93,IPS,Ipswich Town,33,44
1992-93,IPS,Ipswich Town,34,45
1992-93,IPS,Ipswich Town,35,45
1992-93,IPS,Ipswich Town,36,45
1992-93,IPS,Ipswich Town,37,46
1992-93,IPS,Ipswich Town,38,46
1992-93,IPS,Ipswich Town,39,46
1992-93,IPS,Ipswich Town,40,49
1992-93,IPS,Ipswich Town,41,49
1992-93,IPS,Ipswich Town,42,52
1992-93,LEE,Leeds United,1,3
1992-93,LEE,Leeds United,2,4
1992-93,LEE,Leeds United,3,4
1992-93,LEE,Leeds United,4,7
1992-93,LEE,Leeds United,5,8
1992-93,LEE,Leeds United,6,9
1992-93,LEE,Leeds United,7,9
1992-93,LEE,Leeds United,8,10
1992-93,LEE,Leeds United,9,11
1992-93,LEE,Leeds United,10,14
1992-93,LEE,Leeds United,11,14
1992-93,LEE,Leeds United,12,17
1992-93,LEE,Leeds United,13,17
1992-93,LEE,Leeds United,14,18
1992-93,LEE,Leeds United,15,18
1992-93,LEE,Leeds United,16,21
1992-93,LEE,Leeds United,17,21
1992-93,LEE,Leeds United,18,21
1992-93,LEE,Leeds United,19,24
1992-93,LEE,Leeds United,20,24
1992-93,LEE,Leeds United,21,24
1992-93,LEE,Leeds United,22,25
1992-93,LEE,Leeds United,23,28
1992-93,LEE,Leeds United,24,28
1992-93,LEE,Leeds United,25,31
1992-93,LEE,Leeds United,26,31
1992-93,LEE,Leeds United,27,32
1992-93,LEE,Leeds United,28,35
1992-93,LEE,Leeds United,29,35
1992-93,LEE,Leeds United,30,36
1992-93,LEE,Leeds United,31,39
1992-93,LEE,Leeds United,32,42
1992-93,LEE,Leeds United,33,43
1992-93,LEE,Leeds United,34,44
1992-93,LEE,Leeds United,35,44
1992-93,LEE,Leeds United,36,47
1992-93,LEE,Leeds United,37,47
1992-93,LEE,Leeds United,38,48
1992-93,LEE,Leeds United,39,48
1992-93,LEE,Leeds United,40,49
1992-93,LEE,Leeds United,41,50
1992-93,LEE,Leeds United,42,51
1992-93,LIV,Liverpool,1,0
1992-93,LIV,Liverpool,2,3
1992-93,LIV,Liverpool,3,3
1992-93,LIV,Liverpool,4,4
1992-93,LIV,Liverpool,5,5
1992-93,LIV,Liverpool,6,6
1992-93,LIV,Liverpool,7,9
1992-93,LIV,Liverpool,8,9
1992-93,LIV,Liverpool,9,9
1992-93,LIV,Liverpool,10,9
1992-93,LIV,Liverpool,11,12
1992-93,LIV,Liverpool,12,13
1992-93,LIV,Liverpool,13,16
1992-93,LIV,Liverpool,14,16
1992-93,LIV,Liverpool,15,19
1992-93,LIV,Liverpool,16,22
1992-93,LIV,Liverpool,17,25
1992-93,LIV,Liverpool,18,25
1992-93,LIV,Liverpool,19,28
1992-93,LIV,Liverpool,20,28
1992-93,LIV,Liverpool,21,29
1992-93,LIV,Liverpool,22,29
1992-93,LIV,Liverpool,23,29
1992-93,LIV,Liverpool,24,32
1992-93,LIV,Liverpool,25,33
1992-93,LIV,Liverpool,26,34
1992-93,LIV,Liverpool,27,34
1992-93,LIV,Liverpool,28,35
1992-93,LIV,Liverpool,29,36
1992-93,LIV,Liverpool,30,36
1992-93,LIV,Liverpool,31,39
1992-93,LIV,Liverpool,32,42
1992-93,LIV,Liverpool,33,45
1992-93,LIV,Liverpool,34,46
1992-93,LIV,Liverpool,35,46
1992-93,LIV,Liverpool,36,49
1992-93,LIV,Liverpool,37,50
1992-93,LIV,Liverpool,38,53
1992-93,LIV,Liverpool,39,56
1992-93,LIV,Liverpool,40,56
1992-93,LIV,Liverpool,41,56
1992-93,LIV,Liverpool,42,59
1992-93,MCI,Manchester City,1,1
1992-93,MCI,Manchester City,2,1
1992-93,MCI,Manchester City,3,1
1992-93,MCI,Manchester City,4,4
1992-93,MCI,Manchester City,5,5
1992-93,MCI,Manchester City,6,8
1992-93,MCI,Manchester City,7,11
1992-93,MCI,Manchester City,8,11
1992-93,MCI,Manchester City,9,11
1992-93,MCI,Manchester City,10,11
1992-93,MCI,Manchester City,11,12
1992-93,MCI,Manchester City,12,13
1992-93,MCI,Manchester City,13,16
1992-93,MCI,Manchester City,14,19
1992-93,MCI,Manchester City,15,22
1992-93,MCI,Manchester City,16,25
1992-93,MCI,Manchester City,17,25
1992-93,MCI,Manchester City,18,25
1992-93,MCI,Manchester City,19,25
1992-93,MCI,Manchester City,20,26
1992-93,MCI,Manchester City,21,29
1992-93,MCI,Manchester City,22,30
1992-93,MCI,Manchester City,23,33
1992-93,MCI,Manchester City,24,33
1992-93,MCI,Manchester City,25,36
1992-93,MCI,Manchester City,26,39
1992-93,MCI,Manchester City,27,40
1992-93,MCI,Manchester City,28,40
1992-93,MCI,Manchester City,29,40
1992-93,MCI,Manchester City,30,43
1992-93,MCI,Manchester City,31,46
1992-93,MCI,Manchester City,32,46
1992-93,MCI,Manchester City,33,47
1992-93,MCI,Manchester City,34,47
1992-93,MCI,Manchester City,35,50
1992-93,MCI,Manchester City,36,51
1992-93,MCI,Manchester City,37,52
1992-93,MCI,Manchester City,38,52
1992-93,MCI,Manchester City,39,53
1992-93,MCI,Manchester City,40,56
1992-93,MCI,Manchester City,41,57
1992-93,MCI,Manchester City,42,57
1992-93,MID,Middlesbrough,1,0
1992-93,MID,Middlesbrough,2,3
1992-93,MID,Middlesbrough,3,6
1992-93,MID,Middlesbrough,4,6
1992-93,MID,Middlesbrough,5,7
1992-93,MID,Middlesbrough,6,10
1992-93,MID,Middlesbrough,7,13
1992-93,MID,Middlesbrough,8,14
1992-93,MID,Middlesbrough,9,14
1992-93,MID,Middlesbrough,10,15
1992-93,MID,Middlesbrough,11,16
1992-93,MID,Middlesbrough,12,16
1992-93,MID,Middlesbrough,13,17
1992-93,MID,Middlesbrough,14,18
1992-93,MID,Middlesbrough,15,18
1992-93,MID,Middlesbrough,16,21
1992-93,MID,Middlesbrough,17,21
1992-93,MID,Middlesbrough,18,24
1992-93,MID,Middlesbrough,19,25
1992-93,MID,Middlesbrough,20,26
1992-93,MID,Middlesbrough,21,27
1992-93,MID,Middlesbrough,22,27
1992-93,MID,Middlesbrough,23,27
1992-93,MID,Middlesbrough,24,27
1992-93,MID,Middlesbrough,25,30
1992-93,MID,Middlesbrough,26,30
1992-93,MID,Middlesbrough,27,30
1992-93,MID,Middlesbrough,28,30
1992-93,MID,Middlesbrough,29,30
1992-93,MID,Middlesbrough,30,30
1992-93,MID,Middlesbrough,31,33
1992-93,MID,Middlesbrough,32,33
1992-93,MID,Middlesbrough,33,33
1992-93,MID,Middlesbrough,34,34
1992-93,MID,Middlesbrough,35,34
1992-93,MID,Middlesbrough,36,34
1992-93,MID,Middlesbrough,37,37
1992-93,MID,Middlesbrough,38,37
1992-93,MID,Middlesbrough,39,37
1992-93,MID,Middlesbrough,40,40
1992-93,MID,Middlesbrough,41,43
1992-93,MID,Middlesbrough,42,44
1992-93,MUN,Manchester United,1,0
1992-93,MUN,Manchester United,2,0
1992-93,MUN,Manchester United,3,1
1992-93,MUN,Manchester United,4,4
1992-93,MUN,Manchester United,5,7
1992-93,MUN,Manchester United,6,10
1992-93,MUN,Manchester United,7,13
1992-93,MUN,Manchester United,8,16
1992-93,MUN,Manchester United,9,17
1992-93,MUN,Manchester United,10,18
1992-93,MUN,Manchester United,11,19
1992-93,MUN,Manchester United,12,20
1992-93,MUN,Manchester United,13,21
1992-93,MUN,Manchester United,14,21
1992-93,MUN,Manchester United,15,21
1992-93,MUN,Manchester United,16,24
1992-93,MUN,Manchester United,17,27
1992-93,MUN,Manchester United,18,30
1992-93,MUN,Manchester United,19,33
1992-93,MUN,Manchester United,20,34
1992-93,MUN,Manchester United,21,35
1992-93,MUN,Manchester United,22,38
1992-93,MUN,Manchester United,23,41
1992-93,MUN,Manchester United,24,44
1992-93,MUN,Manchester United,25,47
1992-93,MUN,Manchester United,26,47
1992-93,MUN,Manchester United,27,50
1992-93,MUN,Manchester United,28,51
1992-93,MUN,Manchester United,29,54
1992-93,MUN,Manchester United,30,57
1992-93,MUN,Manchester United,31,60
1992-93,MUN,Manchester United,32,60
1992-93,MUN,Manchester United,33,61
1992-93,MUN,Manchester United,34,62
1992-93,MUN,Manchester United,35,63
1992-93,MUN,Manchester United,36,66
1992-93,MUN,Manchester United,37,69
1992-93,MUN,Manchester United,38,72
1992-93,MUN,Manchester United,39,75
1992-93,MUN,Manchester United,40,78
1992-93,MUN,Manchester United,41,81
1992-93,MUN,Manchester United,42,84
1992-93,NFO,Nottingham Forest,1,3
1992-93,NFO,Nottingham Forest,2,3
1992-93,NFO,Nottingham Forest,3,3
1992-93,NFO,Nottingham Forest,4,3
1992-93,NFO,Nottingham Forest,5,3
1992-93,NFO,Nottingham Forest,6,3
1992-93,NFO,Nottingham Forest,7,3
1992-93,NFO,Nottingham Forest,8,4
1992-93,NFO,Nottingham Forest,9,5
1992-93,NFO,Nottingham Forest,10,6
1992-93,NFO,Nottingham Forest,11,6
1992-93,NFO,Nottingham Forest,12,9
1992-93,NFO,Nottingham Forest,13,10
1992-93,NFO,Nottingham Forest,14,10
1992-93,NFO,Nottingham Forest,15,10
1992-93,NFO,Nottingham Forest,16,11
1992-93,NFO,Nottingham Forest,17,11
1992-93,NFO,Nottingham Forest,18,14
1992-93,NFO,Nottingham Forest,19,14
1992-93,NFO,Nottingham Forest,20,15
1992-93,NFO,Nottingham Forest,21,15
1992-93,NFO,Nottingham Forest,22,18
1992-93,NFO,Nottingham Forest,23,21
1992-93,NFO,Nottingham Forest,24,21
1992-93,NFO,Nottingham Forest,25,24
1992-93,NFO,Nottingham Forest,26,25
1992-93,NFO,Nottingham Forest,27,28
1992-93,NFO,Nottingham Forest,28,31
1992-93,NFO,Nottingham Forest,29,31
1992-93,NFO,Nottingham Forest,30,32
1992-93,NFO,Nottingham Forest,31,32
1992-93,NFO,Nottingham Forest,32,32
1992-93,NFO,Nottingham Forest,33,33
1992-93,NFO,Nottingham Forest,34,36
1992-93,NFO,Nottingham Forest,35,36
1992-93,NFO,Nottingham Forest,36,36
1992-93,NFO,Nottingham Forest,37,36
1992-93,NFO,Nottingham Forest,38,39
1992-93,NFO,Nottingham Forest,39,39
1992-93,NFO,Nottingham Forest,40,40
1992-93,NFO,Nottingham Forest,41,40
1992-93,NFO,Nottingham Forest,42,40
1992-93,NOR,Norwich City,1,3
1992-93,NOR,Norwich City,2,6
1992-93,NOR,Norwich City,3,7
1992-93,NOR,Norwich City,4,7
1992-93,NOR,Norwich City,5,10
1992-93,NOR,Norwich City,6,13
1992-93,NOR,Norwich City,7,16
1992-93,NOR,Norwich City,8,19
1992-93,NOR,Norwich City,9,22
1992-93,NOR,Norwich City,10,23
1992-93,NOR,Norwich City,11,23
1992-93,NOR,Norwich City,12,26
1992-93,NOR,Norwich City,13,26
1992-93,NOR,Norwich City,14,27
1992-93,NOR,Norwich City,15,30
1992-93,NOR,Norwich City,16,33
1992-93,NOR,Norwich City,17,36
1992-93,NOR,Norwich City,18,39
1992-93,NOR,Norwich City,19,39
1992-93,NOR,Norwich City,20,39
1992-93,NOR,Norwich City,21,40
1992-93,NOR,Norwich City,22,41
1992-93,NOR,Norwich City,23,41
1992-93,NOR,Norwich City,24,42
1992-93,NOR,Norwich City,25,45
1992-93,NOR,Norwich City,26,48
1992-93,NOR,Norwich City,27,48
1992-93,NOR,Norwich City,28,51
1992-93,NOR,Norwich City,29,52
1992-93,NOR,Norwich City,30,53
1992-93,NOR,Norwich City,31,53
1992-93,NOR,Norwich City,32,56
1992-93,NOR,Norwich City,33,59
1992-93,NOR,Norwich City,34,62
1992-93,NOR,Norwich City,35,62
1992-93,NOR,Norwich City,36,65
1992-93,NOR,Norwich City,37,65
1992-93,NOR,Norwich City,38,65
1992-93,NOR,Norwich City,39,68
1992-93,NOR,Norwich City,40,68
1992-93,NOR,Norwich City,41,71
1992-93,NOR,Norwich City,42,72
1992-93,OLD,Oldham Athletic,1,1
1992-93,OLD,Oldham Athletic,2,2
1992-93,OLD,Oldham Athletic,3,5
1992-93,OLD,Oldham Athletic,4,5
1992-93,OLD,Oldham Athletic,5,6
1992-93,OLD,Oldham Athletic,6,7
1992-93,OLD,Oldham Athletic,7,7
1992-93,OLD,Oldham Athletic,8,8
1992-93,OLD,Oldham Athletic,9,11
1992-93,OLD,Oldham Athletic,10,11
1992-93,OLD,Oldham Athletic,11,14
1992-93,OLD,Oldham Athletic,12,14
1992-93,OLD,Oldham Athletic,13,15
1992-93,OLD,Oldham Athletic,14,15
1992-93,OLD,Oldham Athletic,15,15
1992-93,OLD,Oldham Athletic,16,15
1992-93,OLD,Oldham Athletic,17,18
1992-93,OLD,Oldham Athletic,18,18
1992-93,OLD,Oldham Athletic,19,18
1992-93,OLD,Oldham Athletic,20,21
1992-93,OLD,Oldham Athletic,21,24
1992-93,OLD,Oldham Athletic,22,24
1992-93,OLD,Oldham Athletic,23,24
1992-93,OLD,Oldham Athletic,24,24
1992-93,OLD,Oldham Athletic,25,24
1992-93,OLD,Oldham Athletic,26,27
1992-93,OLD,Oldham Athletic,27,27
1992-93,OLD,Oldham Athletic,28,27
1992-93,OLD,Oldham Athletic,29,27
1992-93,OLD,Oldham Athletic,30,28
1992-93,OLD,Oldham Athletic,31,31
1992-93,OLD,Oldham Athletic,32,31
1992-93,OLD,Oldham Athletic,33,32
1992-93,OLD,Oldham Athletic,34,35
1992-93,OLD,Oldham Athletic,35,38
1992-93,OLD,Oldham Athletic,36,39
1992-93,OLD,Oldham Athletic,37,39
1992-93,OLD,Oldham Athletic,38,40
1992-93,OLD,Oldham Athletic,39,40
1992-93,OLD,Oldham Athletic,40,43
1992-93,OLD,Oldham Athletic,41,46
1992-93,OLD,Oldham Athletic,42,49
1992-93,QPR,Queens Park Rangers,1,1
1992-93,QPR,Queens Park Rangers,2,4
1992-93,QPR,Queens Park Rangers,3,7
1992-93,QPR,Queens Park Rangers,4,10
1992-93,QPR,Queens Park Rangers,5,10
1992-93,QPR,Queens Park Rangers,6,11
1992-93,QPR,Queens Park Rangers,7,12
1992-93,QPR,Queens Park Rangers,8,15
1992-93,QPR,Queens Park Rangers,9,16
1992-93,QPR,Queens Park Rangers,10,17
1992-93,QPR,Queens Park Rangers,11,20
1992-93,QPR,Queens Park Rangers,12,20
1992-93,QPR,Queens Park Rangers,13,23
1992-93,QPR,Queens Park Rangers,14,23
1992-93,QPR,Queens Park Rangers,15,26
1992-93,QPR,Queens Park Rangers,16,26
1992-93,QPR,Queens Park Rangers,17,26
1992-93,QPR,Queens Park Rangers,18,29
1992-93,QPR,Queens Park Rangers,19,29
1992-93,QPR,Queens Park Rangers,20,29
1992-93,QPR,Queens Park Rangers,21,32
1992-93,QPR,Queens Park Rangers,22,35
1992-93,QPR,Queens Park Rangers,23,35
1992-93,QPR,Queens Park Rangers,24,36
1992-93,QPR,Queens Park Rangers,25,39
1992-93,QPR,Queens Park Rangers,26,40
1992-93,QPR,Queens Park Rangers,27,41
1992-93,QPR,Queens Park Rangers,28,44
1992-93,QPR,Queens Park Rangers,29,44
1992-93,QPR,Queens Park Rangers,30,44
1992-93,QPR,Queens Park Rangers,31,47
1992-93,QPR,Queens Park Rangers,32,47
1992-93,QPR,Queens Park Rangers,33,47
1992-93,QPR,Queens Park Rangers,34,48
1992-93,QPR,Queens Park Rangers,35,48
1992-93,QPR,Queens Park Rangers,36,49
1992-93,QPR,Queens Park Rangers,37,52
1992-93,QPR,Queens Park Rangers,38,55
1992-93,QPR,Queens Park Rangers,39,56
1992-93,QPR,Queens Park Rangers,40,57
1992-93,QPR,Queens Park Rangers,41,60
1992-93,QPR,Queens Park Rangers,42,63
1992-93,SHU,Sheffield United,1,3
1992-93,SHU,Sheffield United,2,3
1992-93,SHU,Sheffield United,3,3
1992-93,SHU,Sheffield United,4,4
1992-93,SHU,Sheffield United,5,4
1992-93,SHU,Sheffield United,6,4
1992-93,SHU,Sheffield United,7,4
1992-93,SHU,Sheffield United,8,7
1992-93,SHU,Sheffield United,9,8
1992-93,SHU,Sheffield United,10,9
1992-93,SHU,Sheffield United,11,12
1992-93,SHU,Sheffield United,12,12
1992-93,SHU,Sheffield United,13,13
1992-93,SHU,Sheffield United,14,16
1992-93,SHU,Sheffield United,15,17
1992-93,SHU,Sheffield United,16,17
1992-93,SHU,Sheffield United,17,18
1992-93,SHU,Sheffield United,18,18
1992-93,SHU,Sheffield United,19,21
1992-93,SHU,Sheffield United,20,21
1992-93,SHU,Sheffield United,21,21
1992-93,SHU,Sheffield United,22,22
1992-93,SHU,Sheffield United,23,25
1992-93,SHU,Sheffield United,24,25
1992-93,SHU,Sheffield United,25,25
1992-93,SHU,Sheffield United,26,25
1992-93,SHU,Sheffield United,27,28
1992-93,SHU,Sheffield United,28,28
1992-93,SHU,Sheffield United,29,31
1992-93,SHU,Sheffield United,30,31
1992-93,SHU,Sheffield United,31,34
1992-93,SHU,Sheffield United,32,34
1992-93,SHU,Sheffield United,33,34
1992-93,SHU,Sheffield United,34,37
1992-93,SHU,Sheffield United,35,40
1992-93,SHU,Sheffield United,36,41
1992-93,SHU,Sheffield United,37,42
1992-93,SHU,Sheffield United,38,42
1992-93,SHU,Sheffield United,39,43
1992-93,SHU,Sheffield United,40,46
1992-93,SHU,Sheffield United,41,49
1992-93,SHU,Sheffield United,42,52
1992-93,SHW,Sheffield Wednesday,1,1
1992-93,SHW,Sheffield Wednesday,2,4
1992-93,SHW,Sheffield Wednesday,3,5
1992-93,SHW,Sheffield Wednesday,4,6
1992-93,SHW,Sheffield Wednesday,5,6
1992-93,SHW,Sheffield Wednesday,6,6
1992-93,SHW,Sheffield Wednesday,7,6
1992-93,SHW,Sheffield Wednesday,8,9
1992-93,SHW,Sheffield Wednesday,9,9
1992-93,SHW,Sheffield Wednesday,10,12
1992-93,SHW,Sheffield Wednesday,11,12
1992-93,SHW,Sheffield Wednesday,12,15
1992-93,SHW,Sheffield Wednesday,13,16
1992-93,SHW,Sheffield Wednesday,14,17
1992-93,SHW,Sheffield Wednesday,15,18
1992-93,SHW,Sheffield Wednesday,16,19
1992-93,SHW,Sheffield Wednesday,17,20
1992-93,SHW,Sheffield Wednesday,18,20
1992-93,SHW,Sheffield Wednesday,19,20
1992-93,SHW,Sheffield Wednesday,20,23
1992-93,SHW,Sheffield Wednesday,21,24
1992-93,SHW,Sheffield Wednesday,22,27
1992-93,SHW,Sheffield Wednesday,23,30
1992-93,SHW,Sheffield Wednesday,24,33
1992-93,SHW,Sheffield Wednesday,25,36
1992-93,SHW,Sheffield Wednesday,26,39
1992-93,SHW,Sheffield Wednesday,27,42
1992-93,SHW,Sheffield Wednesday,28,45
1992-93,SHW,Sheffield Wednesday,29,46
1992-93,SHW,Sheffield Wednesday,30,46
1992-93,SHW,Sheffield Wednesday,31,49
1992-93,SHW,Sheffield Wednesday,32,49
1992-93,SHW,Sheffield Wednesday,33,50
1992-93,SHW,Sheffield Wednesday,34,51
1992-93,SHW,Sheffield Wednesday,35,51
1992-93,SHW,Sheffield Wednesday,36,54
1992-93,SHW,Sheffield Wednesday,37,55
1992-93,SHW,Sheffield Wednesday,38,55
1992-93,SHW,Sheffield Wednesday,39,56
1992-93,SHW,Sheffield Wednesday,40,59
1992-93,SHW,Sheffield Wednesday,41,59
1992-93,SHW,Sheffield Wednesday,42,59
1992-93,SOU,Southampton,1,1
1992-93,SOU,Southampton,2,1
1992-93,SOU,Southampton,3,2
1992-93,SOU,Southampton,4,2
1992-93,SOU,Southampton,5,5
1992-93,SOU,Southampton,6,6
1992-93,SOU,Southampton,7,6
1992-93,SOU,Southampton,8,6
1992-93,SOU,Southampton,9,7
1992-93,SOU,Southampton,10,10
1992-93,SOU,Southampton,11,10
1992-93,SOU,Southampton,12,11
1992-93,SOU,Southampton,13,11
1992-93,SOU,Southampton,14,14
1992-93,SOU,Southampton,15,15
1992-93,SOU,Southampton,16,16
1992-93,SOU,Southampton,17,19
1992-93,SOU,Southampton,18,22
1992-93,SOU,Southampton,19,23
1992-93,SOU,Southampton,20,23
1992-93,SOU,Southampton,21,24
1992-93,SOU,Southampton,22,24
1992-93,SOU,Southampton,23,24
1992-93,SOU,Southampton,24,27
1992-93,SOU,Southampton,25,27
1992-93,SOU,Southampton,26,30
1992-93,SOU,Southampton,27,30
1992-93,SOU,Southampton,28,33
1992-93,SOU,Southampton,29,36
1992-93,SOU,Southampton,30,36
1992-93,SOU,Southampton,31,39
1992-93,SOU,Southampton,32,42
1992-93,SOU,Southampton,33,43
1992-93,SOU,Southampton,34,46
1992-93,SOU,Southampton,35,46
1992-93,SOU,Southampton,36,46
1992-93,SOU,Southampton,37,46
1992-93,SOU,Southampton,38,49
1992-93,SOU,Southampton,39,49
1992-93,SOU,Southampton,40,50
1992-93,SOU,Southampton,41,50
1992-93,SOU,Southampton,42,50
1992-93,TOT,Tottenham Hotspur,1,1
1992-93,TOT,Tottenham Hotspur,2,1
1992-93,TOT,Tottenham Hotspur,3,2
1992-93,TOT,Tottenham Hotspur,4,2
1992-93,TOT,Tottenham Hotspur,5,3
1992-93,TOT,Tottenham Hotspur,6,6
1992-93,TOT,Tottenham Hotspur,7,9
1992-93,TOT,Tottenham Hotspur,8,9
1992-93,TOT,Tottenham Hotspur,9,10
1992-93,TOT,Tottenham Hotspur,10,10
1992-93,TOT,Tottenham Hotspur,11,10
1992-93,TOT,Tottenham Hotspur,12,11
1992-93,TOT,Tottenham Hotspur,13,12
1992-93,TOT,Tottenham Hotspur,14,15
1992-93,TOT,Tottenham Hotspur,15,18
1992-93,TOT,Tottenham Hotspur,16,19
1992-93,TOT,Tottenham Hotspur,17,22
1992-93,TOT,Tottenham Hotspur,18,22
1992-93,TOT,Tottenham Hotspur,19,25
1992-93,TOT,Tottenham Hotspur,20,25
1992-93,TOT,Tottenham Hotspur,21,26
1992-93,TOT,Tottenham Hotspur,22,29
1992-93,TOT,Tottenham Hotspur,23,29
1992-93,TOT,Tottenham Hotspur,24,29
1992-93,TOT,Tottenham Hotspur,25,29
1992-93,TOT,Tottenham Hotspur,26,32
1992-93,TOT,Tottenham Hotspur,27,35
1992-93,TOT,Tottenham Hotspur,28,38
1992-93,TOT,Tottenham Hotspur,29,41
1992-93,TOT,Tottenham Hotspur,30,44
1992-93,TOT,Tottenham Hotspur,31,44
1992-93,TOT,Tottenham Hotspur,32,45
1992-93,TOT,Tottenham Hotspur,33,46
1992-93,TOT,Tottenham Hotspur,34,49
1992-93,TOT,Tottenham Hotspur,35,52
1992-93,TOT,Tottenham Hotspur,36,52
1992-93,TOT,Tottenham Hotspur,37,55
1992-93,TOT,Tottenham Hotspur,38,55
1992-93,TOT,Tottenham Hotspur,39,56
1992-93,TOT,Tottenham Hotspur,40,56
1992-93,TOT,Tottenham Hotspur,41,56
1992-93,TOT,Tottenham Hotspur,42,59
1992-93,WIM,Wimbledon,1,0
1992-93,WIM,Wimbledon,2,0
1992-93,WIM,Wimbledon,3,0
1992-93,WIM,Wimbledon,4,1
1992-93,WIM,Wimbledon,5,2
1992-93,WIM,Wimbledon,6,2
1992-93,WIM,Wimbledon,7,5
1992-93,WIM,Wimbledon,8,5
1992-93,WIM,Wimbledon,9,6
1992-93,WIM,Wimbledon,10,9
1992-93,WIM,Wimbledon,11,9
1992-93,WIM,Wimbledon,12,10
1992-93,WIM,Wimbledon,13,11
1992-93,WIM,Wimbledon,14,14
1992-93,WIM,Wimbledon,15,14
1992-93,WIM,Wimbledon,16,14
1992-93,WIM,Wimbledon,17,15
1992-93,WIM,Wimbledon,18,15
1992-93,WIM,Wimbledon,19,18
1992-93,WIM,Wimbledon,20,19
1992-93,WIM,Wimbledon,21,19
1992-93,WIM,Wimbledon,22,20
1992-93,WIM,Wimbledon,23,21
1992-93,WIM,Wimbledon,24,24
1992-93,WIM,Wimbledon,25,24
1992-93,WIM,Wimbledon,26,27
1992-93,WIM,Wimbledon,27,30
1992-93,WIM,Wimbledon,28,33
1992-93,WIM,Wimbledon,29,36
1992-93,WIM,Wimbledon,30,36
1992-93,WIM,Wimbledon,31,36
1992-93,WIM,Wimbledon,32,39
1992-93,WIM,Wimbledon,33,42
1992-93,WIM,Wimbledon,34,45
1992-93,WIM,Wimbledon,35,46
1992-93,WIM,Wimbledon,36,46
1992-93,WIM,Wimbledon,37,49
1992-93,WIM,Wimbledon,38,49
1992-93,WIM,Wimbledon,39,52
1992-93,WIM,Wimbledon,40,53
1992-93,WIM,Wimbledon,41,54
1992-93,WIM,Wimbledon,42,54
1993-94,ARS,Arsenal,1,0
1993-94,ARS,Arsenal,2,3
1993-94,ARS,Arsenal,3,6
1993-94,ARS,Arsenal,4,9
1993-94,ARS,Arsenal,5,12
1993-94,ARS,Arsenal,6,13
1993-94,ARS,Arsenal,7,16
1993-94,ARS,Arsenal,8,16
1993-94,ARS,Arsenal,9,19
1993-94,ARS,Arsenal,10,20
1993-94,ARS,Arsenal,11,21
1993-94,ARS,Arsenal,12,22
1993-94,ARS,Arsenal,13,23
1993-94,ARS,Arsenal,14,23
1993-94,ARS,Arsenal,15,26
1993-94,ARS,Arsenal,16,27
1993-94,ARS,Arsenal,17,30
1993-94,ARS,Arsenal,18,30
1993-94,ARS,Arsenal,19,31
1993-94,ARS,Arsenal,20,34
1993-94,ARS,Arsenal,21,34
1993-94,ARS,Arsenal,22,37
1993-94,ARS,Arsenal,23,40
1993-94,ARS,Arsenal,24,43
1993-94,ARS,Arsenal,25,44
1993-94,ARS,Arsenal,26,45
1993-94,ARS,Arsenal,27,46
1993-94,ARS,Arsenal,28,47
1993-94,ARS,Arsenal,29,48
1993-94,ARS,Arsenal,30,51
1993-94,ARS,Arsenal,31,54
1993-94,ARS,Arsenal,32,57
1993-94,ARS,Arsenal,33,58
1993-94,ARS,Arsenal,34,61
1993-94,ARS,Arsenal,35,62
1993-94,ARS,Arsenal,36,63
1993-94,ARS,Arsenal,37,66
1993-94,ARS,Arsenal,38,67
1993-94,ARS,Arsenal,39,70
1993-94,ARS,Arsenal,40,71
1993-94,ARS,Arsenal,41,71
1993-94,ARS,Arsenal,42,71
1993-94,AVL,Aston Villa,1,3
1993-94,AVL,Aston Villa,2,4
1993-94,AVL,Aston Villa,3,5
1993-94,AVL,Aston Villa,4,5
1993-94,AVL,Aston Villa,5,8
1993-94,AVL,Aston Villa,6,11
1993-94,AVL,Aston Villa,7,12
1993-94,AVL,Aston Villa,8,15
1993-94,AVL,Aston Villa,9,16
1993-94,AVL,Aston Villa,10,16
1993-94,AVL,Aston Villa,11,17
1993-94,AVL,Aston Villa,12,20
1993-94,AVL,Aston Villa,13,23
1993-94,AVL,Aston Villa,14,26
1993-94,AVL,Aston Villa,15,29
1993-94,AVL,Aston Villa,16,29
1993-94,AVL,Aston Villa,17,29
1993-94,AVL,Aston Villa,18,30
1993-94,AVL,Aston Villa,19,31
1993-94,AVL,Aston Villa,20,31
1993-94,AVL,Aston Villa,21,31
1993-94,AVL,Aston Villa,22,34
1993-94,AVL,Aston Villa,23,34
1993-94,AVL,Aston Villa,24,37
1993-94,AVL,Aston Villa,25,38
1993-94,AVL,Aston Villa,26,41
1993-94,AVL,Aston Villa,27,44
1993-94,AVL,Aston Villa,28,45
1993-94,AVL,Aston Villa,29,46
1993-94,AVL,Aston Villa,30,49
1993-94,AVL,Aston Villa,31,49
1993-94,AVL,Aston Villa,32,49
1993-94,AVL,Aston Villa,33,49
1993-94,AVL,Aston Villa,34,50
1993-94,AVL,Aston Villa,35,50
1993-94,AVL,Aston Villa,36,51
1993-94,AVL,Aston Villa,37,51
1993-94,AVL,Aston Villa,38,54
1993-94,AVL,Aston Villa,39,54
1993-94,AVL,Aston Villa,40,54
1993-94,AVL,Aston Villa,41,54
1993-94,AVL,Aston Villa,42,57
1993-94,BLA,Blackburn Rovers,1,3
1993-94,BLA,Blackburn Rovers,2,3
1993-94,BLA,Blackburn Rovers,3,6
1993-94,BLA,Blackburn Rovers,4,9
1993-94,BLA,Blackburn Rovers,5,10
1993-94,BLA,Blackburn Rovers,6,11
1993-94,BLA,Blackburn Rovers,7,14
1993-94,BLA,Blackburn Rovers,8,14
1993-94,BLA,Blackburn Rovers,9,15
1993-94,BLA,Blackburn Rovers,10,18
1993-94,BLA,Blackburn Rovers,11,19
1993-94,BLA,Blackburn Rovers,12,20
1993-94,BLA,Blackburn Rovers,13,23
1993-94,BLA,Blackburn Rovers,14,23
1993-94,BLA,Blackburn Rovers,15,26
1993-94,BLA,Blackburn Rovers,16,29
1993-94,BLA,Blackburn Rovers,17,29
1993-94,BLA,Blackburn Rovers,18,32
1993-94,BLA,Blackburn Rovers,19,35
1993-94,BLA,Blackburn Rovers,20,38
1993-94,BLA,Blackburn Rovers,21,39
1993-94,BLA,Blackburn Rovers,22,42
1993-94,BLA,Blackburn Rovers,23,45
1993-94,BLA,Blackburn Rovers,24,48
1993-94,BLA,Blackburn Rovers,25,51
1993-94,BLA,Blackburn Rovers,26,54
1993-94,BLA,Blackburn Rovers,27,57
1993-94,BLA,Blackburn Rovers,28,60
1993-94,BLA,Blackburn Rovers,29,61
1993-94,BLA,Blackburn Rovers,30,61
1993-94,BLA,Blackburn Rovers,31,64
1993-94,BLA,Blackburn Rovers,32,67
1993-94,BLA,Blackburn Rovers,33,70
1993-94,BLA,Blackburn Rovers,34,70
1993-94,BLA,Blackburn Rovers,35,73
1993-94,BLA,Blackburn Rovers,36,76
1993-94,BLA,Blackburn Rovers,37,79
1993-94,BLA,Blackburn Rovers,38,79
1993-94,BLA,Blackburn Rovers,39,80
1993-94,BLA,Blackburn Rovers,40,83
1993-94,BLA,Blackburn Rovers,41,83
1993-94,BLA,Blackburn Rovers,42,84
1993-94,CHE,Chelsea,1,0
1993-94,CHE,Chelsea,2,1
1993-94,CHE,Chelsea,3,1
1993-94,CHE,Chelsea,4,4
1993-94,CHE,Chelsea,5,5
1993-94,CHE,Chelsea,6,6
1993-94,CHE,Chelsea,7,9
1993-94,CHE,Chelsea,8,10
1993-94,CHE,Chelsea,9,13
1993-94,CHE,Chelsea,10,13
1993-94,CHE,Chelsea,11,13
1993-94,CHE,Chelsea,12,13
1993-94,CHE,Chelsea,13,13
1993-94,CHE,Chelsea,14,13
1993-94,CHE,Chelsea,15,13
1993-94,CHE,Chelsea,16,14
1993-94,CHE,Chelsea,17,14
1993-94,CHE,Chelsea,18,14
1993-94,CHE,Chelsea,19,15
1993-94,CHE,Chelsea,20,15
1993-94,CHE,Chelsea,21,18
1993-94,CHE,Chelsea,22,21
1993-94,CHE,Chelsea,23,24
1993-94,CHE,Chelsea,24,25
1993-94,CHE,Chelsea,25,26
1993-94,CHE,Chelsea,26,26
1993-94,CHE,Chelsea,27,26
1993-94,CHE,Chelsea,28,29
1993-94,CHE,Chelsea,29,32
1993-94,CHE,Chelsea,30,35
1993-94,CHE,Chelsea,31,35
1993-94,CHE,Chelsea,32,38
1993-94,CHE,Chelsea,33,38
1993-94,CHE,Chelsea,34,41
1993-94,CHE,Chelsea,35,42
1993-94,CHE,Chelsea,36,43
1993-94,CHE,Chelsea,37,43
1993-94,CHE,Chelsea,38,44
1993-94,CHE,Chelsea,39,47
1993-94,CHE,Chelsea,40,48
1993-94,CHE,Chelsea,41,48
1993-94,CHE,Chelsea,42,51
1993-94,COV,Coventry City,1,3
1993-94,COV,Coventry City,2,6
1993-94,COV,Coventry City,3,7
1993-94,COV,Coventry City,4,8
1993-94,COV,Coventry City,5,9
1993-94,COV,Coventry City,6,12
1993-94,COV,Coventry City,7,13
1993-94,COV,Coventry City,8,14
1993-94,COV,Coventry City,9,14
1993-94,COV,Coventry City,10,14
1993-94,COV,Coventry City,11,15
1993-94,COV,Coventry City,12,15
1993-94,COV,Coventry City,13,16
1993-94,COV,Coventry City,14,19
1993-94,COV,Coventry City,15,20
1993-94,COV,Coventry City,16,20
1993-94,COV,Coventry City,17,20
1993-94,COV,Coventry City,18,23
1993-94,COV,Coventry City,19,23
1993-94,COV,Coventry City,20,24
1993-94,COV,Coventry City,21,27
1993-94,COV,Coventry City,22,30
1993-94,COV,Coventry City,23,31
1993-94,COV,Coventry City,24,31
1993-94,COV,Coventry City,25,31
1993-94,COV,Coventry City,26,34
1993-94,COV,Coventry City,27,34
1993-94,COV,Coventry City,28,35
1993-94,COV,Coventry City,29,38
1993-94,COV,Coventry City,30,38
1993-94,COV,Coventry City,31,38
1993-94,COV,Coventry City,32,38
1993-94,COV,Coventry City,33,38
1993-94,COV,Coventry City,34,41
1993-94,COV,Coventry City,35,41
1993-94,COV,Coventry City,36,44
1993-94,COV,Coventry City,37,47
1993-94,COV,Coventry City,38,48
1993-94,COV,Coventry City,39,49
1993-94,COV,Coventry City,40,52
1993-94,COV,Coventry City,41,55
1993-94,COV,Coventry City,42,56
1993-94,EVE,Everton,1,3
1993-94,EVE,Everton,2,6
1993-94,EVE,Everton,3,9
1993-94,EVE,Everton,4,9
1993-94,EVE,Everton,5,9
1993-94,EVE,Everton,6,9
1993-94,EVE,Everton,7,12
1993-94,EVE,Everton,8,15
1993-94,EVE,Everton,9,15
1993-94,EVE,Everton,10,15
1993-94,EVE,Everton,11,16
1993-94,EVE,Everton,12,16
1993-94,EVE,Everton,13,19
1993-94,EVE,Everton,14,19
1993-94,EVE,Everton,15,19
1993-94,EVE,Everton,16,20
1993-94,EVE,Everton,17,21
1993-94,EVE,Everton,18,24
1993-94,EVE,Everton,19,24
1993-94,EVE,Everton,20,25
1993-94,EVE,Everton,21,25
1993-94,EVE,Everton,22,25
1993-94,EVE,Everton,23,25
1993-94,EVE,Everton,24,25
1993-94,EVE,Everton,25,25
1993-94,EVE,Everton,26,28
1993-94,EVE,Everton,27,28
1993-94,EVE,Everton,28,31
1993-94,EVE,Everton,29,32
1993-94,EVE,Everton,30,33
1993-94,EVE,Everton,31,36
1993-94,EVE,Everton,32,36
1993-94,EVE,Everton,33,36
1993-94,EVE,Everton,34,36
1993-94,EVE,Everton,35,37
1993-94,EVE,Everton,36,37
1993-94,EVE,Everton,37,37
1993-94,EVE,Everton,38,40
1993-94,EVE,Everton,39,40
1993-94,EVE,Everton,40,41
1993-94,EVE,Everton,41,41
1993-94,EVE,Everton,42,44
1993-94,IPS,Ipswich Town,1,3
1993-94,IPS,Ipswich Town,2,6
1993-94,IPS,Ipswich Town,3,9
1993-94,IPS,Ipswich Town,4,9
1993-94,IPS,Ipswich Town,5,10
1993-94,IPS,Ipswich Town,6,11
1993-94,IPS,Ipswich Town,7,11
1993-94,IPS,Ipswich Town,8,11
1993-94,IPS,Ipswich Town,9,12
1993-94,IPS,Ipswich Town,10,12
1993-94,IPS,Ipswich Town,11,13
1993-94,IPS,Ipswich Town,12,16
1993-94,IPS,Ipswich Town,13,16
1993-94,IPS,Ipswich Town,14,16
1993-94,IPS,Ipswich Town,15,17
1993-94,IPS,Ipswich Town,16,18
1993-94,IPS,Ipswich Town,17,21
1993-94,IPS,Ipswich Town,18,22
1993-94,IPS,Ipswich Town,19,25
1993-94,IPS,Ipswich Town,20,26
1993-94,IPS,Ipswich Town,21,29
1993-94,IPS,Ipswich Town,22,30
1993-94,IPS,Ipswich Town,23,30
1993-94,IPS,Ipswich Town,24,31
1993-94,IPS,Ipswich Town,25,32
1993-94,IPS,Ipswich Town,26,32
1993-94,IPS,Ipswich Town,27,32
1993-94,IPS,Ipswich Town,28,33
1993-94,IPS,Ipswich Town,29,36
1993-94,IPS,Ipswich Town,30,36
1993-94,IPS,Ipswich Town,31,39
1993-94,IPS,Ipswich Town,32,40
1993-94,IPS,Ipswich Town,33,40
1993-94,IPS,Ipswich Town,34,40
1993-94,IPS,Ipswich Town,35,41
1993-94,IPS,Ipswich Town,36,41
1993-94,IPS,Ipswich Town,37,41
1993-94,IPS,Ipswich Town,38,41
1993-94,IPS,Ipswich Town,39,42
1993-94,IPS,Ipswich Town,40,42
1993-94,IPS,Ipswich Town,41,42
1993-94,IPS,Ipswich Town,42,43
1993-94,LEE,Leeds United,1,1
1993-94,LEE,Leeds United,2,4
1993-94,LEE,Leeds United,3,4
1993-94,LEE,Leeds United,4,4
1993-94,LEE,Leeds United,5,4
1993-94,LEE,Leeds United,6,7
1993-94,LEE,Leeds United,7,10
1993-94,LEE,Leeds United,8,13
1993-94,LEE,Leeds United,9,16
1993-94,LEE,Leeds United,10,19
1993-94,LEE,Leeds United,11,20
1993-94,LEE,Leeds United,12,21
1993-94,LEE,Leeds United,13,22
1993-94,LEE,Leeds United,14,25
1993-94,LEE,Leeds United,15,26
1993-94,LEE,Leeds United,16,27
1993-94,LEE,Leeds United,17,30
1993-94,LEE,Leeds United,18,33
1993-94,LEE,Leeds United,19,36
1993-94,LEE,Leeds United,20,36
1993-94,LEE,Leeds United,21,39
1993-94,LEE,Leeds United,22,40
1993-94,LEE,Leeds United,23,41
1993-94,LEE,Leeds United,24,42
1993-94,LEE,Leeds United,25,43
1993-94,LEE,Leeds United,26,43
1993-94,LEE,Leeds United,27,43
1993-94,LEE,Leeds United,28,46
1993-94,LEE,Leeds United,29,47
1993-94,LEE,Leeds United,30,48
1993-94,LEE,Leeds United,31,49
1993-94,LEE,Leeds United,32,52
1993-94,LEE,Leeds United,33,55
1993-94,LEE,Leeds United,34,55
1993-94,LEE,Leeds United,35,56
1993-94,LEE,Leeds United,36,59
1993-94,LEE,Leeds United,37,62
1993-94,LEE,Leeds United,38,63
1993-94,LEE,Leeds United,39,63
1993-94,LEE,Leeds United,40,66
1993-94,LEE,Leeds United,41,67
1993-94,LEE,Leeds United,42,70
1993-94,LIV,Liverpool,1,3
1993-94,LIV,Liverpool,2,6
1993-94,LIV,Liverpool,3,9
1993-94,LIV,Liverpool,4,9
1993-94,LIV,Liverpool,5,12
1993-94,LIV,Liverpool,6,12
1993-94,LIV,Liverpool,7,12
1993-94,LIV,Liverpool,8,12
1993-94,LIV,Liverpool,9,12
1993-94,LIV,Liverpool,10,13
1993-94,LIV,Liverpool,11,16
1993-94,LIV,Liverpool,12,17
1993-94,LIV,Liverpool,13,20
1993-94,LIV,Liverpool,14,23
1993-94,LIV,Liverpool,15,23
1993-94,LIV,Liverpool,16,26
1993-94,LIV,Liverpool,17,26
1993-94,LIV,Liverpool,18,29
1993-94,LIV,Liverpool,19,30
1993-94,LIV,Liverpool,20,31
1993-94,LIV,Liverpool,21,32
1993-94,LIV,Liverpool,22,33
1993-94,LIV,Liverpool,23,36
1993-94,LIV,Liverpool,24,37
1993-94,LIV,Liverpool,25,40
1993-94,LIV,Liverpool,26,43
1993-94,LIV,Liverpool,27,44
1993-94,LIV,Liverpool,28,44
1993-94,LIV,Liverpool,29,44
1993-94,LIV,Liverpool,30,47
1993-94,LIV,Liverpool,31,47
1993-94,LIV,Liverpool,32,50
1993-94,LIV,Liverpool,33,53
1993-94,LIV,Liverpool,34,53
1993-94,LIV,Liverpool,35,53
1993-94,LIV,Liverpool,36,53
1993-94,LIV,Liverpool,37,54
1993-94,LIV,Liverpool,38,57
1993-94,LIV,Liverpool,39,57
1993-94,LIV,Liverpool,40,60
1993-94,LIV,Liverpool,41,60
1993-94,LIV,Liverpool,42,60
1993-94,MCI,Manchester City,1,1
1993-94,MCI,Manchester City,2,1
1993-94,MCI,Manchester City,3,1
1993-94,MCI,Manchester City,4,1
1993-94,MCI,Manchester City,5,2
1993-94,MCI,Manchester City,6,5
1993-94,MCI,Manchester City,7,8
1993-94,MCI,Manchester City,8,8
1993-94,MCI,Manchester City,9,11
1993-94,MCI,Manchester City,10,12
1993-94,MCI,Manchester City,11,13
1993-94,MCI,Manchester City,12,14
1993-94,MCI,Manchester City,13,14
1993-94,MCI,Manchester City,14,14
1993-94,MCI,Manchester City,15,15
1993-94,MCI,Manchester City,16,16
1993-94,MCI,Manchester City,17,16
1993-94,MCI,Manchester City,18,16
1993-94,MCI,Manchester City,19,19
1993-94,MCI,Manchester City,20,19
1993-94,MCI,Manchester City,21,19
1993-94,MCI,Manchester City,22,20
1993-94,MCI,Manchester City,23,20
1993-94,MCI,Manchester City,24,21
1993-94,MCI,Manchester City,25,21
1993-94,MCI,Manchester City,26,24
1993-94,MCI,Manchester City,27,25
1993-94,MCI,Manchester City,28,25
1993-94,MCI,Manchester City,29,26
1993-94,MCI,Manchester City,30,29
1993-94,MCI,Manchester City,31,30
1993-94,MCI,Manchester City,32,30
1993-94,MCI,Manchester City,33,31
1993-94,MCI,Manchester City,34,32
1993-94,MCI,Manchester City,35,33
1993-94,MCI,Manchester City,36,36
1993-94,MCI,Manchester City,37,39
1993-94,MCI,Manchester City,38,42
1993-94,MCI,Manchester City,39,43
1993-94,MCI,Manchester City,40,43
1993-94,MCI,Manchester City,41,44
1993-94,MCI,Manchester City,42,45
1993-94,MUN,Manchester United,1,3
1993-94,MUN,Manchester United,2,6
1993-94,MUN,Manchester United,3,7
1993-94,MUN,Manchester United,4,10
1993-94,MUN,Manchester United,5,13
1993-94,MUN,Manchester United,6,16
1993-94,MUN,Manchester United,7,16
1993-94,MUN,Manchester United,8,19
1993-94,MUN,Manchester United,9,22
1993-94,MUN,Manchester United,10,25
1993-94,MUN,Manchester United,11,28
1993-94,MUN,Manchester United,12,31
1993-94,MUN,Manchester United,13,34
1993-94,MUN,Manchester United,14,37
1993-94,MUN,Manchester United,15,40
1993-94,MUN,Manchester United,16,41
1993-94,MUN,Manchester United,17,44
1993-94,MUN,Manchester United,18,45
1993-94,MUN,Manchester United,19,48
1993-94,MUN,Manchester United,20,49
1993-94,MUN,Manchester United,21,52
1993-94,MUN,Manchester United,22,53
1993-94,MUN,Manchester United,23,56
1993-94,MUN,Manchester United,24,57
1993-94,MUN,Manchester United,25,58
1993-94,MUN,Manchester United,26,61
1993-94,MUN,Manchester United,27,64
1993-94,MUN,Manchester United,28,67
1993-94,MUN,Manchester United,29,68
1993-94,MUN,Manchester United,30,68
1993-94,MUN,Manchester United,31,71
1993-94,MUN,Manchester United,32,72
1993-94,MUN,Manchester United,33,73
1993-94,MUN,Manchester United,34,76
1993-94,MUN,Manchester United,35,76
1993-94,MUN,Manchester United,36,79
1993-94,MUN,Manchester United,37,79
1993-94,MUN,Manchester United,38,82
1993-94,MUN,Manchester United,39,85
1993-94,MUN,Manchester United,40,88
1993-94,MUN,Manchester United,41,91
1993-94,MUN,Manchester United,42,92
1993-94,NEW,Newcastle United,1,0
1993-94,NEW,Newcastle United,2,0
1993-94,NEW,Newcastle United,3,1
1993-94,NEW,Newcastle United,4,4
1993-94,NEW,Newcastle United,5,5
1993-94,NEW,Newcastle United,6,6
1993-94,NEW,Newcastle United,7,9
1993-94,NEW,Newcastle United,8,10
1993-94,NEW,Newcastle United,9,13
1993-94,NEW,Newcastle United,10,16
1993-94,NEW,Newcastle United,11,16
1993-94,NEW,Newcastle United,12,16
1993-94,NEW,Newcastle United,13,19
1993-94,NEW,Newcastle United,14,22
1993-94,NEW,Newcastle United,15,25
1993-94,NEW,Newcastle United,16,28
1993-94,NEW,Newcastle United,17,28
1993-94,NEW,Newcastle United,18,31
1993-94,NEW,Newcastle United,19,32
1993-94,NEW,Newcastle United,20,35
1993-94,NEW,Newcastle United,21,36
1993-94,NEW,Newcastle United,22,36
1993-94,NEW,Newcastle United,23,39
1993-94,NEW,Newcastle United,24,42
1993-94,NEW,Newcastle United,25,45
1993-94,NEW,Newcastle United,26,45
1993-94,NEW,Newcastle United,27,45
1993-94,NEW,Newcastle United,28,45
1993-94,NEW,Newcastle United,29,48
1993-94,NEW,Newcastle United,30,51
1993-94,NEW,Newcastle United,31,54
1993-94,NEW,Newcastle United,32,57
1993-94,NEW,Newcastle United,33,60
1993-94,NEW,Newcastle United,34,63
1993-94,NEW,Newcastle United,35,64
1993-94,NEW,Newcastle United,36,65
1993-94,NEW,Newcastle United,37,65
1993-94,NEW,Newcastle United,38,68
1993-94,NEW,Newcastle United,39,71
1993-94,NEW,Newcastle United,40,74
1993-94,NEW,Newcastle United,41,74
1993-94,NEW,Newcastle United,42,77
1993-94,NOR,Norwich City,1,0
1993-94,NOR,Norwich City,2,3
1993-94,NOR,Norwich City,3,6
1993-94,NOR,Norwich City,4,9
1993-94,NOR,Norwich City,5,10
1993-94,NOR,Norwich City,6,11
1993-94,NOR,Norwich City,7,11
1993-94,NOR,Norwich City,8,12
1993-94,NOR,Norwich City,9,15
1993-94,NOR,Norwich City,10,18
1993-94,NOR,Norwich City,11,21
1993-94,NOR,Norwich City,12,22
1993-94,NOR,Norwich City,13,23
1993-94,NOR,Norwich City,14,26
1993-94,NOR,Norwich City,15,27
1993-94,NOR,Norwich City,16,27
1993-94,NOR,Norwich City,17,28
1993-94,NOR,Norwich City,18,31
1993-94,NOR,Norwich City,19,31
1993-94,NOR,Norwich City,20,34
1993-94,NOR,Norwich City,21,34
1993-94,NOR,Norwich City,22,37
1993-94,NOR,Norwich City,23,37
1993-94,NOR,Norwich City,24,38
1993-94,NOR,Norwich City,25,39
1993-94,NOR,Norwich City,26,40
1993-94,NOR,Norwich City,27,41
1993-94,NOR,Norwich City,28,42
1993-94,NOR,Norwich City,29,43
1993-94,NOR,Norwich City,30,44
1993-94,NOR,Norwich City,31,44
1993-94,NOR,Norwich City,32,44
1993-94,NOR,Norwich City,33,47
1993-94,NOR,Norwich City,34,47
1993-94,NOR,Norwich City,35,47
1993-94,NOR,Norwich City,36,47
1993-94,NOR,Norwich City,37,48
1993-94,NOR,Norwich City,38,48
1993-94,NOR,Norwich City,39,49
1993-94,NOR,Norwich City,40,49
1993-94,NOR,Norwich City,41,52
1993-94,NOR,Norwich City,42,53
1993-94,OLD,Oldham Athletic,1,0
1993-94,OLD,Oldham Athletic,2,3
1993-94,OLD,Oldham Athletic,3,3
1993-94,OLD,Oldham Athletic,4,4
1993-94,OLD,Oldham Athletic,5,5
1993-94,OLD,Oldham Athletic,6,5
1993-94,OLD,Oldham Athletic,7,5
1993-94,OLD,Oldham Athletic,8,5
1993-94,OLD,Oldham Athletic,9,6
1993-94,OLD,Oldham Athletic,10,7
1993-94,OLD,Oldham Athletic,11,7
1993-94,OLD,Oldham Athletic,12,8
1993-94,OLD,Oldham Athletic,13,11
1993-94,OLD,Oldham Athletic,14,11
1993-94,OLD,Oldham Athletic,15,11
1993-94,OLD,Oldham Athletic,16,11
1993-94,OLD,Oldham Athletic,17,14
1993-94,OLD,Oldham Athletic,18,15
1993-94,OLD,Oldham Athletic,19,18
1993-94,OLD,Oldham Athletic,20,18
1993-94,OLD,Oldham Athletic,21,19
1993-94,OLD,Oldham Athletic,22,19
1993-94,OLD,Oldham Athletic,23,19
1993-94,OLD,Oldham Athletic,24,19
1993-94,OLD,Oldham Athletic,25,19
1993-94,OLD,Oldham Athletic,26,20
1993-94,OLD,Oldham Athletic,27,23
1993-94,OLD,Oldham Athletic,28,26
1993-94,OLD,Oldham Athletic,29,27
1993-94,OLD,Oldham Athletic,30,27
1993-94,OLD,Oldham Athletic,31,30
1993-94,OLD,Oldham Athletic,32,31
1993-94,OLD,Oldham Athletic,33,34
1993-94,OLD,Oldham Athletic,34,37
1993-94,OLD,Oldham Athletic,35,37
1993-94,OLD,Oldham Athletic,36,37
1993-94,OLD,Oldham Athletic,37,37
1993-94,OLD,Oldham Athletic,38,37
1993-94,OLD,Oldham Athletic,39,38
1993-94,OLD,Oldham Athletic,40,39
1993-94,OLD,Oldham Athletic,41,39
1993-94,OLD,Oldham Athletic,42,40
1993-94,QPR,Queens Park Rangers,1,0
1993-94,QPR,Queens Park Rangers,2,0
1993-94,QPR,Queens Park Rangers,3,3
1993-94,QPR,Queens Park Rangers,4,3
1993-94,QPR,Queens Park Rangers,5,6
1993-94,QPR,Queens Park Rangers,6,9
1993-94,QPR,Queens Park Rangers,7,9
1993-94,QPR,Queens Park Rangers,8,10
1993-94,QPR,Queens Park Rangers,9,11
1993-94,QPR,Queens Park Rangers,10,14
1993-94,QPR,Queens Park Rangers,11,17
1993-94,QPR,Queens Park Rangers,12,20
1993-94,QPR,Queens Park Rangers,13,20
1993-94,QPR,Queens Park Rangers,14,23
1993-94,QPR,Queens Park Rangers,15,26
1993-94,QPR,Queens Park Rangers,16,26
1993-94,QPR,Queens Park Rangers,17,27
1993-94,QPR,Queens Park Rangers,18,28
1993-94,QPR,Queens Park Rangers,19,28
1993-94,QPR,Queens Park Rangers,20,31
1993-94,QPR,Queens Park Rangers,21,34
1993-94,QPR,Queens Park Rangers,22,35
1993-94,QPR,Queens Park Rangers,23,35
1993-94,QPR,Queens Park Rangers,24,36
1993-94,QPR,Queens Park Rangers,25,36
1993-94,QPR,Queens Park Rangers,26,39
1993-94,QPR,Queens Park Rangers,27,39
1993-94,QPR,Queens Park Rangers,28,40
1993-94,QPR,Queens Park Rangers,29,43
1993-94,QPR,Queens Park Rangers,30,44
1993-94,QPR,Queens Park Rangers,31,47
1993-94,QPR,Queens Park Rangers,32,50
1993-94,QPR,Queens Park Rangers,33,50
1993-94,QPR,Queens Park Rangers,34,50
1993-94,QPR,Queens Park Rangers,35,50
1993-94,QPR,Queens Park Rangers,36,51
1993-94,QPR,Queens Park Rangers,37,54
1993-94,QPR,Queens Park Rangers,38,55
1993-94,QPR,Queens Park Rangers,39,56
1993-94,QPR,Queens Park Rangers,40,56
1993-94,QPR,Queens Park Rangers,41,57
1993-94,QPR,Queens Park Rangers,42,60
1993-94,SHU,Sheffield United,1,3
1993-94,SHU,Sheffield United,2,3
1993-94,SHU,Sheffield United,3,3
1993-94,SHU,Sheffield United,4,6
1993-94,SHU,Sheffield United,5,7
1993-94,SHU,Sheffield United,6,7
1993-94,SHU,Sheffield United,7,8
1993-94,SHU,Sheffield United,8,8
1993-94,SHU,Sheffield United,9,8
1993-94,SHU,Sheffield United,10,9
1993-94,SHU,Sheffield United,11,10
1993-94,SHU,Sheffield United,12,11
1993-94,SHU,Sheffield United,13,12
1993-94,SHU,Sheffield United,14,12
1993-94,SHU,Sheffield United,15,12
1993-94,SHU,Sheffield United,16,12
1993-94,SHU,Sheffield United,17,15
1993-94,SHU,Sheffield United,18,16
1993-94,SHU,Sheffield United,19,16
1993-94,SHU,Sheffield United,20,17
1993-94,SHU,Sheffield United,21,17
1993-94,SHU,Sheffield United,22,18
1993-94,SHU,Sheffield United,23,18
1993-94,SHU,Sheffield United,24,21
1993-94,SHU,Sheffield United,25,22
1993-94,SHU,Sheffield United,26,22
1993-94,SHU,Sheffield United,27,22
1993-94,SHU,Sheffield United,28,23
1993-94,SHU,Sheffield United,29,23
1993-94,SHU,Sheffield United,30,24
1993-94,SHU,Sheffield United,31,25
1993-94,SHU,Sheffield United,32,26
1993-94,SHU,Sheffield United,33,27
1993-94,SHU,Sheffield United,34,28
1993-94,SHU,Sheffield United,35,31
1993-94,SHU,Sheffield United,36,34
1993-94,SHU,Sheffield United,37,35
1993-94,SHU,Sheffield United,38,35
1993-94,SHU,Sheffield United,39,38
1993-94,SHU,Sheffield United,40,41
1993-94,SHU,Sheffield United,41,42
1993-94,SHU,Sheffield United,42,42
1993-94,SHW,Sheffield Wednesday,1,0
1993-94,SHW,Sheffield Wednesday,2,1
1993-94,SHW,Sheffield Wednesday,3,1
1993-94,SHW,Sheffield Wednesday,4,1
1993-94,SHW,Sheffield Wednesday,5,2
1993-94,SHW,Sheffield Wednesday,6,3
1993-94,SHW,Sheffield Wednesday,7,3
1993-94,SHW,Sheffield Wednesday,8,6
1993-94,SHW,Sheffield Wednesday,9,7
1993-94,SHW,Sheffield Wednesday,10,7
1993-94,SHW,Sheffield Wednesday,11,8
1993-94,SHW,Sheffield Wednesday,12,9
1993-94,SHW,Sheffield Wednesday,13,10
1993-94,SHW,Sheffield Wednesday,14,13
1993-94,SHW,Sheffield Wednesday,15,14
1993-94,SHW,Sheffield Wednesday,16,17
1993-94,SHW,Sheffield Wednesday,17,20
1993-94,SHW,Sheffield Wednesday,18,23
1993-94,SHW,Sheffield Wednesday,19,24
1993-94,SHW,Sheffield Wednesday,20,24
1993-94,SHW,Sheffield Wednesday,21,27
1993-94,SHW,Sheffield Wednesday,22,30
1993-94,SHW,Sheffield Wednesday,23,31
1993-94,SHW,Sheffield Wednesday,24,34
1993-94,SHW,Sheffield Wednesday,25,37
1993-94,SHW,Sheffield Wednesday,26,37
1993-94,SHW,Sheffield Wednesday,27,40
1993-94,SHW,Sheffield Wednesday,28,43
1993-94,SHW,Sheffield Wednesday,29,44
1993-94,SHW,Sheffield Wednesday,30,44
1993-94,SHW,Sheffield Wednesday,31,45
1993-94,SHW,Sheffield Wednesday,32,45
1993-94,SHW,Sheffield Wednesday,33,45
1993-94,SHW,Sheffield Wednesday,34,48
1993-94,SHW,Sheffield Wednesday,35,51
1993-94,SHW,Sheffield Wednesday,36,54
1993-94,SHW,Sheffield Wednesday,37,57
1993-94,SHW,Sheffield Wednesday,38,58
1993-94,SHW,Sheffield Wednesday,39,61
1993-94,SHW,Sheffield Wednesday,40,62
1993-94,SHW,Sheffield Wednesday,41,63
1993-94,SHW,Sheffield Wednesday,42,64
1993-94,SOU,Southampton,1,0
1993-94,SOU,Southampton,2,0
1993-94,SOU,Southampton,3,0
1993-94,SOU,Southampton,4,3
1993-94,SOU,Southampton,5,3
1993-94,SOU,Southampton,6,3
1993-94,SOU,Southampton,7,3
1993-94,SOU,Southampton,8,3
1993-94,SOU,Southampton,9,3
1993-94,SOU,Southampton,10,4
1993-94,SOU,Southampton,11,5
1993-94,SOU,Southampton,12,8
1993-94,SOU,Southampton,13,8
1993-94,SOU,Southampton,14,11
1993-94,SOU,Southampton,15,11
1993-94,SOU,Southampton,16,14
1993-94,SOU,Southampton,17,14
1993-94,SOU,Southampton,18,14
1993-94,SOU,Southampton,19,14
1993-94,SOU,Southampton,20,14
1993-94,SOU,Southampton,21,14
1993-94,SOU,Southampton,22,17
1993-94,SOU,Southampton,23,18
1993-94,SOU,Southampton,24,18
1993-94,SOU,Southampton,25,21
1993-94,SOU,Southampton,26,24
1993-94,SOU,Southampton,27,24
1993-94,SOU,Southampton,28,27
1993-94,SOU,Southampton,29,30
1993-94,SOU,Southampton,30,31
1993-94,SOU,Southampton,31,32
1993-94,SOU,Southampton,32,32
1993-94,SOU,Southampton,33,33
1993-94,SOU,Southampton,34,33
1993-94,SOU,Southampton,35,33
1993-94,SOU,Southampton,36,33
1993-94,SOU,Southampton,37,36
1993-94,SOU,Southampton,38,39
1993-94,SOU,Southampton,39,39
1993-94,SOU,Southampton,40,42
1993-94,SOU,Southampton,41,42
1993-94,SOU,Southampton,42,43
1993-94,SWI,Swindon Town,1,0
1993-94,SWI,Swindon Town,2,0
1993-94,SWI,Swindon Town,3,0
1993-94,SWI,Swindon Town,4,0
1993-94,SWI,Swindon Town,5,1
1993-94,SWI,Swindon Town,6,1
1993-94,SWI,Swindon Town,7,2
1993-94,SWI,Swindon Town,8,3
1993-94,SWI,Swindon Town,9,3
1993-94,SWI,Swindon Town,10,3
1993-94,SWI,Swindon Town,11,4
1993-94,SWI,Swindon Town,12,5
1993-94,SWI,Swindon Town,13,5
1993-94,SWI,Swindon Town,14,5
1993-94,SWI,Swindon Town,15,6
1993-94,SWI,Swindon Town,16,9
1993-94,SWI,Swindon Town,17,9
1993-94,SWI,Swindon Town,18,10
1993-94,SWI,Swindon Town,19,10
1993-94,SWI,Swindon Town,20,11
1993-94,SWI,Swindon Town,21,14
1993-94,SWI,Swindon Town,22,14
1993-94,SWI,Swindon Town,23,15
1993-94,SWI,Swindon Town,24,15
1993-94,SWI,Swindon Town,25,16
1993-94,SWI,Swindon Town,26,16
1993-94,SWI,Swindon Town,27,19
1993-94,SWI,Swindon Town,28,22
1993-94,SWI,Swindon Town,29,22
1993-94,SWI,Swindon Town,30,23
1993-94,SWI,Swindon Town,31,23
1993-94,SWI,Swindon Town,32,24
1993-94,SWI,Swindon Town,33,24
1993-94,SWI,Swindon Town,34,25
1993-94,SWI,Swindon Town,35,25
1993-94,SWI,Swindon Town,36,26
1993-94,SWI,Swindon Town,37,26
1993-94,SWI,Swindon Town,38,27
1993-94,SWI,Swindon Town,39,27
1993-94,SWI,Swindon Town,40,27
1993-94,SWI,Swindon Town,41,30
1993-94,SWI,Swindon Town,42,30
1993-94,TOT,Tottenham Hotspur,1,3
1993-94,TOT,Tottenham Hotspur,2,3
1993-94,TOT,Tottenham Hotspur,3,6
1993-94,TOT,Tottenham Hotspur,4,9
1993-94,TOT,Tottenham Hotspur,5,9
1993-94,TOT,Tottenham Hotspur,6,10
1993-94,TOT,Tottenham Hotspur,7,11
1993-94,TOT,Tottenham Hotspur,8,14
1993-94,TOT,Tottenham Hotspur,9,15
1993-94,TOT,Tottenham Hotspur,10,18
1993-94,TOT,Tottenham Hotspur,11,18
1993-94,TOT,Tottenham Hotspur,12,19
1993-94,TOT,Tottenham Hotspur,13,19
1993-94,TOT,Tottenham Hotspur,14,19
1993-94,TOT,Tottenham Hotspur,15,20
1993-94,TOT,Tottenham Hotspur,16,21
1993-94,TOT,Tottenham Hotspur,17,22
1993-94,TOT,Tottenham Hotspur,18,22
1993-94,TOT,Tottenham Hotspur,19,23
1993-94,TOT,Tottenham Hotspur,20,26
1993-94,TOT,Tottenham Hotspur,21,27
1993-94,TOT,Tottenham Hotspur,22,27
1993-94,TOT,Tottenham Hotspur,23,30
1993-94,TOT,Tottenham Hotspur,24,30
1993-94,TOT,Tottenham Hotspur,25,30
1993-94,TOT,Tottenham Hotspur,26,30
1993-94,TOT,Tottenham Hotspur,27,30
1993-94,TOT,Tottenham Hotspur,28,30
1993-94,TOT,Tottenham Hotspur,29,30
1993-94,TOT,Tottenham Hotspur,30,30
1993-94,TOT,Tottenham Hotspur,31,31
1993-94,TOT,Tottenham Hotspur,32,32
1993-94,TOT,Tottenham Hotspur,33,33
1993-94,TOT,Tottenham Hotspur,34,36
1993-94,TOT,Tottenham Hotspur,35,39
1993-94,TOT,Tottenham Hotspur,36,39
1993-94,TOT,Tottenham Hotspur,37,39
1993-94,TOT,Tottenham Hotspur,38,39
1993-94,TOT,Tottenham Hotspur,39,42
1993-94,TOT,Tottenham Hotspur,40,42
1993-94,TOT,Tottenham Hotspur,41,45
1993-94,TOT,Tottenham Hotspur,42,45
1993-94,WHU,West Ham United,1,0
1993-94,WHU,West Ham United,2,0
1993-94,WHU,West Ham United,3,1
1993-94,WHU,West Ham United,4,4
1993-94,WHU,West Ham United,5,4
1993-94,WHU,West Ham United,6,4
1993-94,WHU,West Ham United,7,5
1993-94,WHU,West Ham United,8,8
1993-94,WHU,West Ham United,9,8
1993-94,WHU,West Ham United,10,11
1993-94,WHU,West Ham United,11,12
1993-94,WHU,West Ham United,12,13
1993-94,WHU,West Ham United,13,16
1993-94,WHU,West Ham United,14,16
1993-94,WHU,West Ham United,15,19
1993-94,WHU,West Ham United,16,20
1993-94,WHU,West Ham United,17,23
1993-94,WHU,West Ham United,18,26
1993-94,WHU,West Ham United,19,26
1993-94,WHU,West Ham United,20,29
1993-94,WHU,West Ham United,21,29
1993-94,WHU,West Ham United,22,30
1993-94,WHU,West Ham United,23,30
1993-94,WHU,West Ham United,24,33
1993-94,WHU,West Ham United,25,34
1993-94,WHU,West Ham United,26,34
1993-94,WHU,West Ham United,27,35
1993-94,WHU,West Ham United,28,36
1993-94,WHU,West Ham United,29,37
1993-94,WHU,West Ham United,30,38
1993-94,WHU,West Ham United,31,38
1993-94,WHU,West Ham United,32,38
1993-94,WHU,West Ham United,33,38
1993-94,WHU,West Ham United,34,41
1993-94,WHU,West Ham United,35,44
1993-94,WHU,West Ham United,36,44
1993-94,WHU,West Ham United,37,47
1993-94,WHU,West Ham United,38,47
1993-94,WHU,West Ham United,39,47
1993-94,WHU,West Ham United,40,50
1993-94,WHU,West Ham United,41,51
1993-94,WHU,West Ham United,42,52
1993-94,WIM,Wimbledon,1,3
1993-94,WIM,Wimbledon,2,4
1993-94,WIM,Wimbledon,3,5
1993-94,WIM,Wimbledon,4,5
1993-94,WIM,Wimbledon,5,6
1993-94,WIM,Wimbledon,6,9
1993-94,WIM,Wimbledon,7,12
1993-94,WIM,Wimbledon,8,15
1993-94,WIM,Wimbledon,9,16
1993-94,WIM,Wimbledon,10,16
1993-94,WIM,Wimbledon,11,17
1993-94,WIM,Wimbledon,12,17
1993-94,WIM,Wimbledon,13,17
1993-94,WIM,Wimbledon,14,20
1993-94,WIM,Wimbledon,15,20
1993-94,WIM,Wimbledon,16,21
1993-94,WIM,Wimbledon,17,22
1993-94,WIM,Wimbledon,18,22
1993-94,WIM,Wimbledon,19,25
1993-94,WIM,Wimbledon,20,28
1993-94,WIM,Wimbledon,21,28
1993-94,WIM,Wimbledon,22,29
1993-94,WIM,Wimbledon,23,29
1993-94,WIM,Wimbledon,24,32
1993-94,WIM,Wimbledon,25,33
1993-94,WIM,Wimbledon,26,33
1993-94,WIM,Wimbledon,27,36
1993-94,WIM,Wimbledon,28,36
1993-94,WIM,Wimbledon,29,39
1993-94,WIM,Wimbledon,30,42
1993-94,WIM,Wimbledon,31,42
1993-94,WIM,Wimbledon,32,42
1993-94,WIM,Wimbledon,33,45
1993-94,WIM,Wimbledon,34,48
1993-94,WIM,Wimbledon,35,51
1993-94,WIM,Wimbledon,36,52
1993-94,WIM,Wimbledon,37,55
1993-94,WIM,Wimbledon,38,56
1993-94,WIM,Wimbledon,39,59
1993-94,WIM,Wimbledon,40,62
1993-94,WIM,Wimbledon,41,65
1993-94,WIM,Wimbledon,42,65
1994-95,ARS,Arsenal,1,3
1994-95,ARS,Arsenal,2,3
1994-95,ARS,Arsenal,3,3
1994-95,ARS,Arsenal,4,4
1994-95,ARS,Arsenal,5,5
1994-95,ARS,Arsenal,6,5
1994-95,ARS,Arsenal,7,8
1994-95,ARS,Arsenal,8,8
1994-95,ARS,Arsenal,9,11
1994-95,ARS,Arsenal,10,14
1994-95,ARS,Arsenal,11,17
1994-95,ARS,Arsenal,12,18
1994-95,ARS,Arsenal,13,19
1994-95,ARS,Arsenal,14,19
1994-95,ARS,Arsenal,15,19
1994-95,ARS,Arsenal,16,20
1994-95,ARS,Arsenal,17,21
1994-95,ARS,Arsenal,18,24
1994-95,ARS,Arsenal,19,24
1994-95,ARS,Arsenal,20,25
1994-95,ARS,Arsenal,21,28
1994-95,ARS,Arsenal,22,28
1994-95,ARS,Arsenal,23,28
1994-95,ARS,Arsenal,24,29
1994-95,ARS,Arsenal,25,32
1994-95,ARS,Arsenal,26,33
1994-95,ARS,Arsenal,27,33
1994-95,ARS,Arsenal,28,34
1994-95,ARS,Arsenal,29,37
1994-95,ARS,Arsenal,30,40
1994-95,ARS,Arsenal,31,40
1994-95,ARS,Arsenal,32,40
1994-95,ARS,Arsenal,33,40
1994-95,ARS,Arsenal,34,40
1994-95,ARS,Arsenal,35,43
1994-95,ARS,Arsenal,36,43
1994-95,ARS,Arsenal,37,43
1994-95,ARS,Arsenal,38,46
1994-95,ARS,Arsenal,39,49
1994-95,ARS,Arsenal,40,50
1994-95,ARS,Arsenal,41,51
1994-95,ARS,Arsenal,42,51
1994-95,AVL,Aston Villa,1,1
1994-95,AVL,Aston Villa,2,2
1994-95,AVL,Aston Villa,3,3
1994-95,AVL,Aston Villa,4,6
1994-95,AVL,Aston Villa,5,9
1994-95,AVL,Aston Villa,6,9
1994-95,AVL,Aston Villa,7,9
1994-95,AVL,Aston Villa,8,9
1994-95,AVL,Aston Villa,9,9
1994-95,AVL,Aston Villa,10,10
1994-95,AVL,Aston Villa,11,10
1994-95,AVL,Aston Villa,12,10
1994-95,AVL,Aston Villa,13,10
1994-95,AVL,Aston Villa,14,10
1994-95,AVL,Aston Villa,15,13
1994-95,AVL,Aston Villa,16,14
1994-95,AVL,Aston Villa,17,15
1994-95,AVL,Aston Villa,18,16
1994-95,AVL,Aston Villa,19,16
1994-95,AVL,Aston Villa,20,17
1994-95,AVL,Aston Villa,21,20
1994-95,AVL,Aston Villa,22,21
1994-95,AVL,Aston Villa,23,22
1994-95,AVL,Aston Villa,24,25
1994-95,AVL,Aston Villa,25,28
1994-95,AVL,Aston Villa,26,31
1994-95,AVL,Aston Villa,27,31
1994-95,AVL,Aston Villa,28,34
1994-95,AVL,Aston Villa,29,37
1994-95,AVL,Aston Villa,30,38
1994-95,AVL,Aston Villa,31,38
1994-95,AVL,Aston Villa,32,38
1994-95,AVL,Aston Villa,33,39
1994-95,AVL,Aston Villa,34,39
1994-95,AVL,Aston Villa,35,42
1994-95,AVL,Aston Villa,36,43
1994-95,AVL,Aston Villa,37,43
1994-95,AVL,Aston Villa,38,43
1994-95,AVL,Aston Villa,39,43
1994-95,AVL,Aston Villa,40,44
1994-95,AVL,Aston Villa,41,47
1994-95,AVL,Aston Villa,42,48
1994-95,BLA,Blackburn Rovers,1,1
1994-95,BLA,Blackburn Rovers,2,4
1994-95,BLA,Blackburn Rovers,3,7
1994-95,BLA,Blackburn Rovers,4,8
1994-95,BLA,Blackburn Rovers,5,11
1994-95,BLA,Blackburn Rovers,6,14
1994-95,BLA,Blackburn Rovers,7,17
1994-95,BLA,Blackburn Rovers,8,17
1994-95,BLA,Blackburn Rovers,9,18
1994-95,BLA,Blackburn Rovers,10,21
1994-95,BLA,Blackburn Rovers,11,21
1994-95,BLA,Blackburn Rovers,12,24
1994-95,BLA,Blackburn Rovers,13,27
1994-95,BLA,Blackburn Rovers,14,30
1994-95,BLA,Blackburn Rovers,15,33
1994-95,BLA,Blackburn Rovers,16,36
1994-95,BLA,Blackburn Rovers,17,39
1994-95,BLA,Blackburn Rovers,18,42
1994-95,BLA,Blackburn Rovers,19,43
1994-95,BLA,Blackburn Rovers,20,46
1994-95,BLA,Blackburn Rovers,21,49
1994-95,BLA,Blackburn Rovers,22,52
1994-95,BLA,Blackburn Rovers,23,55
1994-95,BLA,Blackburn Rovers,24,55
1994-95,BLA,Blackburn Rovers,25,58
1994-95,BLA,Blackburn Rovers,26,59
1994-95,BLA,Blackburn Rovers,27,59
1994-95,BLA,Blackburn Rovers,28,62
1994-95,BLA,Blackburn Rovers,29,65
1994-95,BLA,Blackburn Rovers,30,66
1994-95,BLA,Blackburn Rovers,31,69
1994-95,BLA,Blackburn Rovers,32,72
1994-95,BLA,Blackburn Rovers,33,73
1994-95,BLA,Blackburn Rovers,34,76
1994-95,BLA,Blackburn Rovers,35,79
1994-95,BLA,Blackburn Rovers,36,82
1994-95,BLA,Blackburn Rovers,37,83
1994-95,BLA,Blackburn Rovers,38,83
1994-95,BLA,Blackburn Rovers,39,86
1994-95,BLA,Blackburn Rovers,40,86
1994-95,BLA,Blackburn Rovers,41,89
1994-95,BLA,Blackburn Rovers,42,89
1994-95,CHE,Chelsea,1,3
1994-95,CHE,Chelsea,2,6
1994-95,CHE,Chelsea,3,9
1994-95,CHE,Chelsea,4,9
1994-95,CHE,Chelsea,5,9
1994-95,CHE,Chelsea,6,12
1994-95,CHE,Chelsea,7,12
1994-95,CHE,Chelsea,8,15
1994-95,CHE,Chelsea,9,15
1994-95,CHE,Chelsea,10,18
1994-95,CHE,Chelsea,11,19
1994-95,CHE,Chelsea,12,20
1994-95,CHE,Chelsea,13,20
1994-95,CHE,Chelsea,14,23
1994-95,CHE,Chelsea,15,24
1994-95,CHE,Chelsea,16,24
1994-95,CHE,Chelsea,17,27
1994-95,CHE,Chelsea,18,27
1994-95,CHE,Chelsea,19,28
1994-95,CHE,Chelsea,20,28
1994-95,CHE,Chelsea,21,28
1994-95,CHE,Chelsea,22,29
1994-95,CHE,Chelsea,23,30
1994-95,CHE,Chelsea,24,31
1994-95,CHE,Chelsea,25,31
1994-95,CHE,Chelsea,26,32
1994-95,CHE,Chelsea,27,33
1994-95,CHE,Chelsea,28,36
1994-95,CHE,Chelsea,29,37
1994-95,CHE,Chelsea,30,40
1994-95,CHE,Chelsea,31,40
1994-95,CHE,Chelsea,32,40
1994-95,CHE,Chelsea,33,40
1994-95,CHE,Chelsea,34,41
1994-95,CHE,Chelsea,35,42
1994-95,CHE,Chelsea,36,42
1994-95,CHE,Chelsea,37,45
1994-95,CHE,Chelsea,38,46
1994-95,CHE,Chelsea,39,49
1994-95,CHE,Chelsea,40,50
1994-95,CHE,Chelsea,41,51
1994-95,CHE,Chelsea,42,54
1994-95,COV,Coventry City,1,1
1994-95,COV,Coventry City,2,1
1994-95,COV,Coventry City,3,1
1994-95,COV,Coventry City,4,1
1994-95,COV,Coventry City,5,2
1994-95,COV,Coventry City,6,5
1994-95,COV,Coventry City,7,5
1994-95,COV,Coventry City,8,6
1994-95,COV,Coventry City,9,9
1994-95,COV,Coventry City,10,12
1994-95,COV,Coventry City,11,12
1994-95,COV,Coventry City,12,15
1994-95,COV,Coventry City,13,15
1994-95,COV,Coventry City,14,16
1994-95,COV,Coventry City,15,19
1994-95,COV,Coventry City,16,22
1994-95,COV,Coventry City,17,23
1994-95,COV,Coventry City,18,23
1994-95,COV,Coventry City,19,24
1994-95,COV,Coventry City,20,25
1994-95,COV,Coventry City,21,25
1994-95,COV,Coventry City,22,25
1994-95,COV,Coventry City,23,25
1994-95,COV,Coventry City,24,26
1994-95,COV,Coventry City,25,26
1994-95,COV,Coventry City,26,27
1994-95,COV,Coventry City,27,28
1994-95,COV,Coventry City,28,31
1994-95,COV,Coventry City,29,34
1994-95,COV,Coventry City,30,37
1994-95,COV,Coventry City,31,38
1994-95,COV,Coventry City,32,39
1994-95,COV,Coventry City,33,40
1994-95,COV,Coventry City,34,43
1994-95,COV,Coventry City,35,43
1994-95,COV,Coventry City,36,43
1994-95,COV,Coventry City,37,46
1994-95,COV,Coventry City,38,46
1994-95,COV,Coventry City,39,46
1994-95,COV,Coventry City,40,46
1994-95,COV,Coventry City,41,49
1994-95,COV,Coventry City,42,50
1994-95,CRY,Crystal Palace,1,0
1994-95,CRY,Crystal Palace,2,1
1994-95,CRY,Crystal Palace,3,2
1994-95,CRY,Crystal Palace,4,2
1994-95,CRY,Crystal Palace,5,3
1994-95,CRY,Crystal Palace,6,4
1994-95,CRY,Crystal Palace,7,4
1994-95,CRY,Crystal Palace,8,7
1994-95,CRY,Crystal Palace,9,7
1994-95,CRY,Crystal Palace,10,7
1994-95,CRY,Crystal Palace,11,10
1994-95,CRY,Crystal Palace,12,13
1994-95,CRY,Crystal Palace,13,16
1994-95,CRY,Crystal Palace,14,19
1994-95,CRY,Crystal Palace,15,19
1994-95,CRY,Crystal Palace,16,20
1994-95,CRY,Crystal Palace,17,20
1994-95,CRY,Crystal Palace,18,21
1994-95,CRY,Crystal Palace,19,21
1994-95,CRY,Crystal Palace,20,22
1994-95,CRY,Crystal Palace,21,23
1994-95,CRY,Crystal Palace,22,23
1994-95,CRY,Crystal Palace,23,23
1994-95,CRY,Crystal Palace,24,26
1994-95,CRY,Crystal Palace,25,26
1994-95,CRY,Crystal Palace,26,27
1994-95,CRY,Crystal Palace,27,30
1994-95,CRY,Crystal Palace,28,30
1994-95,CRY,Crystal Palace,29,30
1994-95,CRY,Crystal Palace,30,31
1994-95,CRY,Crystal Palace,31,34
1994-95,CRY,Crystal Palace,32,34
1994-95,CRY,Crystal Palace,33,37
1994-95,CRY,Crystal Palace,34,38
1994-95,CRY,Crystal Palace,35,39
1994-95,CRY,Crystal Palace,36,42
1994-95,CRY,Crystal Palace,37,42
1994-95,CRY,Crystal Palace,38,42
1994-95,CRY,Crystal Palace,39,42
1994-95,CRY,Crystal Palace,40,45
1994-95,CRY,Crystal Palace,41,45
1994-95,CRY,Crystal Palace,42,45
1994-95,EVE,Everton,1,1
1994-95,EVE,Everton,2,1
1994-95,EVE,Everton,3,1
1994-95,EVE,Everton,4,1
1994-95,EVE,Everton,5,1
1994-95,EVE,Everton,6,2
1994-95,EVE,Everton,7,3
1994-95,EVE,Everton,8,3
1994-95,EVE,Everton,9,3
1994-95,EVE,Everton,10,3
1994-95,EVE,Everton,11,3
1994-95,EVE,Everton,12,4
1994-95,EVE,Everton,13,7
1994-95,EVE,Everton,14,8
1994-95,EVE,Everton,15,11
1994-95,EVE,Everton,16,14
1994-95,EVE,Everton,17,17
1994-95,EVE,Everton,18,18
1994-95,EVE,Everton,19,19
1994-95,EVE,Everton,20,19
1994-95,EVE,Everton,21,22
1994-95,EVE,Everton,22,22
1994-95,EVE,Everton,23,23
1994-95,EVE,Everton,24,26
1994-95,EVE,Everton,25,27
1994-95,EVE,Everton,26,27
1994-95,EVE,Everton,27,30
1994-95,EVE,Everton,28,31
1994-95,EVE,Everton,29,31
1994-95,EVE,Everton,30,34
1994-95,EVE,Everton,31,35
1994-95,EVE,Everton,32,35
1994-95,EVE,Everton,33,36
1994-95,EVE,Everton,34,39
1994-95,EVE,Everton,35,39
1994-95,EVE,Everton,36,42
1994-95,EVE,Everton,37,43
1994-95,EVE,Everton,38,44
1994-95,EVE,Everton,39,45
1994-95,EVE,Everton,40,46
1994-95,EVE,Everton,41,49
1994-95,EVE,Everton,42,50
1994-95,IPS,Ipswich Town,1,0
1994-95,IPS,Ipswich Town,2,1
1994-95,IPS,Ipswich Town,3,4
1994-95,IPS,Ipswich Town,4,4
1994-95,IPS,Ipswich Town,5,4
1994-95,IPS,Ipswich Town,6,4
1994-95,IPS,Ipswich Town,7,7
1994-95,IPS,Ipswich Town,8,7
1994-95,IPS,Ipswich Town,9,7
1994-95,IPS,Ipswich Town,10,7
1994-95,IPS,Ipswich Town,11,7
1994-95,IPS,Ipswich Town,12,7
1994-95,IPS,Ipswich Town,13,10
1994-95,IPS,Ipswich Town,14,10
1994-95,IPS,Ipswich Town,15,10
1994-95,IPS,Ipswich Town,16,11
1994-95,IPS,Ipswich Town,17,11
1994-95,IPS,Ipswich Town,18,11
1994-95,IPS,Ipswich Town,19,12
1994-95,IPS,Ipswich Town,20,13
1994-95,IPS,Ipswich Town,21,13
1994-95,IPS,Ipswich Town,22,13
1994-95,IPS,Ipswich Town,23,16
1994-95,IPS,Ipswich Town,24,19
1994-95,IPS,Ipswich Town,25,20
1994-95,IPS,Ipswich Town,26,20
1994-95,IPS,Ipswich Town,27,20
1994-95,IPS,Ipswich Town,28,20
1994-95,IPS,Ipswich Town,29,23
1994-95,IPS,Ipswich Town,30,23
1994-95,IPS,Ipswich Town,31,23
1994-95,IPS,Ipswich Town,32,23
1994-95,IPS,Ipswich Town,33,23
1994-95,IPS,Ipswich Town,34,23
1994-95,IPS,Ipswich Town,35,23
1994-95,IPS,Ipswich Town,36,23
1994-95,IPS,Ipswich Town,37,23
1994-95,IPS,Ipswich Town,38,24
1994-95,IPS,Ipswich Town,39,24
1994-95,IPS,Ipswich Town,40,27
1994-95,IPS,Ipswich Town,41,27
1994-95,IPS,Ipswich Town,42,27
1994-95,LEE,Leeds United,1,1
1994-95,LEE,Leeds United,2,4
1994-95,LEE,Leeds United,3,4
1994-95,LEE,Leeds United,4,7
1994-95,LEE,Leeds United,5,10
1994-95,LEE,Leeds United,6,10
1994-95,LEE,Leeds United,7,11
1994-95,LEE,Leeds United,8,14
1994-95,LEE,Leeds United,9,14
1994-95,LEE,Leeds United,10,15
1994-95,LEE,Leeds United,11,18
1994-95,LEE,Leeds United,12,21
1994-95,LEE,Leeds United,13,21
1994-95,LEE,Leeds United,14,24
1994-95,LEE,Leeds United,15,24
1994-95,LEE,Leeds United,16,27
1994-95,LEE,Leeds United,17,27
1994-95,LEE,Leeds United,18,28
1994-95,LEE,Leeds United,19,31
1994-95,LEE,Leeds United,20,32
1994-95,LEE,Leeds United,21,32
1994-95,LEE,Leeds United,22,33
1994-95,LEE,Leeds United,23,34
1994-95,LEE,Leeds United,24,37
1994-95,LEE,Leeds United,25,38
1994-95,LEE,Leeds United,26,39
1994-95,LEE,Leeds United,27,42
1994-95,LEE,Leeds United,28,43
1994-95,LEE,Leeds United,29,43
1994-95,LEE,Leeds United,30,46
1994-95,LEE,Leeds United,31,49
1994-95,LEE,Leeds United,32,52
1994-95,LEE,Leeds United,33,52
1994-95,LEE,Leeds United,34,53
1994-95,LEE,Leeds United,35,56
1994-95,LEE,Leeds United,36,59
1994-95,LEE,Leeds United,37,60
1994-95,LEE,Leeds United,38,63
1994-95,LEE,Leeds United,39,66
1994-95,LEE,Leeds United,40,69
1994-95,LEE,Leeds United,41,72
1994-95,LEE,Leeds United,42,73
1994-95,LEI,Leicester City,1,0
1994-95,LEI,Leicester City,2,0
1994-95,LEI,Leicester City,3,0
1994-95,LEI,Leicester City,4,1
1994-95,LEI,Leicester City,5,1
1994-95,LEI,Leicester City,6,4
1994-95,LEI,Leicester City,7,5
1994-95,LEI,Leicester City,8,6
1994-95,LEI,Leicester City,9,6
1994-95,LEI,Leicester City,10,9
1994-95,LEI,Leicester City,11,9
1994-95,LEI,Leicester City,12,9
1994-95,LEI,Leicester City,13,9
1994-95,LEI,Leicester City,14,9
1994-95,LEI,Leicester City,15,12
1994-95,LEI,Leicester City,16,12
1994-95,LEI,Leicester City,17,13
1994-95,LEI,Leicester City,18,13
1994-95,LEI,Leicester City,19,14
1994-95,LEI,Leicester City,20,14
1994-95,LEI,Leicester City,21,15
1994-95,LEI,Leicester City,22,15
1994-95,LEI,Leicester City,23,15
1994-95,LEI,Leicester City,24,15
1994-95,LEI,Leicester City,25,18
1994-95,LEI,Leicester City,26,18
1994-95,LEI,Leicester City,27,19
1994-95,LEI,Leicester City,28,20
1994-95,LEI,Leicester City,29,20
1994-95,LEI,Leicester City,30,21
1994-95,LEI,Leicester City,31,21
1994-95,LEI,Leicester City,32,21
1994-95,LEI,Leicester City,33,21
1994-95,LEI,Leicester City,34,21
1994-95,LEI,Leicester City,35,21
1994-95,LEI,Leicester City,36,24
1994-95,LEI,Leicester City,37,24
1994-95,LEI,Leicester City,38,24
1994-95,LEI,Leicester City,39,24
1994-95,LEI,Leicester City,40,27
1994-95,LEI,Leicester City,41,28
1994-95,LEI,Leicester City,42,29
1994-95,LIV,Liverpool,1,3
1994-95,LIV,Liverpool,2,6
1994-95,LIV,Liverpool,3,9
1994-95,LIV,Liverpool,4,10
1994-95,LIV,Liverpool,5,10
1994-95,LIV,Liverpool,6,11
1994-95,LIV,Liverpool,7,14
1994-95,LIV,Liverpool,8,17
1994-95,LIV,Liverpool,9,17
1994-95,LIV,Liverpool,10,20
1994-95,LIV,Liverpool,11,23
1994-95,LIV,Liverpool,12,23
1994-95,LIV,Liverpool,13,26
1994-95,LIV,Liverpool,14,29
1994-95,LIV,Liverpool,15,29
1994-95,LIV,Liverpool,16,30
1994-95,LIV,Liverpool,17,31
1994-95,LIV,Liverpool,18,32
1994-95,LIV,Liverpool,19,33
1994-95,LIV,Liverpool,20,36
1994-95,LIV,Liverpool,21,39
1994-95,LIV,Liverpool,22,42
1994-95,LIV,Liverpool,23,45
1994-95,LIV,Liverpool,24,45
1994-95,LIV,Liverpool,25,46
1994-95,LIV,Liverpool,26,47
1994-95,LIV,Liverpool,27,48
1994-95,LIV,Liverpool,28,51
1994-95,LIV,Liverpool,29,54
1994-95,LIV,Liverpool,30,54
1994-95,LIV,Liverpool,31,57
1994-95,LIV,Liverpool,32,58
1994-95,LIV,Liverpool,33,61
1994-95,LIV,Liverpool,34,61
1994-95,LIV,Liverpool,35,64
1994-95,LIV,Liverpool,36,64
1994-95,LIV,Liverpool,37,67
1994-95,LIV,Liverpool,38,70
1994-95,LIV,Liverpool,39,71
1994-95,LIV,Liverpool,40,71
1994-95,LIV,Liverpool,41,71
1994-95,LIV,Liverpool,42,74
1994-95,MCI,Manchester City,1,0
1994-95,MCI,Manchester City,2,3
1994-95,MCI,Manchester City,3,6
1994-95,MCI,Manchester City,4,6
1994-95,MCI,Manchester City,5,7
1994-95,MCI,Manchester City,6,8
1994-95,MCI,Manchester City,7,11
1994-95,MCI,Manchester City,8,11
1994-95,MCI,Manchester City,9,12
1994-95,MCI,Manchester City,10,15
1994-95,MCI,Manchester City,11,18
1994-95,MCI,Manchester City,12,18
1994-95,MCI,Manchester City,13,19
1994-95,MCI,Manchester City,14,19
1994-95,MCI,Manchester City,15,22
1994-95,MCI,Manchester City,16,25
1994-95,MCI,Manchester City,17,28
1994-95,MCI,Manchester City,18,28
1994-95,MCI,Manchester City,19,28
1994-95,MCI,Manchester City,20,28
1994-95,MCI,Manchester City,21,28
1994-95,MCI,Manchester City,22,29
1994-95,MCI,Manchester City,23,30
1994-95,MCI,Manchester City,24,31
1994-95,MCI,Manchester City,25,31
1994-95,MCI,Manchester City,26,32
1994-95,MCI,Manchester City,27,32
1994-95,MCI,Manchester City,28,35
1994-95,MCI,Manchester City,29,36
1994-95,MCI,Manchester City,30,37
1994-95,MCI,Manchester City,31,37
1994-95,MCI,Manchester City,32,38
1994-95,MCI,Manchester City,33,41
1994-95,MCI,Manchester City,34,41
1994-95,MCI,Manchester City,35,41
1994-95,MCI,Manchester City,36,41
1994-95,MCI,Manchester City,37,44
1994-95,MCI,Manchester City,38,47
1994-95,MCI,Manchester City,39,48
1994-95,MCI,Manchester City,40,49
1994-95,MCI,Manchester City,41,49
1994-95,MCI,Manchester City,42,49
1994-95,MUN,Manchester United,1,3
1994-95,MUN,Manchester United,2,4
1994-95,MUN,Manchester United,3,7
1994-95,MUN,Manchester United,4,10
1994-95,MUN,Manchester United,5,10
1994-95,MUN,Manchester United,6,13
1994-95,MUN,Manchester United,7,13
1994-95,MUN,Manchester United,8,16
1994-95,MUN,Manchester United,9,16
1994-95,MUN,Manchester United,10,19
1994-95,MUN,Manchester United,11,22
1994-95,MUN,Manchester United,12,25
1994-95,MUN,Manchester United,13,28
1994-95,MUN,Manchester United,14,31
1994-95,MUN,Manchester United,15,34
1994-95,MUN,Manchester United,16,35
1994-95,MUN,Manchester United,17,38
1994-95,MUN,Manchester United,18,41
1994-95,MUN,Manchester United,19,41
1994-95,MUN,Manchester United,20,44
1994-95,MUN,Manchester United,21,45
1994-95,MUN,Manchester United,22,46
1994-95,MUN,Manchester United,23,49
1994-95,MUN,Manchester United,24,50
1994-95,MUN,Manchester United,25,53
1994-95,MUN,Manchester United,26,54
1994-95,MUN,Manchester United,27,57
1994-95,MUN,Manchester United,28,60
1994-95,MUN,Manchester United,29,63
1994-95,MUN,Manchester United,30,63
1994-95,MUN,Manchester United,31,66
1994-95,MUN,Manchester United,32,69
1994-95,MUN,Manchester United,33,70
1994-95,MUN,Manchester United,34,70
1994-95,MUN,Manchester United,35,73
1994-95,MUN,Manchester United,36,74
1994-95,MUN,Manchester United,37,77
1994-95,MUN,Manchester United,38,78
1994-95,MUN,Manchester United,39,81
1994-95,MUN,Manchester United,40,84
1994-95,MUN,Manchester United,41,87
1994-95,MUN,Manchester United,42,88
1994-95,NEW,Newcastle United,1,3
1994-95,NEW,Newcastle United,2,6
1994-95,NEW,Newcastle United,3,9
1994-95,NEW,Newcastle United,4,12
1994-95,NEW,Newcastle United,5,15
1994-95,NEW,Newcastle United,6,18
1994-95,NEW,Newcastle United,7,19
1994-95,NEW,Newcastle United,8,22
1994-95,NEW,Newcastle United,9,23
1994-95,NEW,Newcastle United,10,26
1994-95,NEW,Newcastle United,11,29
1994-95,NEW,Newcastle United,12,29
1994-95,NEW,Newcastle United,13,32
1994-95,NEW,Newcastle United,14,33
1994-95,NEW,Newcastle United,15,33
1994-95,NEW,Newcastle United,16,34
1994-95,NEW,Newcastle United,17,34
1994-95,NEW,Newcastle United,18,37
1994-95,NEW,Newcastle United,19,38
1994-95,NEW,Newcastle United,20,39
1994-95,NEW,Newcastle United,21,39
1994-95,NEW,Newcastle United,22,40
1994-95,NEW,Newcastle United,23,41
1994-95,NEW,Newcastle United,24,42
1994-95,NEW,Newcastle United,25,45
1994-95,NEW,Newcastle United,26,48
1994-95,NEW,Newcastle United,27,48
1994-95,NEW,Newcastle United,28,51
1994-95,NEW,Newcastle United,29,54
1994-95,NEW,Newcastle United,30,57
1994-95,NEW,Newcastle United,31,57
1994-95,NEW,Newcastle United,32,60
1994-95,NEW,Newcastle United,33,63
1994-95,NEW,Newcastle United,34,63
1994-95,NEW,Newcastle United,35,64
1994-95,NEW,Newcastle United,36,67
1994-95,NEW,Newcastle United,37,67
1994-95,NEW,Newcastle United,38,67
1994-95,NEW,Newcastle United,39,68
1994-95,NEW,Newcastle United,40,69
1994-95,NEW,Newcastle United,41,69
1994-95,NEW,Newcastle United,42,72
1994-95,NFO,Nottingham Forest,1,3
1994-95,NFO,Nottingham Forest,2,4
1994-95,NFO,Nottingham Forest,3,7
1994-95,NFO,Nottingham Forest,4,10
1994-95,NFO,Nottingham Forest,5,13
1994-95,NFO,Nottingham Forest,6,14
1994-95,NFO,Nottingham Forest,7,17
1994-95,NFO,Nottingham Forest,8,20
1994-95,NFO,Nottingham Forest,9,21
1994-95,NFO,Nottingham Forest,10,24
1994-95,NFO,Nottingham Forest,11,27
1994-95,NFO,Nottingham Forest,12,27
1994-95,NFO,Nottingham Forest,13,27
1994-95,NFO,Nottingham Forest,14,28
1994-95,NFO,Nottingham Forest,15,28
1994-95,NFO,Nottingham Forest,16,28
1994-95,NFO,Nottingham Forest,17,29
1994-95,NFO,Nottingham Forest,18,32
1994-95,NFO,Nottingham Forest,19,35
1994-95,NFO,Nottingham Forest,20,36
1994-95,NFO,Nottingham Forest,21,39
1994-95,NFO,Nottingham Forest,22,39
1994-95,NFO,Nottingham Forest,23,42
1994-95,NFO,Nottingham Forest,24,42
1994-95,NFO,Nottingham Forest,25,42
1994-95,NFO,Nottingham Forest,26,45
1994-95,NFO,Nottingham Forest,27,46
1994-95,NFO,Nottingham Forest,28,46
1994-95,NFO,Nottingham Forest,29,46
1994-95,NFO,Nottingham Forest,30,47
1994-95,NFO,Nottingham Forest,31,48
1994-95,NFO,Nottingham Forest,32,51
1994-95,NFO,Nottingham Forest,33,54
1994-95,NFO,Nottingham Forest,34,57
1994-95,NFO,Nottingham Forest,35,60
1994-95,NFO,Nottingham Forest,36,63
1994-95,NFO,Nottingham Forest,37,64
1994-95,NFO,Nottingham Forest,38,67
1994-95,NFO,Nottingham Forest,39,70
1994-95,NFO,Nottingham Forest,40,73
1994-95,NFO,Nottingham Forest,41,76
1994-95,NFO,Nottingham Forest,42,77
1994-95,NOR,Norwich City,1,0
1994-95,NOR,Norwich City,2,1
1994-95,NOR,Norwich City,3,4
1994-95,NOR,Norwich City,4,5
1994-95,NOR,Norwich City,5,6
1994-95,NOR,Norwich City,6,9
1994-95,NOR,Norwich City,7,9
1994-95,NOR,Norwich City,8,12
1994-95,NOR,Norwich City,9,15
1994-95,NOR,Norwich City,10,16
1994-95,NOR,Norwich City,11,19
1994-95,NOR,Norwich City,12,19
1994-95,NOR,Norwich City,13,20
1994-95,NOR,Norwich City,14,21
1994-95,NOR,Norwich City,15,21
1994-95,NOR,Norwich City,16,24
1994-95,NOR,Norwich City,17,24
1994-95,NOR,Norwich City,18,27
1994-95,NOR,Norwich City,19,30
1994-95,NOR,Norwich City,20,30
1994-95,NOR,Norwich City,21,30
1994-95,NOR,Norwich City,22,33
1994-95,NOR,Norwich City,23,33
1994-95,NOR,Norwich City,24,33
1994-95,NOR,Norwich City,25,34
1994-95,NOR,Norwich City,26,34
1994-95,NOR,Norwich City,27,35
1994-95,NOR,Norwich City,28,35
1994-95,NOR,Norwich City,29,36
1994-95,NOR,Norwich City,30,37
1994-95,NOR,Norwich City,31,38
1994-95,NOR,Norwich City,32,39
1994-95,NOR,Norwich City,33,39
1994-95,NOR,Norwich City,34,42
1994-95,NOR,Norwich City,35,42
1994-95,NOR,Norwich City,36,42
1994-95,NOR,Norwich City,37,42
1994-95,NOR,Norwich City,38,42
1994-95,NOR,Norwich City,39,42
1994-95,NOR,Norwich City,40,42
1994-95,NOR,Norwich City,41,42
1994-95,NOR,Norwich City,42,43
1994-95,QPR,Queens Park Rangers,1,0
1994-95,QPR,Queens Park Rangers,2,3
1994-95,QPR,Queens Park Rangers,3,3
1994-95,QPR,Queens Park Rangers,4,4
1994-95,QPR,Queens Park Rangers,5,5
1994-95,QPR,Queens Park Rangers,6,6
1994-95,QPR,Queens Park Rangers,7,6
1994-95,QPR,Queens Park Rangers,8,6
1994-95,QPR,Queens Park Rangers,9,7
1994-95,QPR,Queens Park Rangers,10,7
1994-95,QPR,Queens Park Rangers,11,7
1994-95,QPR,Queens Park Rangers,12,10
1994-95,QPR,Queens Park Rangers,13,13
1994-95,QPR,Queens Park Rangers,14,13
1994-95,QPR,Queens Park Rangers,15,16
1994-95,QPR,Queens Park Rangers,16,16
1994-95,QPR,Queens Park Rangers,17,19
1994-95,QPR,Queens Park Rangers,18,19
1994-95,QPR,Queens Park Rangers,19,22
1994-95,QPR,Queens Park Rangers,20,23
1994-95,QPR,Queens Park Rangers,21,24
1994-95,QPR,Queens Park Rangers,22,27
1994-95,QPR,Queens Park Rangers,23,27
1994-95,QPR,Queens Park Rangers,24,27
1994-95,QPR,Queens Park Rangers,25,30
1994-95,QPR,Queens Park Rangers,26,31
1994-95,QPR,Queens Park Rangers,27,32
1994-95,QPR,Queens Park Rangers,28,35
1994-95,QPR,Queens Park Rangers,29,38
1994-95,QPR,Queens Park Rangers,30,41
1994-95,QPR,Queens Park Rangers,31,41
1994-95,QPR,Queens Park Rangers,32,44
1994-95,QPR,Queens Park Rangers,33,47
1994-95,QPR,Queens Park Rangers,34,47
1994-95,QPR,Queens Park Rangers,35,50
1994-95,QPR,Queens Park Rangers,36,53
1994-95,QPR,Queens Park Rangers,37,53
1994-95,QPR,Queens Park Rangers,38,53
1994-95,QPR,Queens Park Rangers,39,53
1994-95,QPR,Queens Park Rangers,40,54
1994-95,QPR,Queens Park Rangers,41,57
1994-95,QPR,Queens Park Rangers,42,60
1994-95,SHW,Sheffield Wednesday,1,0
1994-95,SHW,Sheffield Wednesday,2,0
1994-95,SHW,Sheffield Wednesday,3,3
1994-95,SHW,Sheffield Wednesday,4,4
1994-95,SHW,Sheffield Wednesday,5,4
1994-95,SHW,Sheffield Wednesday,6,5
1994-95,SHW,Sheffield Wednesday,7,6
1994-95,SHW,Sheffield Wednesday,8,6
1994-95,SHW,Sheffield Wednesday,9,9
1994-95,SHW,Sheffield Wednesday,10,12
1994-95,SHW,Sheffield Wednesday,11,12
1994-95,SHW,Sheffield Wednesday,12,13
1994-95,SHW,Sheffield Wednesday,13,13
1994-95,SHW,Sheffield Wednesday,14,14
1994-95,SHW,Sheffield Wednesday,15,17
1994-95,SHW,Sheffield Wednesday,16,18
1994-95,SHW,Sheffield Wednesday,17,21
1994-95,SHW,Sheffield Wednesday,18,21
1994-95,SHW,Sheffield Wednesday,19,21
1994-95,SHW,Sheffield Wednesday,20,24
1994-95,SHW,Sheffield Wednesday,21,27
1994-95,SHW,Sheffield Wednesday,22,30
1994-95,SHW,Sheffield Wednesday,23,31
1994-95,SHW,Sheffield Wednesday,24,32
1994-95,SHW,Sheffield Wednesday,25,33
1994-95,SHW,Sheffield Wednesday,26,36
1994-95,SHW,Sheffield Wednesday,27,39
1994-95,SHW,Sheffield Wednesday,28,39
1994-95,SHW,Sheffield Wednesday,29,39
1994-95,SHW,Sheffield Wednesday,30,39
1994-95,SHW,Sheffield Wednesday,31,42
1994-95,SHW,Sheffield Wednesday,32,43
1994-95,SHW,Sheffield Wednesday,33,43
1994-95,SHW,Sheffield Wednesday,34,43
1994-95,SHW,Sheffield Wednesday,35,43
1994-95,SHW,Sheffield Wednesday,36,43
1994-95,SHW,Sheffield Wednesday,37,46
1994-95,SHW,Sheffield Wednesday,38,46
1994-95,SHW,Sheffield Wednesday,39,47
1994-95,SHW,Sheffield Wednesday,40,48
1994-95,SHW,Sheffield Wednesday,41,48
1994-95,SHW,Sheffield Wednesday,42,51
1994-95,SOU,Southampton,1,1
1994-95,SOU,Southampton,2,2
1994-95,SOU,Southampton,3,2
1994-95,SOU,Southampton,4,2
1994-95,SOU,Southampton,5,5
1994-95,SOU,Southampton,6,6
1994-95,SOU,Southampton,7,9
1994-95,SOU,Southampton,8,12
1994-95,SOU,Southampton,9,15
1994-95,SOU,Southampton,10,15
1994-95,SOU,Southampton,11,15
1994-95,SOU,Southampton,12,15
1994-95,SOU,Southampton,13,16
1994-95,SOU,Southampton,14,17
1994-95,SOU,Southampton,15,20
1994-95,SOU,Southampton,16,21
1994-95,SOU,Southampton,17,21
1994-95,SOU,Southampton,18,21
1994-95,SOU,Southampton,19,24
1994-95,SOU,Southampton,20,24
1994-95,SOU,Southampton,21,25
1994-95,SOU,Southampton,22,26
1994-95,SOU,Southampton,23,27
1994-95,SOU,Southampton,24,28
1994-95,SOU,Southampton,25,29
1994-95,SOU,Southampton,26,30
1994-95,SOU,Southampton,27,31
1994-95,SOU,Southampton,28,31
1994-95,SOU,Southampton,29,32
1994-95,SOU,Southampton,30,33
1994-95,SOU,Southampton,31,33
1994-95,SOU,Southampton,32,36
1994-95,SOU,Southampton,33,39
1994-95,SOU,Southampton,34,39
1994-95,SOU,Southampton,35,42
1994-95,SOU,Southampton,36,45
1994-95,SOU,Southampton,37,48
1994-95,SOU,Southampton,38,49
1994-95,SOU,Southampton,39,52
1994-95,SOU,Southampton,40,53
1994-95,SOU,Southampton,41,53
1994-95,SOU,Southampton,42,54
1994-95,TOT,Tottenham Hotspur,1,3
1994-95,TOT,Tottenham Hotspur,2,6
1994-95,TOT,Tottenham Hotspur,3,6
1994-95,TOT,Tottenham Hotspur,4,9
1994-95,TOT,Tottenham Hotspur,5,9
1994-95,TOT,Tottenham Hotspur,6,9
1994-95,TOT,Tottenham Hotspur,7,9
1994-95,TOT,Tottenham Hotspur,8,12
1994-95,TOT,Tottenham Hotspur,9,13
1994-95,TOT,Tottenham Hotspur,10,14
1994-95,TOT,Tottenham Hotspur,11,14
1994-95,TOT,Tottenham Hotspur,12,17
1994-95,TOT,Tottenham Hotspur,13,17
1994-95,TOT,Tottenham Hotspur,14,17
1994-95,TOT,Tottenham Hotspur,15,18
1994-95,TOT,Tottenham Hotspur,16,19
1994-95,TOT,Tottenham Hotspur,17,22
1994-95,TOT,Tottenham Hotspur,18,25
1994-95,TOT,Tottenham Hotspur,19,26
1994-95,TOT,Tottenham Hotspur,20,29
1994-95,TOT,Tottenham Hotspur,21,30
1994-95,TOT,Tottenham Hotspur,22,33
1994-95,TOT,Tottenham Hotspur,23,36
1994-95,TOT,Tottenham Hotspur,24,39
1994-95,TOT,Tottenham Hotspur,25,39
1994-95,TOT,Tottenham Hotspur,26,42
1994-95,TOT,Tottenham Hotspur,27,43
1994-95,TOT,Tottenham Hotspur,28,43
1994-95,TOT,Tottenham Hotspur,29,44
1994-95,TOT,Tottenham Hotspur,30,47
1994-95,TOT,Tottenham Hotspur,31,48
1994-95,TOT,Tottenham Hotspur,32,51
1994-95,TOT,Tottenham Hotspur,33,52
1994-95,TOT,Tottenham Hotspur,34,52
1994-95,TOT,Tottenham Hotspur,35,55
1994-95,TOT,Tottenham Hotspur,36,56
1994-95,TOT,Tottenham Hotspur,37,59
1994-95,TOT,Tottenham Hotspur,38,60
1994-95,TOT,Tottenham Hotspur,39,61
1994-95,TOT,Tottenham Hotspur,40,61
1994-95,TOT,Tottenham Hotspur,41,61
1994-95,TOT,Tottenham Hotspur,42,62
1994-95,WHU,West Ham United,1,1
1994-95,WHU,West Ham United,2,1
1994-95,WHU,West Ham United,3,1
1994-95,WHU,West Ham United,4,1
1994-95,WHU,West Ham United,5,2
1994-95,WHU,West Ham United,6,5
1994-95,WHU,West Ham United,7,5
1994-95,WHU,West Ham United,8,8
1994-95,WHU,West Ham United,9,11
1994-95,WHU,West Ham United,10,11
1994-95,WHU,West Ham United,11,14
1994-95,WHU,West Ham United,12,14
1994-95,WHU,West Ham United,13,14
1994-95,WHU,West Ham United,14,17
1994-95,WHU,West Ham United,15,17
1994-95,WHU,West Ham United,16,17
1994-95,WHU,West Ham United,17,17
1994-95,WHU,West Ham United,18,18
1994-95,WHU,West Ham United,19,21
1994-95,WHU,West Ham United,20,22
1994-95,WHU,West Ham United,21,22
1994-95,WHU,West Ham United,22,25
1994-95,WHU,West Ham United,23,25
1994-95,WHU,West Ham United,24,25
1994-95,WHU,West Ham United,25,25
1994-95,WHU,West Ham United,26,28
1994-95,WHU,West Ham United,27,29
1994-95,WHU,West Ham United,28,29
1994-95,WHU,West Ham United,29,29
1994-95,WHU,West Ham United,30,32
1994-95,WHU,West Ham United,31,32
1994-95,WHU,West Ham United,32,33
1994-95,WHU,West Ham United,33,34
1994-95,WHU,West Ham United,34,37
1994-95,WHU,West Ham United,35,38
1994-95,WHU,West Ham United,36,41
1994-95,WHU,West Ham United,37,42
1994-95,WHU,West Ham United,38,45
1994-95,WHU,West Ham United,39,46
1994-95,WHU,West Ham United,40,46
1994-95,WHU,West Ham United,41,49
1994-95,WHU,West Ham United,42,50
1994-95,WIM,Wimbledon,1,1
1994-95,WIM,Wimbledon,2,2
1994-95,WIM,Wimbledon,3,2
1994-95,WIM,Wimbledon,4,2
1994-95,WIM,Wimbledon,5,5
1994-95,WIM,Wimbledon,6,6
1994-95,WIM,Wimbledon,7,9
1994-95,WIM,Wimbledon,8,9
1994-95,WIM,Wimbledon,9,9
1994-95,WIM,Wimbledon,10,9
1994-95,WIM,Wimbledon,11,9
1994-95,WIM,Wimbledon,12,12
1994-95,WIM,Wimbledon,13,12
1994-95,WIM,Wimbledon,14,15
1994-95,WIM,Wimbledon,15,18
1994-95,WIM,Wimbledon,16,18
1994-95,WIM,Wimbledon,17,18
1994-95,WIM,Wimbledon,18,21
1994-95,WIM,Wimbledon,19,22
1994-95,WIM,Wimbledon,20,25
1994-95,WIM,Wimbledon,21,28
1994-95,WIM,Wimbledon,22,29
1994-95,WIM,Wimbledon,23,32
1994-95,WIM,Wimbledon,24,35
1994-95,WIM,Wimbledon,25,35
1994-95,WIM,Wimbledon,26,36
1994-95,WIM,Wimbledon,27,36
1994-95,WIM,Wimbledon,28,36
1994-95,WIM,Wimbledon,29,39
1994-95,WIM,Wimbledon,30,39
1994-95,WIM,Wimbledon,31,39
1994-95,WIM,Wimbledon,32,42
1994-95,WIM,Wimbledon,33,45
1994-95,WIM,Wimbledon,34,48
1994-95,WIM,Wimbledon,35,51
1994-95,WIM,Wimbledon,36,52
1994-95,WIM,Wimbledon,37,52
1994-95,WIM,Wimbledon,38,52
1994-95,WIM,Wimbledon,39,53
1994-95,WIM,Wimbledon,40,54
1994-95,WIM,Wimbledon,41,55
1994-95,WIM,Wimbledon,42,56
1995-96,ARS,Arsenal,1,1
1995-96,ARS,Arsenal,2,4
1995-96,ARS,Arsenal,3,5
1995-96,ARS,Arsenal,4,6
1995-96,ARS,Arsenal,5,9
1995-96,ARS,Arsenal,6,12
1995-96,ARS,Arsenal,7,15
1995-96,ARS,Arsenal,8,15
1995-96,ARS,Arsenal,9,18
1995-96,ARS,Arsenal,10,21
1995-96,ARS,Arsenal,11,21
1995-96,ARS,Arsenal,12,24
1995-96,ARS,Arsenal,13,24
1995-96,ARS,Arsenal,14,27
1995-96,ARS,Arsenal,15,28
1995-96,ARS,Arsenal,16,29
1995-96,ARS,Arsenal,17,30
1995-96,ARS,Arsenal,18,31
1995-96,ARS,Arsenal,19,31
1995-96,ARS,Arsenal,20,34
1995-96,ARS,Arsenal,21,34
1995-96,ARS,Arsenal,22,34
1995-96,ARS,Arsenal,23,37
1995-96,ARS,Arsenal,24,37
1995-96,ARS,Arsenal,25,38
1995-96,ARS,Arsenal,26,41
1995-96,ARS,Arsenal,27,44
1995-96,ARS,Arsenal,28,45
1995-96,ARS,Arsenal,29,48
1995-96,ARS,Arsenal,30,51
1995-96,ARS,Arsenal,31,51
1995-96,ARS,Arsenal,32,54
1995-96,ARS,Arsenal,33,57
1995-96,ARS,Arsenal,34,57
1995-96,ARS,Arsenal,35,58
1995-96,ARS,Arsenal,36,59
1995-96,ARS,Arsenal,37,60
1995-96,ARS,Arsenal,38,63
1995-96,AVL,Aston Villa,1,3
1995-96,AVL,Aston Villa,2,6
1995-96,AVL,Aston Villa,3,6
1995-96,AVL,Aston Villa,4,9
1995-96,AVL,Aston Villa,5,10
1995-96,AVL,Aston Villa,6,13
1995-96,AVL,Aston Villa,7,14
1995-96,AVL,Aston Villa,8,17
1995-96,AVL,Aston Villa,9,17
1995-96,AVL,Aston Villa,10,17
1995-96,AVL,Aston Villa,11,20
1995-96,AVL,Aston Villa,12,23
1995-96,AVL,Aston Villa,13,24
1995-96,AVL,Aston Villa,14,27
1995-96,AVL,Aston Villa,15,27
1995-96,AVL,Aston Villa,16,28
1995-96,AVL,Aston Villa,17,29
1995-96,AVL,Aston Villa,18,32
1995-96,AVL,Aston Villa,19,32
1995-96,AVL,Aston Villa,20,35
1995-96,AVL,Aston Villa,21,36
1995-96,AVL,Aston Villa,22,39
1995-96,AVL,Aston Villa,23,39
1995-96,AVL,Aston Villa,24,42
1995-96,AVL,Aston Villa,25,45
1995-96,AVL,Aston Villa,26,46
1995-96,AVL,Aston Villa,27,49
1995-96,AVL,Aston Villa,28,49
1995-96,AVL,Aston Villa,29,52
1995-96,AVL,Aston Villa,30,55
1995-96,AVL,Aston Villa,31,55
1995-96,AVL,Aston Villa,32,56
1995-96,AVL,Aston Villa,33,59
1995-96,AVL,Aston Villa,34,62
1995-96,AVL,Aston Villa,35,62
1995-96,AVL,Aston Villa,36,63
1995-96,AVL,Aston Villa,37,63
1995-96,AVL,Aston Villa,38,63
1995-96,BLA,Blackburn Rovers,1,3
1995-96,BLA,Blackburn Rovers,2,3
1995-96,BLA,Blackburn Rovers,3,3
1995-96,BLA,Blackburn Rovers,4,3
1995-96,BLA,Blackburn Rovers,5,4
1995-96,BLA,Blackburn Rovers,6,4
1995-96,BLA,Blackburn Rovers,7,7
1995-96,BLA,Blackburn Rovers,8,7
1995-96,BLA,Blackburn Rovers,9,10
1995-96,BLA,Blackburn Rovers,10,11
1995-96,BLA,Blackburn Rovers,11,14
1995-96,BLA,Blackburn Rovers,12,14
1995-96,BLA,Blackburn Rovers,13,14
1995-96,BLA,Blackburn Rovers,14,17
1995-96,BLA,Blackburn Rovers,15,18
1995-96,BLA,Blackburn Rovers,16,21
1995-96,BLA,Blackburn Rovers,17,21
1995-96,BLA,Blackburn Rovers,18,24
1995-96,BLA,Blackburn Rovers,19,25
1995-96,BLA,Blackburn Rovers,20,28
1995-96,BLA,Blackburn Rovers,21,31
1995-96,BLA,Blackburn Rovers,22,32
1995-96,BLA,Blackburn Rovers,23,35
1995-96,BLA,Blackburn Rovers,24,38
1995-96,BLA,Blackburn Rovers,25,41
1995-96,BLA,Blackburn Rovers,26,41
1995-96,BLA,Blackburn Rovers,27,41
1995-96,BLA,Blackburn Rovers,28,41
1995-96,BLA,Blackburn Rovers,29,42
1995-96,BLA,Blackburn Rovers,30,45
1995-96,BLA,Blackburn Rovers,31,48
1995-96,BLA,Blackburn Rovers,32,48
1995-96,BLA,Blackburn Rovers,33,48
1995-96,BLA,Blackburn Rovers,34,51
1995-96,BLA,Blackburn Rovers,35,54
1995-96,BLA,Blackburn Rovers,36,57
1995-96,BLA,Blackburn Rovers,37,58
1995-96,BLA,Blackburn Rovers,38,61
1995-96,BOL,Bolton Wanderers,1,0
1995-96,BOL,Bolton Wanderers,2,0
1995-96,BOL,Bolton Wanderers,3,3
1995-96,BOL,Bolton Wanderers,4,3
1995-96,BOL,Bolton Wanderers,5,4
1995-96,BOL,Bolton Wanderers,6,4
1995-96,BOL,Bolton Wanderers,7,4
1995-96,BOL,Bolton Wanderers,8,4
1995-96,BOL,Bolton Wanderers,9,5
1995-96,BOL,Bolton Wanderers,10,5
1995-96,BOL,Bolton Wanderers,11,8
1995-96,BOL,Bolton Wanderers,12,8
1995-96,BOL,Bolton Wanderers,13,8
1995-96,BOL,Bolton Wanderers,14,8
1995-96,BOL,Bolton Wanderers,15,8
1995-96,BOL,Bolton Wanderers,16,9
1995-96,BOL,Bolton Wanderers,17,9
1995-96,BOL,Bolton Wanderers,18,9
1995-96,BOL,Bolton Wanderers,19,10
1995-96,BOL,Bolton Wanderers,20,10
1995-96,BOL,Bolton Wanderers,21,10
1995-96,BOL,Bolton Wanderers,22,10
1995-96,BOL,Bolton Wanderers,23,13
1995-96,BOL,Bolton Wanderers,24,13
1995-96,BOL,Bolton Wanderers,25,13
1995-96,BOL,Bolton Wanderers,26,13
1995-96,BOL,Bolton Wanderers,27,16
1995-96,BOL,Bolton Wanderers,28,16
1995-96,BOL,Bolton Wanderers,29,19
1995-96,BOL,Bolton Wanderers,30,22
1995-96,BOL,Bolton Wanderers,31,22
1995-96,BOL,Bolton Wanderers,32,25
1995-96,BOL,Bolton Wanderers,33,26
1995-96,BOL,Bolton Wanderers,34,26
1995-96,BOL,Bolton Wanderers,35,29
1995-96,BOL,Bolton Wanderers,36,29
1995-96,BOL,Bolton Wanderers,37,29
1995-96,BOL,Bolton Wanderers,38,29
1995-96,CHE,Chelsea,1,1
1995-96,CHE,Chelsea,2,2
1995-96,CHE,Chelsea,3,2
1995-96,CHE,Chelsea,4,3
1995-96,CHE,Chelsea,5,6
1995-96,CHE,Chelsea,6,9
1995-96,CHE,Chelsea,7,9
1995-96,CHE,Chelsea,8,12
1995-96,CHE,Chelsea,9,15
1995-96,CHE,Chelsea,10,15
1995-96,CHE,Chelsea,11,15
1995-96,CHE,Chelsea,12,16
1995-96,CHE,Chelsea,13,16
1995-96,CHE,Chelsea,14,19
1995-96,CHE,Chelsea,15,20
1995-96,CHE,Chelsea,16,21
1995-96,CHE,Chelsea,17,24
1995-96,CHE,Chelsea,18,25
1995-96,CHE,Chelsea,19,28
1995-96,CHE,Chelsea,20,28
1995-96,CHE,Chelsea,21,29
1995-96,CHE,Chelsea,22,32
1995-96,CHE,Chelsea,23,33
1995-96,CHE,Chelsea,24,36
1995-96,CHE,Chelsea,25,39
1995-96,CHE,Chelsea,26,39
1995-96,CHE,Chelsea,27,39
1995-96,CHE,Chelsea,28,42
1995-96,CHE,Chelsea,29,43
1995-96,CHE,Chelsea,30,44
1995-96,CHE,Chelsea,31,44
1995-96,CHE,Chelsea,32,45
1995-96,CHE,Chelsea,33,45
1995-96,CHE,Chelsea,34,45
1995-96,CHE,Chelsea,35,48
1995-96,CHE,Chelsea,36,49
1995-96,CHE,Chelsea,37,50
1995-96,CHE,Chelsea,38,50
1995-96,COV,Coventry City,1,0
1995-96,COV,Coventry City,2,3
1995-96,COV,Coventry City,3,4
1995-96,COV,Coventry City,4,5
1995-96,COV,Coventry City,5,6
1995-96,COV,Coventry City,6,6
1995-96,COV,Coventry City,7,6
1995-96,COV,Coventry City,8,6
1995-96,COV,Coventry City,9,7
1995-96,COV,Coventry City,10,7
1995-96,COV,Coventry City,11,7
1995-96,COV,Coventry City,12,7
1995-96,COV,Coventry City,13,8
1995-96,COV,Coventry City,14,8
1995-96,COV,Coventry City,15,9
1995-96,COV,Coventry City,16,9
1995-96,COV,Coventry City,17,12
1995-96,COV,Coventry City,18,12
1995-96,COV,Coventry City,19,15
1995-96,COV,Coventry City,20,18
1995-96,COV,Coventry City,21,19
1995-96,COV,Coventry City,22,19
1995-96,COV,Coventry City,23,20
1995-96,COV,Coventry City,24,20
1995-96,COV,Coventry City,25,21
1995-96,COV,Coventry City,26,24
1995-96,COV,Coventry City,27,25
1995-96,COV,Coventry City,28,26
1995-96,COV,Coventry City,29,27
1995-96,COV,Coventry City,30,27
1995-96,COV,Coventry City,31,27
1995-96,COV,Coventry City,32,27
1995-96,COV,Coventry City,33,30
1995-96,COV,Coventry City,34,30
1995-96,COV,Coventry City,35,33
1995-96,COV,Coventry City,36,34
1995-96,COV,Coventry City,37,37
1995-96,COV,Coventry City,38,38
1995-96,EVE,Everton,1,1
1995-96,EVE,Everton,2,1
1995-96,EVE,Everton,3,4
1995-96,EVE,Everton,4,7
1995-96,EVE,Everton,5,7
1995-96,EVE,Everton,6,7
1995-96,EVE,Everton,7,7
1995-96,EVE,Everton,8,7
1995-96,EVE,Everton,9,8
1995-96,EVE,Everton,10,9
1995-96,EVE,Everton,11,9
1995-96,EVE,Everton,12,12
1995-96,EVE,Everton,13,15
1995-96,EVE,Everton,14,18
1995-96,EVE,Everton,15,19
1995-96,EVE,Everton,16,20
1995-96,EVE,Everton,17,23
1995-96,EVE,Everton,18,23
1995-96,EVE,Everton,19,23
1995-96,EVE,Everton,20,26
1995-96,EVE,Everton,21,29
1995-96,EVE,Everton,22,32
1995-96,EVE,Everton,23,33
1995-96,EVE,Everton,24,36
1995-96,EVE,Everton,25,37
1995-96,EVE,Everton,26,40
1995-96,EVE,Everton,27,40
1995-96,EVE,Everton,28,43
1995-96,EVE,Everton,29,46
1995-96,EVE,Everton,30,47
1995-96,EVE,Everton,31,48
1995-96,EVE,Everton,32,48
1995-96,EVE,Everton,33,51
1995-96,EVE,Everton,34,54
1995-96,EVE,Everton,35,54
1995-96,EVE,Everton,36,55
1995-96,EVE,Everton,37,58
1995-96,EVE,Everton,38,61
1995-96,LEE,Leeds United,1,3
1995-96,LEE,Leeds United,2,6
1995-96,LEE,Leeds United,3,9
1995-96,LEE,Leeds United,4,10
1995-96,LEE,Leeds United,5,10
1995-96,LEE,Leeds United,6,10
1995-96,LEE,Leeds United,7,13
1995-96,LEE,Leeds United,8,16
1995-96,LEE,Leeds United,9,16
1995-96,LEE,Leeds United,10,17
1995-96,LEE,Leeds United,11,20
1995-96,LEE,Leeds United,12,21
1995-96,LEE,Leeds United,13,24
1995-96,LEE,Leeds United,14,24
1995-96,LEE,Leeds United,15,24
1995-96,LEE,Leeds United,16,25
1995-96,LEE,Leeds United,17,25
1995-96,LEE,Leeds United,18,28
1995-96,LEE,Leeds United,19,31
1995-96,LEE,Leeds United,20,31
1995-96,LEE,Leeds United,21,32
1995-96,LEE,Leeds United,22,35
1995-96,LEE,Leeds United,23,35
1995-96,LEE,Leeds United,24,35
1995-96,LEE,Leeds United,25,35
1995-96,LEE,Leeds United,26,35
1995-96,LEE,Leeds United,27,38
1995-96,LEE,Leeds United,28,38
1995-96,LEE,Leeds United,29,39
1995-96,LEE,Leeds United,30,39
1995-96,LEE,Leeds United,31,42
1995-96,LEE,Leeds United,32,42
1995-96,LEE,Leeds United,33,42
1995-96,LEE,Leeds United,34,42
1995-96,LEE,Leeds United,35,42
1995-96,LEE,Leeds United,36,42
1995-96,LEE,Leeds United,37,42
1995-96,LEE,Leeds United,38,43
1995-96,LIV,Liverpool,1,3
1995-96,LIV,Liverpool,2,3
1995-96,LIV,Liverpool,3,6
1995-96,LIV,Liverpool,4,9
1995-96,LIV,Liverpool,5,9
1995-96,LIV,Liverpool,6,12
1995-96,LIV,Liverpool,7,15
1995-96,LIV,Liverpool,8,16
1995-96,LIV,Liverpool,9,17
1995-96,LIV,Liverpool,10,20
1995-96,LIV,Liverpool,11,23
1995-96,LIV,Liverpool,12,23
1995-96,LIV,Liverpool,13,23
1995-96,LIV,Liverpool,14,24
1995-96,LIV,Liverpool,15,24
1995-96,LIV,Liverpool,16,25
1995-96,LIV,Liverpool,17,28
1995-96,LIV,Liverpool,18,31
1995-96,LIV,Liverpool,19,34
1995-96,LIV,Liverpool,20,35
1995-96,LIV,Liverpool,21,38
1995-96,LIV,Liverpool,22,39
1995-96,LIV,Liverpool,23,42
1995-96,LIV,Liverpool,24,45
1995-96,LIV,Liverpool,25,46
1995-96,LIV,Liverpool,26,49
1995-96,LIV,Liverpool,27,52
1995-96,LIV,Liverpool,28,55
1995-96,LIV,Liverpool,29,56
1995-96,LIV,Liverpool,30,59
1995-96,LIV,Liverpool,31,59
1995-96,LIV,Liverpool,32,62
1995-96,LIV,Liverpool,33,62
1995-96,LIV,Liverpool,34,65
1995-96,LIV,Liverpool,35,66
1995-96,LIV,Liverpool,36,69
1995-96,LIV,Liverpool,37,70
1995-96,LIV,Liverpool,38,71
1995-96,MCI,Manchester City,1,1
1995-96,MCI,Manchester City,2,1
1995-96,MCI,Manchester City,3,1
1995-96,MCI,Manchester City,4,1
1995-96,MCI,Manchester City,5,1
1995-96,MCI,Manchester City,6,1
1995-96,MCI,Manchester City,7,1
1995-96,MCI,Manchester City,8,1
1995-96,MCI,Manchester City,9,1
1995-96,MCI,Manchester City,10,2
1995-96,MCI,Manchester City,11,2
1995-96,MCI,Manchester City,12,5
1995-96,MCI,Manchester City,13,6
1995-96,MCI,Manchester City,14,9
1995-96,MCI,Manchester City,15,12
1995-96,MCI,Manchester City,16,15
1995-96,MCI,Manchester City,17,15
1995-96,MCI,Manchester City,18,16
1995-96,MCI,Manchester City,19,16
1995-96,MCI,Manchester City,20,16
1995-96,MCI,Manchester City,21,19
1995-96,MCI,Manchester City,22,19
1995-96,MCI,Manchester City,23,20
1995-96,MCI,Manchester City,24,21
1995-96,MCI,Manchester City,25,24
1995-96,MCI,Manchester City,26,24
1995-96,MCI,Manchester City,27,25
1995-96,MCI,Manchester City,28,26
1995-96,MCI,Manchester City,29,26
1995-96,MCI,Manchester City,30,27
1995-96,MCI,Manchester City,31,30
1995-96,MCI,Manchester City,32,30
1995-96,MCI,Manchester City,33,31
1995-96,MCI,Manchester City,34,31
1995-96,MCI,Manchester City,35,31
1995-96,MCI,Manchester City,36,34
1995-96,MCI,Manchester City,37,37
1995-96,MCI,Manchester City,38,38
1995-96,MID,Middlesbrough,1,1
1995-96,MID,Middlesbrough,2,4
1995-96,MID,Middlesbrough,3,4
1995-96,MID,Middlesbrough,4,5
1995-96,MID,Middlesbrough,5,6
1995-96,MID,Middlesbrough,6,9
1995-96,MID,Middlesbrough,7,12
1995-96,MID,Middlesbrough,8,15
1995-96,MID,Middlesbrough,9,18
1995-96,MID,Middlesbrough,10,21
1995-96,MID,Middlesbrough,11,21
1995-96,MID,Middlesbrough,12,22
1995-96,MID,Middlesbrough,13,23
1995-96,MID,Middlesbrough,14,23
1995-96,MID,Middlesbrough,15,26
1995-96,MID,Middlesbrough,16,27
1995-96,MID,Middlesbrough,17,30
1995-96,MID,Middlesbrough,18,30
1995-96,MID,Middlesbrough,19,33
1995-96,MID,Middlesbrough,20,33
1995-96,MID,Middlesbrough,21,33
1995-96,MID,Middlesbrough,22,33
1995-96,MID,Middlesbrough,23,33
1995-96,MID,Middlesbrough,24,33
1995-96,MID,Middlesbrough,25,33
1995-96,MID,Middlesbrough,26,33
1995-96,MID,Middlesbrough,27,33
1995-96,MID,Middlesbrough,28,34
1995-96,MID,Middlesbrough,29,34
1995-96,MID,Middlesbrough,30,34
1995-96,MID,Middlesbrough,31,35
1995-96,MID,Middlesbrough,32,36
1995-96,MID,Middlesbrough,33,39
1995-96,MID,Middlesbrough,34,42
1995-96,MID,Middlesbrough,35,43
1995-96,MID,Middlesbrough,36,43
1995-96,MID,Middlesbrough,37,43
1995-96,MID,Middlesbrough,38,43
1995-96,MUN,Manchester United,1,0
1995-96,MUN,Manchester United,2,3
1995-96,MUN,Manchester United,3,6
1995-96,MUN,Manchester United,4,9
1995-96,MUN,Manchester United,5,12
1995-96,MUN,Manchester United,6,15
1995-96,MUN,Manchester United,7,16
1995-96,MUN,Manchester United,8,17
1995-96,MUN,Manchester United,9,20
1995-96,MUN,Manchester United,10,23
1995-96,MUN,Manchester United,11,26
1995-96,MUN,Manchester United,12,26
1995-96,MUN,Manchester United,13,29
1995-96,MUN,Manchester United,14,32
1995-96,MUN,Manchester United,15,33
1995-96,MUN,Manchester United,16,34
1995-96,MUN,Manchester United,17,35
1995-96,MUN,Manchester United,18,35
1995-96,MUN,Manchester United,19,35
1995-96,MUN,Manchester United,20,38
1995-96,MUN,Manchester United,21,41
1995-96,MUN,Manchester United,22,41
1995-96,MUN,Manchester United,23,42
1995-96,MUN,Manchester United,24,45
1995-96,MUN,Manchester United,25,48
1995-96,MUN,Manchester United,26,51
1995-96,MUN,Manchester United,27,54
1995-96,MUN,Manchester United,28,57
1995-96,MUN,Manchester United,29,60
1995-96,MUN,Manchester United,30,61
1995-96,MUN,Manchester United,31,64
1995-96,MUN,Manchester United,32,67
1995-96,MUN,Manchester United,33,70
1995-96,MUN,Manchester United,34,73
1995-96,MUN,Manchester United,35,73
1995-96,MUN,Manchester United,36,76
1995-96,MUN,Manchester United,37,79
1995-96,MUN,Manchester United,38,82
1995-96,NEW,Newcastle United,1,3
1995-96,NEW,Newcastle United,2,6
1995-96,NEW,Newcastle United,3,9
1995-96,NEW,Newcastle United,4,12
1995-96,NEW,Newcastle United,5,12
1995-96,NEW,Newcastle United,6,15
1995-96,NEW,Newcastle United,7,18
1995-96,NEW,Newcastle United,8,21
1995-96,NEW,Newcastle United,9,24
1995-96,NEW,Newcastle United,10,27
1995-96,NEW,Newcastle United,11,28
1995-96,NEW,Newcastle United,12,31
1995-96,NEW,Newcastle United,13,34
1995-96,NEW,Newcastle United,14,35
1995-96,NEW,Newcastle United,15,38
1995-96,NEW,Newcastle United,16,39
1995-96,NEW,Newcastle United,17,39
1995-96,NEW,Newcastle United,18,42
1995-96,NEW,Newcastle United,19,45
1995-96,NEW,Newcastle United,20,45
1995-96,NEW,Newcastle United,21,48
1995-96,NEW,Newcastle United,22,51
1995-96,NEW,Newcastle United,23,54
1995-96,NEW,Newcastle United,24,57
1995-96,NEW,Newcastle United,25,60
1995-96,NEW,Newcastle United,26,60
1995-96,NEW,Newcastle United,27,61
1995-96,NEW,Newcastle United,28,61
1995-96,NEW,Newcastle United,29,64
1995-96,NEW,Newcastle United,30,64
1995-96,NEW,Newcastle United,31,64
1995-96,NEW,Newcastle United,32,67
1995-96,NEW,Newcastle United,33,67
1995-96,NEW,Newcastle United,34,70
1995-96,NEW,Newcastle United,35,73
1995-96,NEW,Newcastle United,36,76
1995-96,NEW,Newcastle United,37,77
1995-96,NEW,Newcastle United,38,78
1995-96,NFO,Nottingham Forest,1,3
1995-96,NFO,Nottingham Forest,2,4
1995-96,NFO,Nottingham Forest,3,5
1995-96,NFO,Nottingham Forest,4,6
1995-96,NFO,Nottingham Forest,5,7
1995-96,NFO,Nottingham Forest,6,10
1995-96,NFO,Nottingham Forest,7,11
1995-96,NFO,Nottingham Forest,8,14
1995-96,NFO,Nottingham Forest,9,17
1995-96,NFO,Nottingham Forest,10,20
1995-96,NFO,Nottingham Forest,11,21
1995-96,NFO,Nottingham Forest,12,24
1995-96,NFO,Nottingham Forest,13,24
1995-96,NFO,Nottingham Forest,14,25
1995-96,NFO,Nottingham Forest,15,26
1995-96,NFO,Nottingham Forest,16,27
1995-96,NFO,Nottingham Forest,17,28
1995-96,NFO,Nottingham Forest,18,28
1995-96,NFO,Nottingham Forest,19,31
1995-96,NFO,Nottingham Forest,20,34
1995-96,NFO,Nottingham Forest,21,34
1995-96,NFO,Nottingham Forest,22,37
1995-96,NFO,Nottingham Forest,23,37
1995-96,NFO,Nottingham Forest,24,40
1995-96,NFO,Nottingham Forest,25,40
1995-96,NFO,Nottingham Forest,26,40
1995-96,NFO,Nottingham Forest,27,40
1995-96,NFO,Nottingham Forest,28,43
1995-96,NFO,Nottingham Forest,29,44
1995-96,NFO,Nottingham Forest,30,47
1995-96,NFO,Nottingham Forest,31,47
1995-96,NFO,Nottingham Forest,32,50
1995-96,NFO,Nottingham Forest,33,53
1995-96,NFO,Nottingham Forest,34,53
1995-96,NFO,Nottingham Forest,35,54
1995-96,NFO,Nottingham Forest,36,54
1995-96,NFO,Nottingham Forest,37,55
1995-96,NFO,Nottingham Forest,38,58
1995-96,QPR,Queens Park Rangers,1,0
1995-96,QPR,Queens Park Rangers,2,0
1995-96,QPR,Queens Park Rangers,3,3
1995-96,QPR,Queens Park Rangers,4,3
1995-96,QPR,Queens Park Rangers,5,3
1995-96,QPR,Queens Park Rangers,6,6
1995-96,QPR,Queens Park Rangers,7,6
1995-96,QPR,Queens Park Rangers,8,9
1995-96,QPR,Queens Park Rangers,9,9
1995-96,QPR,Queens Park Rangers,10,9
1995-96,QPR,Queens Park Rangers,11,10
1995-96,QPR,Queens Park Rangers,12,10
1995-96,QPR,Queens Park Rangers,13,11
1995-96,QPR,Queens Park Rangers,14,11
1995-96,QPR,Queens Park Rangers,15,11
1995-96,QPR,Queens Park Rangers,16,12
1995-96,QPR,Queens Park Rangers,17,12
1995-96,QPR,Queens Park Rangers,18,15
1995-96,QPR,Queens Park Rangers,19,18
1995-96,QPR,Queens Park Rangers,20,18
1995-96,QPR,Queens Park Rangers,21,18
1995-96,QPR,Queens Park Rangers,22,18
1995-96,QPR,Queens Park Rangers,23,18
1995-96,QPR,Queens Park Rangers,24,18
1995-96,QPR,Queens Park Rangers,25,18
1995-96,QPR,Queens Park Rangers,26,18
1995-96,QPR,Queens Park Rangers,27,21
1995-96,QPR,Queens Park Rangers,28,22
1995-96,QPR,Queens Park Rangers,29,22
1995-96,QPR,Queens Park Rangers,30,22
1995-96,QPR,Queens Park Rangers,31,23
1995-96,QPR,Queens Park Rangers,32,24
1995-96,QPR,Queens Park Rangers,33,27
1995-96,QPR,Queens Park Rangers,34,27
1995-96,QPR,Queens Park Rangers,35,30
1995-96,QPR,Queens Park Rangers,36,30
1995-96,QPR,Queens Park Rangers,37,33
1995-96,QPR,Queens Park Rangers,38,33
1995-96,SHW,Sheffield Wednesday,1,0
1995-96,SHW,Sheffield Wednesday,2,3
1995-96,SHW,Sheffield Wednesday,3,3
1995-96,SHW,Sheffield Wednesday,4,4
1995-96,SHW,Sheffield Wednesday,5,7
1995-96,SHW,Sheffield Wednesday,6,7
1995-96,SHW,Sheffield Wednesday,7,8
1995-96,SHW,Sheffield Wednesday,8,8
1995-96,SHW,Sheffield Wednesday,9,8
1995-96,SHW,Sheffield Wednesday,10,11
1995-96,SHW,Sheffield Wednesday,11,11
1995-96,SHW,Sheffield Wednesday,12,12
1995-96,SHW,Sheffield Wednesday,13,13
1995-96,SHW,Sheffield Wednesday,14,13
1995-96,SHW,Sheffield Wednesday,15,14
1995-96,SHW,Sheffield Wednesday,16,17
1995-96,SHW,Sheffield Wednesday,17,18
1995-96,SHW,Sheffield Wednesday,18,21
1995-96,SHW,Sheffield Wednesday,19,22
1995-96,SHW,Sheffield Wednesday,20,22
1995-96,SHW,Sheffield Wednesday,21,25
1995-96,SHW,Sheffield Wednesday,22,26
1995-96,SHW,Sheffield Wednesday,23,26
1995-96,SHW,Sheffield Wednesday,24,26
1995-96,SHW,Sheffield Wednesday,25,29
1995-96,SHW,Sheffield Wednesday,26,29
1995-96,SHW,Sheffield Wednesday,27,29
1995-96,SHW,Sheffield Wednesday,28,29
1995-96,SHW,Sheffield Wednesday,29,29
1995-96,SHW,Sheffield Wednesday,30,32
1995-96,SHW,Sheffield Wednesday,31,35
1995-96,SHW,Sheffield Wednesday,32,35
1995-96,SHW,Sheffield Wednesday,33,35
1995-96,SHW,Sheffield Wednesday,34,38
1995-96,SHW,Sheffield Wednesday,35,38
1995-96,SHW,Sheffield Wednesday,36,39
1995-96,SHW,Sheffield Wednesday,37,39
1995-96,SHW,Sheffield Wednesday,38,40
1995-96,SOU,Southampton,1,0
1995-96,SOU,Southampton,2,0
1995-96,SOU,Southampton,3,1
1995-96,SOU,Southampton,4,4
1995-96,SOU,Southampton,5,5
1995-96,SOU,Southampton,6,5
1995-96,SOU,Southampton,7,5
1995-96,SOU,Southampton,8,6
1995-96,SOU,Southampton,9,6
1995-96,SOU,Southampton,10,6
1995-96,SOU,Southampton,11,9
1995-96,SOU,Southampton,12,12
1995-96,SOU,Southampton,13,12
1995-96,SOU,Southampton,14,12
1995-96,SOU,Southampton,15,15
1995-96,SOU,Southampton,16,16
1995-96,SOU,Southampton,17,17
1995-96,SOU,Southampton,18,17
1995-96,SOU,Southampton,19,18
1995-96,SOU,Southampton,20,19
1995-96,SOU,Southampton,21,20
1995-96,SOU,Southampton,22,20
1995-96,SOU,Southampton,23,23
1995-96,SOU,Southampton,24,24
1995-96,SOU,Southampton,25,25
1995-96,SOU,Southampton,26,25
1995-96,SOU,Southampton,27,25
1995-96,SOU,Southampton,28,25
1995-96,SOU,Southampton,29,25
1995-96,SOU,Southampton,30,28
1995-96,SOU,Southampton,31,28
1995-96,SOU,Southampton,32,28
1995-96,SOU,Southampton,33,31
1995-96,SOU,Southampton,34,31
1995-96,SOU,Southampton,35,34
1995-96,SOU,Southampton,36,34
1995-96,SOU,Southampton,37,37
1995-96,SOU,Southampton,38,38
1995-96,TOT,Tottenham Hotspur,1,1
1995-96,TOT,Tottenham Hotspur,2,1
1995-96,TOT,Tottenham Hotspur,3,1
1995-96,TOT,Tottenham Hotspur,4,2
1995-96,TOT,Tottenham Hotspur,5,5
1995-96,TOT,Tottenham Hotspur,6,8
1995-96,TOT,Tottenham Hotspur,7,11
1995-96,TOT,Tottenham Hotspur,8,14
1995-96,TOT,Tottenham Hotspur,9,14
1995-96,TOT,Tottenham Hotspur,10,15
1995-96,TOT,Tottenham Hotspur,11,16
1995-96,TOT,Tottenham Hotspur,12,19
1995-96,TOT,Tottenham Hotspur,13,22
1995-96,TOT,Tottenham Hotspur,14,25
1995-96,TOT,Tottenham Hotspur,15,26
1995-96,TOT,Tottenham Hotspur,16,27
1995-96,TOT,Tottenham Hotspur,17,30
1995-96,TOT,Tottenham Hotspur,18,33
1995-96,TOT,Tottenham Hotspur,19,34
1995-96,TOT,Tottenham Hotspur,20,35
1995-96,TOT,Tottenham Hotspur,21,35
1995-96,TOT,Tottenham Hotspur,22,38
1995-96,TOT,Tottenham Hotspur,23,41
1995-96,TOT,Tottenham Hotspur,24,41
1995-96,TOT,Tottenham Hotspur,25,42
1995-96,TOT,Tottenham Hotspur,26,42
1995-96,TOT,Tottenham Hotspur,27,45
1995-96,TOT,Tottenham Hotspur,28,48
1995-96,TOT,Tottenham Hotspur,29,48
1995-96,TOT,Tottenham Hotspur,30,51
1995-96,TOT,Tottenham Hotspur,31,51
1995-96,TOT,Tottenham Hotspur,32,54
1995-96,TOT,Tottenham Hotspur,33,54
1995-96,TOT,Tottenham Hotspur,34,55
1995-96,TOT,Tottenham Hotspur,35,56
1995-96,TOT,Tottenham Hotspur,36,57
1995-96,TOT,Tottenham Hotspur,37,60
1995-96,TOT,Tottenham Hotspur,38,61
1995-96,WHU,West Ham United,1,0
1995-96,WHU,West Ham United,2,0
1995-96,WHU,West Ham United,3,1
1995-96,WHU,West Ham United,4,2
1995-96,WHU,West Ham United,5,2
1995-96,WHU,West Ham United,6,2
1995-96,WHU,West Ham United,7,5
1995-96,WHU,West Ham United,8,6
1995-96,WHU,West Ham United,9,9
1995-96,WHU,West Ham United,10,10
1995-96,WHU,West Ham United,11,13
1995-96,WHU,West Ham United,12,13
1995-96,WHU,West Ham United,13,16
1995-96,WHU,West Ham United,14,17
1995-96,WHU,West Ham United,15,20
1995-96,WHU,West Ham United,16,20
1995-96,WHU,West Ham United,17,20
1995-96,WHU,West Ham United,18,23
1995-96,WHU,West Ham United,19,23
1995-96,WHU,West Ham United,20,23
1995-96,WHU,West Ham United,21,23
1995-96,WHU,West Ham United,22,23
1995-96,WHU,West Ham United,23,26
1995-96,WHU,West Ham United,24,29
1995-96,WHU,West Ham United,25,32
1995-96,WHU,West Ham United,26,35
1995-96,WHU,West Ham United,27,38
1995-96,WHU,West Ham United,28,38
1995-96,WHU,West Ham United,29,39
1995-96,WHU,West Ham United,30,42
1995-96,WHU,West Ham United,31,42
1995-96,WHU,West Ham United,32,45
1995-96,WHU,West Ham United,33,46
1995-96,WHU,West Ham United,34,46
1995-96,WHU,West Ham United,35,49
1995-96,WHU,West Ham United,36,50
1995-96,WHU,West Ham United,37,50
1995-96,WHU,West Ham United,38,51
1995-96,WIM,Wimbledon,1,3
1995-96,WIM,Wimbledon,2,6
1995-96,WIM,Wimbledon,3,6
1995-96,WIM,Wimbledon,4,7
1995-96,WIM,Wimbledon,5,10
1995-96,WIM,Wimbledon,6,10
1995-96,WIM,Wimbledon,7,10
1995-96,WIM,Wimbledon,8,10
1995-96,WIM,Wimbledon,9,10
1995-96,WIM,Wimbledon,10,10
1995-96,WIM,Wimbledon,11,10
1995-96,WIM,Wimbledon,12,10
1995-96,WIM,Wimbledon,13,11
1995-96,WIM,Wimbledon,14,11
1995-96,WIM,Wimbledon,15,12
1995-96,WIM,Wimbledon,16,13
1995-96,WIM,Wimbledon,17,14
1995-96,WIM,Wimbledon,18,14
1995-96,WIM,Wimbledon,19,15
1995-96,WIM,Wimbledon,20,18
1995-96,WIM,Wimbledon,21,21
1995-96,WIM,Wimbledon,22,21
1995-96,WIM,Wimbledon,23,21
1995-96,WIM,Wimbledon,24,24
1995-96,WIM,Wimbledon,25,24
1995-96,WIM,Wimbledon,26,24
1995-96,WIM,Wimbledon,27,25
1995-96,WIM,Wimbledon,28,26
1995-96,WIM,Wimbledon,29,27
1995-96,WIM,Wimbledon,30,27
1995-96,WIM,Wimbledon,31,30
1995-96,WIM,Wimbledon,32,33
1995-96,WIM,Wimbledon,33,34
1995-96,WIM,Wimbledon,34,37
1995-96,WIM,Wimbledon,35,40
1995-96,WIM,Wimbledon,36,40
1995-96,WIM,Wimbledon,37,40
1995-96,WIM,Wimbledon,38,41
1996-97,ARS,Arsenal,1,3
1996-97,ARS,Arsenal,2,3
1996-97,ARS,Arsenal,3,6
1996-97,ARS,Arsenal,4,7
1996-97,ARS,Arsenal,5,8
1996-97,ARS,Arsenal,6,11
1996-97,ARS,Arsenal,7,14
1996-97,ARS,Arsenal,8,17
1996-97,ARS,Arsenal,9,20
1996-97,ARS,Arsenal,10,21
1996-97,ARS,Arsenal,11,24
1996-97,ARS,Arsenal,12,25
1996-97,ARS,Arsenal,13,25
1996-97,ARS,Arsenal,14,28
1996-97,ARS,Arsenal,15,31
1996-97,ARS,Arsenal,16,34
1996-97,ARS,Arsenal,17,35
1996-97,ARS,Arsenal,18,35
1996-97,ARS,Arsenal,19,36
1996-97,ARS,Arsenal,20,37
1996-97,ARS,Arsenal,21,40
1996-97,ARS,Arsenal,22,40
1996-97,ARS,Arsenal,23,43
1996-97,ARS,Arsenal,24,46
1996-97,ARS,Arsenal,25,47
1996-97,ARS,Arsenal,26,48
1996-97,ARS,Arsenal,27,48
1996-97,ARS,Arsenal,28,48
1996-97,ARS,Arsenal,29,51
1996-97,ARS,Arsenal,30,54
1996-97,ARS,Arsenal,31,57
1996-97,ARS,Arsenal,32,57
1996-97,ARS,Arsenal,33,60
1996-97,ARS,Arsenal,34,63
1996-97,ARS,Arsenal,35,64
1996-97,ARS,Arsenal,36,65
1996-97,ARS,Arsenal,37,65
1996-97,ARS,Arsenal,38,68
1996-97,AVL,Aston Villa,1,0
1996-97,AVL,Aston Villa,2,3
1996-97,AVL,Aston Villa,3,6
1996-97,AVL,Aston Villa,4,9
1996-97,AVL,Aston Villa,5,10
1996-97,AVL,Aston Villa,6,11
1996-97,AVL,Aston Villa,7,12
1996-97,AVL,Aston Villa,8,12
1996-97,AVL,Aston Villa,9,12
1996-97,AVL,Aston Villa,10,15
1996-97,AVL,Aston Villa,11,15
1996-97,AVL,Aston Villa,12,18
1996-97,AVL,Aston Villa,13,18
1996-97,AVL,Aston Villa,14,21
1996-97,AVL,Aston Villa,15,24
1996-97,AVL,Aston Villa,16,27
1996-97,AVL,Aston Villa,17,30
1996-97,AVL,Aston Villa,18,33
1996-97,AVL,Aston Villa,19,33
1996-97,AVL,Aston Villa,20,34
1996-97,AVL,Aston Villa,21,35
1996-97,AVL,Aston Villa,22,36
1996-97,AVL,Aston Villa,23,36
1996-97,AVL,Aston Villa,24,36
1996-97,AVL,Aston Villa,25,39
1996-97,AVL,Aston Villa,26,42
1996-97,AVL,Aston Villa,27,43
1996-97,AVL,Aston Villa,28,46
1996-97,AVL,Aston Villa,29,46
1996-97,AVL,Aston Villa,30,47
1996-97,AVL,Aston Villa,31,50
1996-97,AVL,Aston Villa,32,53
1996-97,AVL,Aston Villa,33,56
1996-97,AVL,Aston Villa,34,56
1996-97,AVL,Aston Villa,35,57
1996-97,AVL,Aston Villa,36,58
1996-97,AVL,Aston Villa,37,58
1996-97,AVL,Aston Villa,38,61
1996-97,BLA,Blackburn Rovers,1,0
1996-97,BLA,Blackburn Rovers,2,0
1996-97,BLA,Blackburn Rovers,3,1
1996-97,BLA,Blackburn Rovers,4,1
1996-97,BLA,Blackburn Rovers,5,1
1996-97,BLA,Blackburn Rovers,6,1
1996-97,BLA,Blackburn Rovers,7,2
1996-97,BLA,Blackburn Rovers,8,3
1996-97,BLA,Blackburn Rovers,9,3
1996-97,BLA,Blackburn Rovers,10,4
1996-97,BLA,Blackburn Rovers,11,4
1996-97,BLA,Blackburn Rovers,12,7
1996-97,BLA,Blackburn Rovers,13,8
1996-97,BLA,Blackburn Rovers,14,9
1996-97,BLA,Blackburn Rovers,15,12
1996-97,BLA,Blackburn Rovers,16,13
1996-97,BLA,Blackburn Rovers,17,13
1996-97,BLA,Blackburn Rovers,18,16
1996-97,BLA,Blackburn Rovers,19,17
1996-97,BLA,Blackburn Rovers,20,20
1996-97,BLA,Blackburn Rovers,21,23
1996-97,BLA,Blackburn Rovers,22,24
1996-97,BLA,Blackburn Rovers,23,24
1996-97,BLA,Blackburn Rovers,24,27
1996-97,BLA,Blackburn Rovers,25,28
1996-97,BLA,Blackburn Rovers,26,31
1996-97,BLA,Blackburn Rovers,27,32
1996-97,BLA,Blackburn Rovers,28,33
1996-97,BLA,Blackburn Rovers,29,36
1996-97,BLA,Blackburn Rovers,30,36
1996-97,BLA,Blackburn Rovers,31,36
1996-97,BLA,Blackburn Rovers,32,37
1996-97,BLA,Blackburn Rovers,33,37
1996-97,BLA,Blackburn Rovers,34,38
1996-97,BLA,Blackburn Rovers,35,41
1996-97,BLA,Blackburn Rovers,36,41
1996-97,BLA,Blackburn Rovers,37,42
1996-97,BLA,Blackburn Rovers,38,42
1996-97,CHE,Chelsea,1,1
1996-97,CHE,Chelsea,2,4
1996-97,CHE,Chelsea,3,7
1996-97,CHE,Chelsea,4,8
1996-97,CHE,Chelsea,5,11
1996-97,CHE,Chelsea,6,12
1996-97,CHE,Chelsea,7,12
1996-97,CHE,Chelsea,8,13
1996-97,CHE,Chelsea,9,16
1996-97,CHE,Chelsea,10,16
1996-97,CHE,Chelsea,11,19
1996-97,CHE,Chelsea,12,22
1996-97,CHE,Chelsea,13,23
1996-97,CHE,Chelsea,14,24
1996-97,CHE,Chelsea,15,24
1996-97,CHE,Chelsea,16,25
1996-97,CHE,Chelsea,17,25
1996-97,CHE,Chelsea,18,28
1996-97,CHE,Chelsea,19,31
1996-97,CHE,Chelsea,20,32
1996-97,CHE,Chelsea,21,35
1996-97,CHE,Chelsea,22,35
1996-97,CHE,Chelsea,23,38
1996-97,CHE,Chelsea,24,41
1996-97,CHE,Chelsea,25,42
1996-97,CHE,Chelsea,26,42
1996-97,CHE,Chelsea,27,43
1996-97,CHE,Chelsea,28,43
1996-97,CHE,Chelsea,29,46
1996-97,CHE,Chelsea,30,49
1996-97,CHE,Chelsea,31,49
1996-97,CHE,Chelsea,32,49
1996-97,CHE,Chelsea,33,49
1996-97,CHE,Chelsea,34,49
1996-97,CHE,Chelsea,35,52
1996-97,CHE,Chelsea,36,55
1996-97,CHE,Chelsea,37,56
1996-97,CHE,Chelsea,38,59
1996-97,COV,Coventry City,1,0
1996-97,COV,Coventry City,2,1
1996-97,COV,Coventry City,3,1
1996-97,COV,Coventry City,4,1
1996-97,COV,Coventry City,5,1
1996-97,COV,Coventry City,6,4
1996-97,COV,Coventry City,7,4
1996-97,COV,Coventry City,8,5
1996-97,COV,Coventry City,9,6
1996-97,COV,Coventry City,10,7
1996-97,COV,Coventry City,11,8
1996-97,COV,Coventry City,12,9
1996-97,COV,Coventry City,13,10
1996-97,COV,Coventry City,14,10
1996-97,COV,Coventry City,15,10
1996-97,COV,Coventry City,16,10
1996-97,COV,Coventry City,17,13
1996-97,COV,Coventry City,18,16
1996-97,COV,Coventry City,19,19
1996-97,COV,Coventry City,20,22
1996-97,COV,Coventry City,21,23
1996-97,COV,Coventry City,22,23
1996-97,COV,Coventry City,23,23
1996-97,COV,Coventry City,24,26
1996-97,COV,Coventry City,25,27
1996-97,COV,Coventry City,26,27
1996-97,COV,Coventry City,27,28
1996-97,COV,Coventry City,28,28
1996-97,COV,Coventry City,29,29
1996-97,COV,Coventry City,30,30
1996-97,COV,Coventry City,31,30
1996-97,COV,Coventry City,32,30
1996-97,COV,Coventry City,33,33
1996-97,COV,Coventry City,34,36
1996-97,COV,Coventry City,35,37
1996-97,COV,Coventry City,36,38
1996-97,COV,Coventry City,37,38
1996-97,COV,Coventry City,38,41
1996-97,DER,Derby County,1,1
1996-97,DER,Derby County,2,2
1996-97,DER,Derby County,3,2
1996-97,DER,Derby County,4,3
1996-97,DER,Derby County,5,6
1996-97,DER,Derby County,6,9
1996-97,DER,Derby County,7,10
1996-97,DER,Derby County,8,10
1996-97,DER,Derby County,9,10
1996-97,DER,Derby County,10,11
1996-97,DER,Derby County,11,11
1996-97,DER,Derby County,12,14
1996-97,DER,Derby County,13,17
1996-97,DER,Derby County,14,18
1996-97,DER,Derby County,15,21
1996-97,DER,Derby County,16,22
1996-97,DER,Derby County,17,22
1996-97,DER,Derby County,18,22
1996-97,DER,Derby County,19,22
1996-97,DER,Derby County,20,23
1996-97,DER,Derby County,21,24
1996-97,DER,Derby County,22,24
1996-97,DER,Derby County,23,25
1996-97,DER,Derby County,24,25
1996-97,DER,Derby County,25,28
1996-97,DER,Derby County,26,29
1996-97,DER,Derby County,27,29
1996-97,DER,Derby County,28,32
1996-97,DER,Derby County,29,32
1996-97,DER,Derby County,30,32
1996-97,DER,Derby County,31,35
1996-97,DER,Derby County,32,38
1996-97,DER,Derby County,33,39
1996-97,DER,Derby County,34,42
1996-97,DER,Derby County,35,42
1996-97,DER,Derby County,36,43
1996-97,DER,Derby County,37,46
1996-97,DER,Derby County,38,46
1996-97,EVE,Everton,1,3
1996-97,EVE,Everton,2,4
1996-97,EVE,Everton,3,5
1996-97,EVE,Everton,4,5
1996-97,EVE,Everton,5,5
1996-97,EVE,Everton,6,5
1996-97,EVE,Everton,7,6
1996-97,EVE,Everton,8,9
1996-97,EVE,Everton,9,12
1996-97,EVE,Everton,10,15
1996-97,EVE,Everton,11,16
1996-97,EVE,Everton,12,19
1996-97,EVE,Everton,13,20
1996-97,EVE,Everton,14,23
1996-97,EVE,Everton,15,23
1996-97,EVE,Everton,16,24
1996-97,EVE,Everton,17,27
1996-97,EVE,Everton,18,28
1996-97,EVE,Everton,19,28
1996-97,EVE,Everton,20,28
1996-97,EVE,Everton,21,28
1996-97,EVE,Everton,22,28
1996-97,EVE,Everton,23,28
1996-97,EVE,Everton,24,28
1996-97,EVE,Everton,25,31
1996-97,EVE,Everton,26,32
1996-97,EVE,Everton,27,32
1996-97,EVE,Everton,28,33
1996-97,EVE,Everton,29,33
1996-97,EVE,Everton,30,36
1996-97,EVE,Everton,31,36
1996-97,EVE,Everton,32,36
1996-97,EVE,Everton,33,37
1996-97,EVE,Everton,34,40
1996-97,EVE,Everton,35,41
1996-97,EVE,Everton,36,42
1996-97,EVE,Everton,37,42
1996-97,EVE,Everton,38,42
1996-97,LEE,Leeds United,1,1
1996-97,LEE,Leeds United,2,1
1996-97,LEE,Leeds United,3,4
1996-97,LEE,Leeds United,4,7
1996-97,LEE,Leeds United,5,7
1996-97,LEE,Leeds United,6,7
1996-97,LEE,Leeds United,7,7
1996-97,LEE,Leeds United,8,7
1996-97,LEE,Leeds United,9,10
1996-97,LEE,Leeds United,10,10
1996-97,LEE,Leeds United,11,10
1996-97,LEE,Leeds United,12,13
1996-97,LEE,Leeds United,13,13
1996-97,LEE,Leeds United,14,16
1996-97,LEE,Leeds United,15,19
1996-97,LEE,Leeds United,16,20
1996-97,LEE,Leeds United,17,21
1996-97,LEE,Leeds United,18,22
1996-97,LEE,Leeds United,19,22
1996-97,LEE,Leeds United,20,22
1996-97,LEE,Leeds United,21,22
1996-97,LEE,Leeds United,22,25
1996-97,LEE,Leeds United,23,28
1996-97,LEE,Leeds United,24,29
1996-97,LEE,Leeds United,25,30
1996-97,LEE,Leeds United,26,30
1996-97,LEE,Leeds United,27,33
1996-97,LEE,Leeds United,28,36
1996-97,LEE,Leeds United,29,39
1996-97,LEE,Leeds United,30,40
1996-97,LEE,Leeds United,31,40
1996-97,LEE,Leeds United,32,41
1996-97,LEE,Leeds United,33,42
1996-97,LEE,Leeds United,34,42
1996-97,LEE,Leeds United,35,43
1996-97,LEE,Leeds United,36,44
1996-97,LEE,Leeds United,37,45
1996-97,LEE,Leeds United,38,46
1996-97,LEI,Leicester City,1,1
1996-97,LEI,Leicester City,2,4
1996-97,LEI,Leicester City,3,4
1996-97,LEI,Leicester City,4,4
1996-97,LEI,Leicester City,5,5
1996-97,LEI,Leicester City,6,5
1996-97,LEI,Leicester City,7,8
1996-97,LEI,Leicester City,8,11
1996-97,LEI,Leicester City,9,11
1996-97,LEI,Leicester City,10,11
1996-97,LEI,Leicester City,11,14
1996-97,LEI,Leicester City,12,14
1996-97,LEI,Leicester City,13,17
1996-97,LEI,Leicester City,14,17
1996-97,LEI,Leicester City,15,17
1996-97,LEI,Leicester City,16,20
1996-97,LEI,Leicester City,17,21
1996-97,LEI,Leicester City,18,21
1996-97,LEI,Leicester City,19,22
1996-97,LEI,Leicester City,20,23
1996-97,LEI,Leicester City,21,23
1996-97,LEI,Leicester City,22,26
1996-97,LEI,Leicester City,23,27
1996-97,LEI,Leicester City,24,27
1996-97,LEI,Leicester City,25,30
1996-97,LEI,Leicester City,26,33
1996-97,LEI,Leicester City,27,36
1996-97,LEI,Leicester City,28,37
1996-97,LEI,Leicester City,29,37
1996-97,LEI,Leicester City,30,38
1996-97,LEI,Leicester City,31,39
1996-97,LEI,Leicester City,32,40
1996-97,LEI,Leicester City,33,40
1996-97,LEI,Leicester City,34,40
1996-97,LEI,Leicester City,35,40
1996-97,LEI,Leicester City,36,41
1996-97,LEI,Leicester City,37,44
1996-97,LEI,Leicester City,38,47
1996-97,LIV,Liverpool,1,1
1996-97,LIV,Liverpool,2,4
1996-97,LIV,Liverpool,3,5
1996-97,LIV,Liverpool,4,8
1996-97,LIV,Liverpool,5,11
1996-97,LIV,Liverpool,6,14
1996-97,LIV,Liverpool,7,17
1996-97,LIV,Liverpool,8,20
1996-97,LIV,Liverpool,9,20
1996-97,LIV,Liverpool,10,23
1996-97,LIV,Liverpool,11,23
1996-97,LIV,Liverpool,12,26
1996-97,LIV,Liverpool,13,27
1996-97,LIV,Liverpool,14,28
1996-97,LIV,Liverpool,15,31
1996-97,LIV,Liverpool,16,31
1996-97,LIV,Liverpool,17,34
1996-97,LIV,Liverpool,18,37
1996-97,LIV,Liverpool,19,38
1996-97,LIV,Liverpool,20,39
1996-97,LIV,Liverpool,21,42
1996-97,LIV,Liverpool,22,42
1996-97,LIV,Liverpool,23,43
1996-97,LIV,Liverpool,24,46
1996-97,LIV,Liverpool,25,49
1996-97,LIV,Liverpool,26,52
1996-97,LIV,Liverpool,27,53
1996-97,LIV,Liverpool,28,53
1996-97,LIV,Liverpool,29,56
1996-97,LIV,Liverpool,30,57
1996-97,LIV,Liverpool,31,60
1996-97,LIV,Liverpool,32,60
1996-97,LIV,Liverpool,33,63
1996-97,LIV,Liverpool,34,64
1996-97,LIV,Liverpool,35,64
1996-97,LIV,Liverpool,36,67
1996-97,LIV,Liverpool,37,67
1996-97,LIV,Liverpool,38,68
1996-97,MID,Middlesbrough,1,1
1996-97,MID,Middlesbrough,2,1
1996-97,MID,Middlesbrough,3,2
1996-97,MID,Middlesbrough,4,5
1996-97,MID,Middlesbrough,5,8
1996-97,MID,Middlesbrough,6,11
1996-97,MID,Middlesbrough,7,11
1996-97,MID,Middlesbrough,8,11
1996-97,MID,Middlesbrough,9,12
1996-97,MID,Middlesbrough,10,12
1996-97,MID,Middlesbrough,11,13
1996-97,MID,Middlesbrough,12,13
1996-97,MID,Middlesbrough,13,13
1996-97,MID,Middlesbrough,14,14
1996-97,MID,Middlesbrough,15,14
1996-97,MID,Middlesbrough,16,14
1996-97,MID,Middlesbrough,17,15
1996-97,MID,Middlesbrough,18,15
1996-97,MID,Middlesbrough,19,18
1996-97,MID,Middlesbrough,20,18
1996-97,MID,Middlesbrough,21,18
1996-97,MID,Middlesbrough,22,18
1996-97,MID,Middlesbrough,23,21
1996-97,MID,Middlesbrough,24,22
1996-97,MID,Middlesbrough,25,22
1996-97,MID,Middlesbrough,26,22
1996-97,MID,Middlesbrough,27,25
1996-97,MID,Middlesbrough,28,28
1996-97,MID,Middlesbrough,29,31
1996-97,MID,Middlesbrough,30,34
1996-97,MID,Middlesbrough,31,35
1996-97,MID,Middlesbrough,32,36
1996-97,MID,Middlesbrough,33,36
1996-97,MID,Middlesbrough,34,36
1996-97,MID,Middlesbrough,35,39
1996-97,MID,Middlesbrough,36,40
1996-97,MID,Middlesbrough,37,41
1996-97,MID,Middlesbrough,38,42
1996-97,MUN,Manchester United,1,3
1996-97,MUN,Manchester United,2,4
1996-97,MUN,Manchester United,3,5
1996-97,MUN,Manchester United,4,6
1996-97,MUN,Manchester United,5,9
1996-97,MUN,Manchester United,6,12
1996-97,MUN,Manchester United,7,13
1996-97,MUN,Manchester United,8,16
1996-97,MUN,Manchester United,9,19
1996-97,MUN,Manchester United,10,19
1996-97,MUN,Manchester United,11,19
1996-97,MUN,Manchester United,12,19
1996-97,MUN,Manchester United,13,22
1996-97,MUN,Manchester United,14,23
1996-97,MUN,Manchester United,15,26
1996-97,MUN,Manchester United,16,27
1996-97,MUN,Manchester United,17,28
1996-97,MUN,Manchester United,18,31
1996-97,MUN,Manchester United,19,34
1996-97,MUN,Manchester United,20,37
1996-97,MUN,Manchester United,21,38
1996-97,MUN,Manchester United,22,41
1996-97,MUN,Manchester United,23,44
1996-97,MUN,Manchester United,24,47
1996-97,MUN,Manchester United,25,50
1996-97,MUN,Manchester United,26,53
1996-97,MUN,Manchester United,27,54
1996-97,MUN,Manchester United,28,57
1996-97,MUN,Manchester United,29,57
1996-97,MUN,Manchester United,30,60
1996-97,MUN,Manchester United,31,63
1996-97,MUN,Manchester United,32,63
1996-97,MUN,Manchester United,33,66
1996-97,MUN,Manchester United,34,69
1996-97,MUN,Manchester United,35,70
1996-97,MUN,Manchester United,36,71
1996-97,MUN,Manchester United,37,72
1996-97,MUN,Manchester United,38,75
1996-97,NEW,Newcastle United,1,0
1996-97,NEW,Newcastle United,2,3
1996-97,NEW,Newcastle United,3,3
1996-97,NEW,Newcastle United,4,6
1996-97,NEW,Newcastle United,5,9
1996-97,NEW,Newcastle United,6,12
1996-97,NEW,Newcastle United,7,15
1996-97,NEW,Newcastle United,8,18
1996-97,NEW,Newcastle United,9,21
1996-97,NEW,Newcastle United,10,24
1996-97,NEW,Newcastle United,11,24
1996-97,NEW,Newcastle United,12,27
1996-97,NEW,Newcastle United,13,28
1996-97,NEW,Newcastle United,14,29
1996-97,NEW,Newcastle United,15,29
1996-97,NEW,Newcastle United,16,30
1996-97,NEW,Newcastle United,17,30
1996-97,NEW,Newcastle United,18,31
1996-97,NEW,Newcastle United,19,31
1996-97,NEW,Newcastle United,20,34
1996-97,NEW,Newcastle United,21,37
1996-97,NEW,Newcastle United,22,38
1996-97,NEW,Newcastle United,23,39
1996-97,NEW,Newcastle United,24,42
1996-97,NEW,Newcastle United,25,45
1996-97,NEW,Newcastle United,26,48
1996-97,NEW,Newcastle United,27,48
1996-97,NEW,Newcastle United,28,48
1996-97,NEW,Newcastle United,29,51
1996-97,NEW,Newcastle United,30,52
1996-97,NEW,Newcastle United,31,53
1996-97,NEW,Newcastle United,32,54
1996-97,NEW,Newcastle United,33,57
1996-97,NEW,Newcastle United,34,60
1996-97,NEW,Newcastle United,35,63
1996-97,NEW,Newcastle United,36,64
1996-97,NEW,Newcastle United,37,65
1996-97,NEW,Newcastle United,38,68
1996-97,NFO,Nottingham Forest,1,3
1996-97,NFO,Nottingham Forest,2,3
1996-97,NFO,Nottingham Forest,3,4
1996-97,NFO,Nottingham Forest,4,5
1996-97,NFO,Nottingham Forest,5,6
1996-97,NFO,Nottingham Forest,6,6
1996-97,NFO,Nottingham Forest,7,6
1996-97,NFO,Nottingham Forest,8,7
1996-97,NFO,Nottingham Forest,9,7
1996-97,NFO,Nottingham Forest,10,8
1996-97,NFO,Nottingham Forest,11,8
1996-97,NFO,Nottingham Forest,12,8
1996-97,NFO,Nottingham Forest,13,8
1996-97,NFO,Nottingham Forest,14,9
1996-97,NFO,Nottingham Forest,15,9
1996-97,NFO,Nottingham Forest,16,10
1996-97,NFO,Nottingham Forest,17,10
1996-97,NFO,Nottingham Forest,18,13
1996-97,NFO,Nottingham Forest,19,13
1996-97,NFO,Nottingham Forest,20,14
1996-97,NFO,Nottingham Forest,21,17
1996-97,NFO,Nottingham Forest,22,20
1996-97,NFO,Nottingham Forest,23,23
1996-97,NFO,Nottingham Forest,24,23
1996-97,NFO,Nottingham Forest,25,23
1996-97,NFO,Nottingham Forest,26,24
1996-97,NFO,Nottingham Forest,27,27
1996-97,NFO,Nottingham Forest,28,27
1996-97,NFO,Nottingham Forest,29,27
1996-97,NFO,Nottingham Forest,30,28
1996-97,NFO,Nottingham Forest,31,29
1996-97,NFO,Nottingham Forest,32,30
1996-97,NFO,Nottingham Forest,33,31
1996-97,NFO,Nottingham Forest,34,31
1996-97,NFO,Nottingham Forest,35,32
1996-97,NFO,Nottingham Forest,36,33
1996-97,NFO,Nottingham Forest,37,34
1996-97,NFO,Nottingham Forest,38,34
1996-97,SHW,Sheffield Wednesday,1,3
1996-97,SHW,Sheffield Wednesday,2,6
1996-97,SHW,Sheffield Wednesday,3,9
1996-97,SHW,Sheffield Wednesday,4,12
1996-97,SHW,Sheffield Wednesday,5,12
1996-97,SHW,Sheffield Wednesday,6,12
1996-97,SHW,Sheffield Wednesday,7,13
1996-97,SHW,Sheffield Wednesday,8,13
1996-97,SHW,Sheffield Wednesday,9,13
1996-97,SHW,Sheffield Wednesday,10,14
1996-97,SHW,Sheffield Wednesday,11,15
1996-97,SHW,Sheffield Wednesday,12,16
1996-97,SHW,Sheffield Wednesday,13,19
1996-97,SHW,Sheffield Wednesday,14,20
1996-97,SHW,Sheffield Wednesday,15,21
1996-97,SHW,Sheffield Wednesday,16,24
1996-97,SHW,Sheffield Wednesday,17,25
1996-97,SHW,Sheffield Wednesday,18,26
1996-97,SHW,Sheffield Wednesday,19,27
1996-97,SHW,Sheffield Wednesday,20,28
1996-97,SHW,Sheffield Wednesday,21,31
1996-97,SHW,Sheffield Wednesday,22,31
1996-97,SHW,Sheffield Wednesday,23,34
1996-97,SHW,Sheffield Wednesday,24,35
1996-97,SHW,Sheffield Wednesday,25,36
1996-97,SHW,Sheffield Wednesday,26,39
1996-97,SHW,Sheffield Wednesday,27,42
1996-97,SHW,Sheffield Wednesday,28,45
1996-97,SHW,Sheffield Wednesday,29,48
1996-97,SHW,Sheffield Wednesday,30,48
1996-97,SHW,Sheffield Wednesday,31,49
1996-97,SHW,Sheffield Wednesday,32,52
1996-97,SHW,Sheffield Wednesday,33,53
1996-97,SHW,Sheffield Wednesday,34,56
1996-97,SHW,Sheffield Wednesday,35,56
1996-97,SHW,Sheffield Wednesday,36,56
1996-97,SHW,Sheffield Wednesday,37,56
1996-97,SHW,Sheffield Wednesday,38,57
1996-97,SOU,Southampton,1,1
1996-97,SOU,Southampton,2,1
1996-97,SOU,Southampton,3,1
1996-97,SOU,Southampton,4,2
1996-97,SOU,Southampton,5,2
1996-97,SOU,Southampton,6,2
1996-97,SOU,Southampton,7,2
1996-97,SOU,Southampton,8,5
1996-97,SOU,Southampton,9,6
1996-97,SOU,Southampton,10,9
1996-97,SOU,Southampton,11,12
1996-97,SOU,Southampton,12,13
1996-97,SOU,Southampton,13,13
1996-97,SOU,Southampton,14,13
1996-97,SOU,Southampton,15,13
1996-97,SOU,Southampton,16,13
1996-97,SOU,Southampton,17,13
1996-97,SOU,Southampton,18,16
1996-97,SOU,Southampton,19,16
1996-97,SOU,Southampton,20,16
1996-97,SOU,Southampton,21,19
1996-97,SOU,Southampton,22,20
1996-97,SOU,Southampton,23,20
1996-97,SOU,Southampton,24,20
1996-97,SOU,Southampton,25,21
1996-97,SOU,Southampton,26,24
1996-97,SOU,Southampton,27,25
1996-97,SOU,Southampton,28,26
1996-97,SOU,Southampton,29,26
1996-97,SOU,Southampton,30,26
1996-97,SOU,Southampton,31,27
1996-97,SOU,Southampton,32,30
1996-97,SOU,Southampton,33,31
1996-97,SOU,Southampton,34,34
1996-97,SOU,Southampton,35,35
1996-97,SOU,Southampton,36,38
1996-97,SOU,Southampton,37,41
1996-97,SOU,Southampton,38,41
1996-97,SUN,Sunderland,1,1
1996-97,SUN,Sunderland,2,4
1996-97,SUN,Sunderland,3,5
1996-97,SUN,Sunderland,4,5
1996-97,SUN,Sunderland,5,6
1996-97,SUN,Sunderland,6,6
1996-97,SUN,Sunderland,7,9
1996-97,SUN,Sunderland,8,9
1996-97,SUN,Sunderland,9,10
1996-97,SUN,Sunderland,10,10
1996-97,SUN,Sunderland,11,13
1996-97,SUN,Sunderland,12,13
1996-97,SUN,Sunderland,13,13
1996-97,SUN,Sunderland,14,14
1996-97,SUN,Sunderland,15,17
1996-97,SUN,Sunderland,16,17
1996-97,SUN,Sunderland,17,20
1996-97,SUN,Sunderland,18,20
1996-97,SUN,Sunderland,19,23
1996-97,SUN,Sunderland,20,23
1996-97,SUN,Sunderland,21,24
1996-97,SUN,Sunderland,22,27
1996-97,SUN,Sunderland,23,28
1996-97,SUN,Sunderland,24,29
1996-97,SUN,Sunderland,25,29
1996-97,SUN,Sunderland,26,29
1996-97,SUN,Sunderland,27,29
1996-97,SUN,Sunderland,28,29
1996-97,SUN,Sunderland,29,32
1996-97,SUN,Sunderland,30,32
1996-97,SUN,Sunderland,31,32
1996-97,SUN,Sunderland,32,33
1996-97,SUN,Sunderland,33,34
1996-97,SUN,Sunderland,34,34
1996-97,SUN,Sunderland,35,37
1996-97,SUN,Sunderland,36,37
1996-97,SUN,Sunderland,37,40
1996-97,SUN,Sunderland,38,40
1996-97,TOT,Tottenham Hotspur,1,3
1996-97,TOT,Tottenham Hotspur,2,4
1996-97,TOT,Tottenham Hotspur,3,5
1996-97,TOT,Tottenham Hotspur,4,5
1996-97,TOT,Tottenham Hotspur,5,5
1996-97,TOT,Tottenham Hotspur,6,8
1996-97,TOT,Tottenham Hotspur,7,8
1996-97,TOT,Tottenham Hotspur,8,8
1996-97,TOT,Tottenham Hotspur,9,11
1996-97,TOT,Tottenham Hotspur,10,14
1996-97,TOT,Tottenham Hotspur,11,14
1996-97,TOT,Tottenham Hotspur,12,17
1996-97,TOT,Tottenham Hotspur,13,20
1996-97,TOT,Tottenham Hotspur,14,20
1996-97,TOT,Tottenham Hotspur,15,20
1996-97,TOT,Tottenham Hotspur,16,23
1996-97,TOT,Tottenham Hotspur,17,24
1996-97,TOT,Tottenham Hotspur,18,25
1996-97,TOT,Tottenham Hotspur,19,28
1996-97,TOT,Tottenham Hotspur,20,28
1996-97,TOT,Tottenham Hotspur,21,28
1996-97,TOT,Tottenham Hotspur,22,28
1996-97,TOT,Tottenham Hotspur,23,31
1996-97,TOT,Tottenham Hotspur,24,31
1996-97,TOT,Tottenham Hotspur,25,32
1996-97,TOT,Tottenham Hotspur,26,32
1996-97,TOT,Tottenham Hotspur,27,32
1996-97,TOT,Tottenham Hotspur,28,35
1996-97,TOT,Tottenham Hotspur,29,38
1996-97,TOT,Tottenham Hotspur,30,39
1996-97,TOT,Tottenham Hotspur,31,39
1996-97,TOT,Tottenham Hotspur,32,42
1996-97,TOT,Tottenham Hotspur,33,42
1996-97,TOT,Tottenham Hotspur,34,42
1996-97,TOT,Tottenham Hotspur,35,43
1996-97,TOT,Tottenham Hotspur,36,46
1996-97,TOT,Tottenham Hotspur,37,46
1996-97,TOT,Tottenham Hotspur,38,46
1996-97,WHU,West Ham United,1,0
1996-97,WHU,West Ham United,2,1
1996-97,WHU,West Ham United,3,4
1996-97,WHU,West Ham United,4,4
1996-97,WHU,West Ham United,5,5
1996-97,WHU,West Ham United,6,5
1996-97,WHU,West Ham United,7,8
1996-97,WHU,West Ham United,8,8
1996-97,WHU,West Ham United,9,8
1996-97,WHU,West Ham United,10,11
1996-97,WHU,West Ham United,11,14
1996-97,WHU,West Ham United,12,14
1996-97,WHU,West Ham United,13,15
1996-97,WHU,West Ham United,14,16
1996-97,WHU,West Ham United,15,17
1996-97,WHU,West Ham United,16,17
1996-97,WHU,West Ham United,17,18
1996-97,WHU,West Ham United,18,18
1996-97,WHU,West Ham United,19,21
1996-97,WHU,West Ham United,20,21
1996-97,WHU,West Ham United,21,22
1996-97,WHU,West Ham United,22,22
1996-97,WHU,West Ham United,23,22
1996-97,WHU,West Ham United,24,22
1996-97,WHU,West Ham United,25,22
1996-97,WHU,West Ham United,26,25
1996-97,WHU,West Ham United,27,25
1996-97,WHU,West Ham United,28,28
1996-97,WHU,West Ham United,29,29
1996-97,WHU,West Ham United,30,30
1996-97,WHU,West Ham United,31,33
1996-97,WHU,West Ham United,32,34
1996-97,WHU,West Ham United,33,34
1996-97,WHU,West Ham United,34,35
1996-97,WHU,West Ham United,35,38
1996-97,WHU,West Ham United,36,41
1996-97,WHU,West Ham United,37,42
1996-97,WHU,West Ham United,38,42
1996-97,WIM,Wimbledon,1,0
1996-97,WIM,Wimbledon,2,0
1996-97,WIM,Wimbledon,3,0
1996-97,WIM,Wimbledon,4,3
1996-97,WIM,Wimbledon,5,6
1996-97,WIM,Wimbledon,6,9
1996-97,WIM,Wimbledon,7,12
1996-97,WIM,Wimbledon,8,15
1996-97,WIM,Wimbledon,9,18
1996-97,WIM,Wimbledon,10,21
1996-97,WIM,Wimbledon,11,22
1996-97,WIM,Wimbledon,12,23
1996-97,WIM,Wimbledon,13,24
1996-97,WIM,Wimbledon,14,25
1996-97,WIM,Wimbledon,15,28
1996-97,WIM,Wimbledon,16,31
1996-97,WIM,Wimbledon,17,34
1996-97,WIM,Wimbledon,18,34
1996-97,WIM,Wimbledon,19,37
1996-97,WIM,Wimbledon,20,38
1996-97,WIM,Wimbledon,21,38
1996-97,WIM,Wimbledon,22,38
1996-97,WIM,Wimbledon,23,39
1996-97,WIM,Wimbledon,24,42
1996-97,WIM,Wimbledon,25,43
1996-97,WIM,Wimbledon,26,43
1996-97,WIM,Wimbledon,27,44
1996-97,WIM,Wimbledon,28,44
1996-97,WIM,Wimbledon,29,45
1996-97,WIM,Wimbledon,30,46
1996-97,WIM,Wimbledon,31,46
1996-97,WIM,Wimbledon,32,46
1996-97,WIM,Wimbledon,33,49
1996-97,WIM,Wimbledon,34,49
1996-97,WIM,Wimbledon,35,49
1996-97,WIM,Wimbledon,36,50
1996-97,WIM,Wimbledon,37,53
1996-97,WIM,Wimbledon,38,56
1997-98,ARS,Arsenal,1,1
1997-98,ARS,Arsenal,2,4
1997-98,ARS,Arsenal,3,7
1997-98,ARS,Arsenal,4,8
1997-98,ARS,Arsenal,5,9
1997-98,ARS,Arsenal,6,12
1997-98,ARS,Arsenal,7,15
1997-98,ARS,Arsenal,8,18
1997-98,ARS,Arsenal,9,19
1997-98,ARS,Arsenal,10,22
1997-98,ARS,Arsenal,11,23
1997-98,ARS,Arsenal,12,24
1997-98,ARS,Arsenal,13,24
1997-98,ARS,Arsenal,14,27
1997-98,ARS,Arsenal,15,27
1997-98,ARS,Arsenal,16,27
1997-98,ARS,Arsenal,17,30
1997-98,ARS,Arsenal,18,30
1997-98,ARS,Arsenal,19,33
1997-98,ARS,Arsenal,20,34
1997-98,ARS,Arsenal,21,37
1997-98,ARS,Arsenal,22,38
1997-98,ARS,Arsenal,23,41
1997-98,ARS,Arsenal,24,44
1997-98,ARS,Arsenal,25,47
1997-98,ARS,Arsenal,26,48
1997-98,ARS,Arsenal,27,51
1997-98,ARS,Arsenal,28,54
1997-98,ARS,Arsenal,29,57
1997-98,ARS,Arsenal,30,60
1997-98,ARS,Arsenal,31,63
1997-98,ARS,Arsenal,32,66
1997-98,ARS,Arsenal,33,69
1997-98,ARS,Arsenal,34,72
1997-98,ARS,Arsenal,35,75
1997-98,ARS,Arsenal,36,78
1997-98,ARS,Arsenal,37,78
1997-98,ARS,Arsenal,38,78
1997-98,AVL,Aston Villa,1,0
1997-98,AVL,Aston Villa,2,0
1997-98,AVL,Aston Villa,3,0
1997-98,AVL,Aston Villa,4,0
1997-98,AVL,Aston Villa,5,3
1997-98,AVL,Aston Villa,6,6
1997-98,AVL,Aston Villa,7,9
1997-98,AVL,Aston Villa,8,9
1997-98,AVL,Aston Villa,9,10
1997-98,AVL,Aston Villa,10,13
1997-98,AVL,Aston Villa,11,13
1997-98,AVL,Aston Villa,12,14
1997-98,AVL,Aston Villa,13,14
1997-98,AVL,Aston Villa,14,15
1997-98,AVL,Aston Villa,15,18
1997-98,AVL,Aston Villa,16,18
1997-98,AVL,Aston Villa,17,21
1997-98,AVL,Aston Villa,18,21
1997-98,AVL,Aston Villa,19,22
1997-98,AVL,Aston Villa,20,25
1997-98,AVL,Aston Villa,21,26
1997-98,AVL,Aston Villa,22,27
1997-98,AVL,Aston Villa,23,27
1997-98,AVL,Aston Villa,24,27
1997-98,AVL,Aston Villa,25,30
1997-98,AVL,Aston Villa,26,30
1997-98,AVL,Aston Villa,27,30
1997-98,AVL,Aston Villa,28,33
1997-98,AVL,Aston Villa,29,36
1997-98,AVL,Aston Villa,30,36
1997-98,AVL,Aston Villa,31,39
1997-98,AVL,Aston Villa,32,42
1997-98,AVL,Aston Villa,33,45
1997-98,AVL,Aston Villa,34,48
1997-98,AVL,Aston Villa,35,51
1997-98,AVL,Aston Villa,36,51
1997-98,AVL,Aston Villa,37,54
1997-98,AVL,Aston Villa,38,57
1997-98,BAR,Barnsley,1,0
1997-98,BAR,Barnsley,2,3
1997-98,BAR,Barnsley,3,3
1997-98,BAR,Barnsley,4,6
1997-98,BAR,Barnsley,5,6
1997-98,BAR,Barnsley,6,6
1997-98,BAR,Barnsley,7,6
1997-98,BAR,Barnsley,8,6
1997-98,BAR,Barnsley,9,6
1997-98,BAR,Barnsley,10,6
1997-98,BAR,Barnsley,11,9
1997-98,BAR,Barnsley,12,9
1997-98,BAR,Barnsley,13,10
1997-98,BAR,Barnsley,14,10
1997-98,BAR,Barnsley,15,13
1997-98,BAR,Barnsley,16,13
1997-98,BAR,Barnsley,17,13
1997-98,BAR,Barnsley,18,14
1997-98,BAR,Barnsley,19,14
1997-98,BAR,Barnsley,20,15
1997-98,BAR,Barnsley,21,18
1997-98,BAR,Barnsley,22,18
1997-98,BAR,Barnsley,23,21
1997-98,BAR,Barnsley,24,21
1997-98,BAR,Barnsley,25,22
1997-98,BAR,Barnsley,26,22
1997-98,BAR,Barnsley,27,25
1997-98,BAR,Barnsley,28,28
1997-98,BAR,Barnsley,29,31
1997-98,BAR,Barnsley,30,31
1997-98,BAR,Barnsley,31,31
1997-98,BAR,Barnsley,32,31
1997-98,BAR,Barnsley,33,34
1997-98,BAR,Barnsley,34,34
1997-98,BAR,Barnsley,35,35
1997-98,BAR,Barnsley,36,35
1997-98,BAR,Barnsley,37,35
1997-98,BAR,Barnsley,38,35
1997-98,BLA,Blackburn Rovers,1,3
1997-98,BLA,Blackburn Rovers,2,6
1997-98,BLA,Blackburn Rovers,3,7
1997-98,BLA,Blackburn Rovers,4,10
1997-98,BLA,Blackburn Rovers,5,13
1997-98,BLA,Blackburn Rovers,6,13
1997-98,BLA,Blackburn Rovers,7,14
1997-98,BLA,Blackburn Rovers,8,15
1997-98,BLA,Blackburn Rovers,9,16
1997-98,BLA,Blackburn Rovers,10,19
1997-98,BLA,Blackburn Rovers,11,22
1997-98,BLA,Blackburn Rovers,12,23
1997-98,BLA,Blackburn Rovers,13,24
1997-98,BLA,Blackburn Rovers,14,27
1997-98,BLA,Blackburn Rovers,15,30
1997-98,BLA,Blackburn Rovers,16,30
1997-98,BLA,Blackburn Rovers,17,33
1997-98,BLA,Blackburn Rovers,18,36
1997-98,BLA,Blackburn Rovers,19,39
1997-98,BLA,Blackburn Rovers,20,40
1997-98,BLA,Blackburn Rovers,21,41
1997-98,BLA,Blackburn Rovers,22,41
1997-98,BLA,Blackburn Rovers,23,44
1997-98,BLA,Blackburn Rovers,24,45
1997-98,BLA,Blackburn Rovers,25,45
1997-98,BLA,Blackburn Rovers,26,45
1997-98,BLA,Blackburn Rovers,27,48
1997-98,BLA,Blackburn Rovers,28,48
1997-98,BLA,Blackburn Rovers,29,48
1997-98,BLA,Blackburn Rovers,30,51
1997-98,BLA,Blackburn Rovers,31,51
1997-98,BLA,Blackburn Rovers,32,51
1997-98,BLA,Blackburn Rovers,33,51
1997-98,BLA,Blackburn Rovers,34,51
1997-98,BLA,Blackburn Rovers,35,52
1997-98,BLA,Blackburn Rovers,36,55
1997-98,BLA,Blackburn Rovers,37,55
1997-98,BLA,Blackburn Rovers,38,58
1997-98,BOL,Bolton Wanderers,1,3
1997-98,BOL,Bolton Wanderers,2,4
1997-98,BOL,Bolton Wanderers,3,4
1997-98,BOL,Bolton Wanderers,4,5
1997-98,BOL,Bolton Wanderers,5,5
1997-98,BOL,Bolton Wanderers,6,6
1997-98,BOL,Bolton Wanderers,7,7
1997-98,BOL,Bolton Wanderers,8,8
1997-98,BOL,Bolton Wanderers,9,8
1997-98,BOL,Bolton Wanderers,10,8
1997-98,BOL,Bolton Wanderers,11,11
1997-98,BOL,Bolton Wanderers,12,12
1997-98,BOL,Bolton Wanderers,13,12
1997-98,BOL,Bolton Wanderers,14,13
1997-98,BOL,Bolton Wanderers,15,16
1997-98,BOL,Bolton Wanderers,16,19
1997-98,BOL,Bolton Wanderers,17,19
1997-98,BOL,Bolton Wanderers,18,20
1997-98,BOL,Bolton Wanderers,19,20
1997-98,BOL,Bolton Wanderers,20,21
1997-98,BOL,Bolton Wanderers,21,21
1997-98,BOL,Bolton Wanderers,22,22
1997-98,BOL,Bolton Wanderers,23,22
1997-98,BOL,Bolton Wanderers,24,22
1997-98,BOL,Bolton Wanderers,25,23
1997-98,BOL,Bolton Wanderers,26,24
1997-98,BOL,Bolton Wanderers,27,24
1997-98,BOL,Bolton Wanderers,28,24
1997-98,BOL,Bolton Wanderers,29,27
1997-98,BOL,Bolton Wanderers,30,30
1997-98,BOL,Bolton Wanderers,31,30
1997-98,BOL,Bolton Wanderers,32,31
1997-98,BOL,Bolton Wanderers,33,34
1997-98,BOL,Bolton Wanderers,34,34
1997-98,BOL,Bolton Wanderers,35,34
1997-98,BOL,Bolton Wanderers,36,37
1997-98,BOL,Bolton Wanderers,37,40
1997-98,BOL,Bolton Wanderers,38,40
1997-98,CHE,Chelsea,1,0
1997-98,CHE,Chelsea,2,3
1997-98,CHE,Chelsea,3,6
1997-98,CHE,Chelsea,4,9
1997-98,CHE,Chelsea,5,12
1997-98,CHE,Chelsea,6,12
1997-98,CHE,Chelsea,7,13
1997-98,CHE,Chelsea,8,16
1997-98,CHE,Chelsea,9,16
1997-98,CHE,Chelsea,10,19
1997-98,CHE,Chelsea,11,19
1997-98,CHE,Chelsea,12,22
1997-98,CHE,Chelsea,13,25
1997-98,CHE,Chelsea,14,25
1997-98,CHE,Chelsea,15,28
1997-98,CHE,Chelsea,16,31
1997-98,CHE,Chelsea,17,34
1997-98,CHE,Chelsea,18,35
1997-98,CHE,Chelsea,19,38
1997-98,CHE,Chelsea,20,39
1997-98,CHE,Chelsea,21,39
1997-98,CHE,Chelsea,22,42
1997-98,CHE,Chelsea,23,42
1997-98,CHE,Chelsea,24,45
1997-98,CHE,Chelsea,25,45
1997-98,CHE,Chelsea,26,45
1997-98,CHE,Chelsea,27,45
1997-98,CHE,Chelsea,28,45
1997-98,CHE,Chelsea,29,48
1997-98,CHE,Chelsea,30,48
1997-98,CHE,Chelsea,31,51
1997-98,CHE,Chelsea,32,51
1997-98,CHE,Chelsea,33,54
1997-98,CHE,Chelsea,34,57
1997-98,CHE,Chelsea,35,60
1997-98,CHE,Chelsea,36,60
1997-98,CHE,Chelsea,37,60
1997-98,CHE,Chelsea,38,63
1997-98,COV,Coventry City,1,3
1997-98,COV,Coventry City,2,3
1997-98,COV,Coventry City,3,4
1997-98,COV,Coventry City,4,5
1997-98,COV,Coventry City,5,5
1997-98,COV,Coventry City,6,8
1997-98,COV,Coventry City,7,9
1997-98,COV,Coventry City,8,10
1997-98,COV,Coventry City,9,11
1997-98,COV,Coventry City,10,12
1997-98,COV,Coventry City,11,12
1997-98,COV,Coventry City,12,13
1997-98,COV,Coventry City,13,16
1997-98,COV,Coventry City,14,17
1997-98,COV,Coventry City,15,17
1997-98,COV,Coventry City,16,17
1997-98,COV,Coventry City,17,17
1997-98,COV,Coventry City,18,20
1997-98,COV,Coventry City,19,20
1997-98,COV,Coventry City,20,20
1997-98,COV,Coventry City,21,23
1997-98,COV,Coventry City,22,23
1997-98,COV,Coventry City,23,24
1997-98,COV,Coventry City,24,27
1997-98,COV,Coventry City,25,30
1997-98,COV,Coventry City,26,33
1997-98,COV,Coventry City,27,36
1997-98,COV,Coventry City,28,39
1997-98,COV,Coventry City,29,40
1997-98,COV,Coventry City,30,43
1997-98,COV,Coventry City,31,44
1997-98,COV,Coventry City,32,44
1997-98,COV,Coventry City,33,45
1997-98,COV,Coventry City,34,46
1997-98,COV,Coventry City,35,47
1997-98,COV,Coventry City,36,48
1997-98,COV,Coventry City,37,51
1997-98,COV,Coventry City,38,52
1997-98,CRY,Crystal Palace,1,3
1997-98,CRY,Crystal Palace,2,3
1997-98,CRY,Crystal Palace,3,6
1997-98,CRY,Crystal Palace,4,6
1997-98,CRY,Crystal Palace,5,6
1997-98,CRY,Crystal Palace,6,6
1997-98,CRY,Crystal Palace,7,9
1997-98,CRY,Crystal Palace,8,10
1997-98,CRY,Crystal Palace,9,11
1997-98,CRY,Crystal Palace,10,11
1997-98,CRY,Crystal Palace,11,12
1997-98,CRY,Crystal Palace,12,15
1997-98,CRY,Crystal Palace,13,16
1997-98,CRY,Crystal Palace,14,19
1997-98,CRY,Crystal Palace,15,19
1997-98,CRY,Crystal Palace,16,19
1997-98,CRY,Crystal Palace,17,20
1997-98,CRY,Crystal Palace,18,20
1997-98,CRY,Crystal Palace,19,21
1997-98,CRY,Crystal Palace,20,22
1997-98,CRY,Crystal Palace,21,23
1997-98,CRY,Crystal Palace,22,23
1997-98,CRY,Crystal Palace,23,23
1997-98,CRY,Crystal Palace,24,23
1997-98,CRY,Crystal Palace,25,23
1997-98,CRY,Crystal Palace,26,23
1997-98,CRY,Crystal Palace,27,23
1997-98,CRY,Crystal Palace,28,23
1997-98,CRY,Crystal Palace,29,23
1997-98,CRY,Crystal Palace,30,26
1997-98,CRY,Crystal Palace,31,26
1997-98,CRY,Crystal Palace,32,26
1997-98,CRY,Crystal Palace,33,26
1997-98,CRY,Crystal Palace,34,29
1997-98,CRY,Crystal Palace,35,29
1997-98,CRY,Crystal Palace,36,29
1997-98,CRY,Crystal Palace,37,30
1997-98,CRY,Crystal Palace,38,33
1997-98,DER,Derby County,1,0
1997-98,DER,Derby County,2,0
1997-98,DER,Derby County,3,3
1997-98,DER,Derby County,4,6
1997-98,DER,Derby County,5,6
1997-98,DER,Derby County,6,9
1997-98,DER,Derby County,7,12
1997-98,DER,Derby County,8,15
1997-98,DER,Derby County,9,16
1997-98,DER,Derby County,10,17
1997-98,DER,Derby County,11,17
1997-98,DER,Derby County,12,20
1997-98,DER,Derby County,13,20
1997-98,DER,Derby County,14,23
1997-98,DER,Derby County,15,23
1997-98,DER,Derby County,16,26
1997-98,DER,Derby County,17,27
1997-98,DER,Derby County,18,28
1997-98,DER,Derby County,19,29
1997-98,DER,Derby County,20,32
1997-98,DER,Derby County,21,32
1997-98,DER,Derby County,22,35
1997-98,DER,Derby County,23,36
1997-98,DER,Derby County,24,39
1997-98,DER,Derby County,25,39
1997-98,DER,Derby County,26,42
1997-98,DER,Derby County,27,42
1997-98,DER,Derby County,28,45
1997-98,DER,Derby County,29,45
1997-98,DER,Derby County,30,45
1997-98,DER,Derby County,31,45
1997-98,DER,Derby County,32,46
1997-98,DER,Derby County,33,49
1997-98,DER,Derby County,34,49
1997-98,DER,Derby County,35,49
1997-98,DER,Derby County,36,49
1997-98,DER,Derby County,37,52
1997-98,DER,Derby County,38,55
1997-98,EVE,Everton,1,0
1997-98,EVE,Everton,2,3
1997-98,EVE,Everton,3,3
1997-98,EVE,Everton,4,4
1997-98,EVE,Everton,5,4
1997-98,EVE,Everton,6,7
1997-98,EVE,Everton,7,7
1997-98,EVE,Everton,8,8
1997-98,EVE,Everton,9,8
1997-98,EVE,Everton,10,11
1997-98,EVE,Everton,11,12
1997-98,EVE,Everton,12,12
1997-98,EVE,Everton,13,12
1997-98,EVE,Everton,14,12
1997-98,EVE,Everton,15,12
1997-98,EVE,Everton,16,12
1997-98,EVE,Everton,17,13
1997-98,EVE,Everton,18,14
1997-98,EVE,Everton,19,17
1997-98,EVE,Everton,20,17
1997-98,EVE,Everton,21,20
1997-98,EVE,Everton,22,23
1997-98,EVE,Everton,23,26
1997-98,EVE,Everton,24,27
1997-98,EVE,Everton,25,28
1997-98,EVE,Everton,26,28
1997-98,EVE,Everton,27,29
1997-98,EVE,Everton,28,30
1997-98,EVE,Everton,29,30
1997-98,EVE,Everton,30,33
1997-98,EVE,Everton,31,33
1997-98,EVE,Everton,32,34
1997-98,EVE,Everton,33,37
1997-98,EVE,Everton,34,38
1997-98,EVE,Everton,35,39
1997-98,EVE,Everton,36,39
1997-98,EVE,Everton,37,39
1997-98,EVE,Everton,38,40
1997-98,LEE,Leeds United,1,1
1997-98,LEE,Leeds United,2,4
1997-98,LEE,Leeds United,3,4
1997-98,LEE,Leeds United,4,4
1997-98,LEE,Leeds United,5,4
1997-98,LEE,Leeds United,6,7
1997-98,LEE,Leeds United,7,7
1997-98,LEE,Leeds United,8,10
1997-98,LEE,Leeds United,9,13
1997-98,LEE,Leeds United,10,14
1997-98,LEE,Leeds United,11,17
1997-98,LEE,Leeds United,12,17
1997-98,LEE,Leeds United,13,20
1997-98,LEE,Leeds United,14,23
1997-98,LEE,Leeds United,15,26
1997-98,LEE,Leeds United,16,29
1997-98,LEE,Leeds United,17,30
1997-98,LEE,Leeds United,18,31
1997-98,LEE,Leeds United,19,34
1997-98,LEE,Leeds United,20,34
1997-98,LEE,Leeds United,21,35
1997-98,LEE,Leeds United,22,35
1997-98,LEE,Leeds United,23,35
1997-98,LEE,Leeds United,24,38
1997-98,LEE,Leeds United,25,38
1997-98,LEE,Leeds United,26,39
1997-98,LEE,Leeds United,27,39
1997-98,LEE,Leeds United,28,42
1997-98,LEE,Leeds United,29,45
1997-98,LEE,Leeds United,30,48
1997-98,LEE,Leeds United,31,48
1997-98,LEE,Leeds United,32,51
1997-98,LEE,Leeds United,33,54
1997-98,LEE,Leeds United,34,54
1997-98,LEE,Leeds United,35,57
1997-98,LEE,Leeds United,36,58
1997-98,LEE,Leeds United,37,58
1997-98,LEE,Leeds United,38,59
1997-98,LEI,Leicester City,1,3
1997-98,LEI,Leicester City,2,6
1997-98,LEI,Leicester City,3,7
1997-98,LEI,Leicester City,4,8
1997-98,LEI,Leicester City,5,8
1997-98,LEI,Leicester City,6,11
1997-98,LEI,Leicester City,7,14
1997-98,LEI,Leicester City,8,15
1997-98,LEI,Leicester City,9,18
1997-98,LEI,Leicester City,10,18
1997-98,LEI,Leicester City,11,18
1997-98,LEI,Leicester City,12,21
1997-98,LEI,Leicester City,13,22
1997-98,LEI,Leicester City,14,22
1997-98,LEI,Leicester City,15,23
1997-98,LEI,Leicester City,16,26
1997-98,LEI,Leicester City,17,27
1997-98,LEI,Leicester City,18,27
1997-98,LEI,Leicester City,19,27
1997-98,LEI,Leicester City,20,27
1997-98,LEI,Leicester City,21,28
1997-98,LEI,Leicester City,22,29
1997-98,LEI,Leicester City,23,30
1997-98,LEI,Leicester City,24,33
1997-98,LEI,Leicester City,25,36
1997-98,LEI,Leicester City,26,37
1997-98,LEI,Leicester City,27,40
1997-98,LEI,Leicester City,28,40
1997-98,LEI,Leicester City,29,40
1997-98,LEI,Leicester City,30,40
1997-98,LEI,Leicester City,31,41
1997-98,LEI,Leicester City,32,44
1997-98,LEI,Leicester City,33,45
1997-98,LEI,Leicester City,34,46
1997-98,LEI,Leicester City,35,49
1997-98,LEI,Leicester City,36,50
1997-98,LEI,Leicester City,37,53
1997-98,LEI,Leicester City,38,53
1997-98,LIV,Liverpool,1,1
1997-98,LIV,Liverpool,2,1
1997-98,LIV,Liverpool,3,2
1997-98,LIV,Liverpool,4,5
1997-98,LIV,Liverpool,5,8
1997-98,LIV,Liverpool,6,9
1997-98,LIV,Liverpool,7,12
1997-98,LIV,Liverpool,8,12
1997-98,LIV,Liverpool,9,15
1997-98,LIV,Liverpool,10,15
1997-98,LIV,Liverpool,11,18
1997-98,LIV,Liverpool,12,19
1997-98,LIV,Liverpool,13,22
1997-98,LIV,Liverpool,14,22
1997-98,LIV,Liverpool,15,25
1997-98,LIV,Liverpool,16,25
1997-98,LIV,Liverpool,17,28
1997-98,LIV,Liverpool,18,31
1997-98,LIV,Liverpool,19,34
1997-98,LIV,Liverpool,20,37
1997-98,LIV,Liverpool,21,40
1997-98,LIV,Liverpool,22,41
1997-98,LIV,Liverpool,23,44
1997-98,LIV,Liverpool,24,45
1997-98,LIV,Liverpool,25,45
1997-98,LIV,Liverpool,26,46
1997-98,LIV,Liverpool,27,47
1997-98,LIV,Liverpool,28,47
1997-98,LIV,Liverpool,29,50
1997-98,LIV,Liverpool,30,51
1997-98,LIV,Liverpool,31,54
1997-98,LIV,Liverpool,32,55
1997-98,LIV,Liverpool,33,58
1997-98,LIV,Liverpool,34,59
1997-98,LIV,Liverpool,35,59
1997-98,LIV,Liverpool,36,62
1997-98,LIV,Liverpool,37,65
1997-98,LIV,Liverpool,38,65
1997-98,MUN,Manchester United,1,3
1997-98,MUN,Manchester United,2,6
1997-98,MUN,Manchester United,3,7
1997-98,MUN,Manchester United,4,10
1997-98,MUN,Manchester United,5,13
1997-98,MUN,Manchester United,6,16
1997-98,MUN,Manchester United,7,17
1997-98,MUN,Manchester United,8,18
1997-98,MUN,Manchester United,9,18
1997-98,MUN,Manchester United,10,21
1997-98,MUN,Manchester United,11,22
1997-98,MUN,Manchester United,12,25
1997-98,MUN,Manchester United,13,28
1997-98,MUN,Manchester United,14,28
1997-98,MUN,Manchester United,15,31
1997-98,MUN,Manchester United,16,34
1997-98,MUN,Manchester United,17,37
1997-98,MUN,Manchester United,18,40
1997-98,MUN,Manchester United,19,43
1997-98,MUN,Manchester United,20,46
1997-98,MUN,Manchester United,21,46
1997-98,MUN,Manchester United,22,49
1997-98,MUN,Manchester United,23,49
1997-98,MUN,Manchester United,24,49
1997-98,MUN,Manchester United,25,50
1997-98,MUN,Manchester United,26,53
1997-98,MUN,Manchester United,27,56
1997-98,MUN,Manchester United,28,59
1997-98,MUN,Manchester United,29,59
1997-98,MUN,Manchester United,30,60
1997-98,MUN,Manchester United,31,60
1997-98,MUN,Manchester United,32,63
1997-98,MUN,Manchester United,33,66
1997-98,MUN,Manchester United,34,67
1997-98,MUN,Manchester United,35,68
1997-98,MUN,Manchester United,36,71
1997-98,MUN,Manchester United,37,74
1997-98,MUN,Manchester United,38,77
1997-98,NEW,Newcastle United,1,3
1997-98,NEW,Newcastle United,2,6
1997-98,NEW,Newcastle United,3,6
1997-98,NEW,Newcastle United,4,9
1997-98,NEW,Newcastle United,5,12
1997-98,NEW,Newcastle United,6,12
1997-98,NEW,Newcastle United,7,15
1997-98,NEW,Newcastle United,8,15
1997-98,NEW,Newcastle United,9,16
1997-98,NEW,Newcastle United,10,17
1997-98,NEW,Newcastle United,11,18
1997-98,NEW,Newcastle United,12,21
1997-98,NEW,Newcastle United,13,24
1997-98,NEW,Newcastle United,14,24
1997-98,NEW,Newcastle United,15,24
1997-98,NEW,Newcastle United,16,25
1997-98,NEW,Newcastle United,17,26
1997-98,NEW,Newcastle United,18,26
1997-98,NEW,Newcastle United,19,26
1997-98,NEW,Newcastle United,20,26
1997-98,NEW,Newcastle United,21,26
1997-98,NEW,Newcastle United,22,29
1997-98,NEW,Newcastle United,23,29
1997-98,NEW,Newcastle United,24,32
1997-98,NEW,Newcastle United,25,32
1997-98,NEW,Newcastle United,26,33
1997-98,NEW,Newcastle United,27,34
1997-98,NEW,Newcastle United,28,35
1997-98,NEW,Newcastle United,29,35
1997-98,NEW,Newcastle United,30,35
1997-98,NEW,Newcastle United,31,36
1997-98,NEW,Newcastle United,32,36
1997-98,NEW,Newcastle United,33,39
1997-98,NEW,Newcastle United,34,40
1997-98,NEW,Newcastle United,35,40
1997-98,NEW,Newcastle United,36,41
1997-98,NEW,Newcastle United,37,44
1997-98,NEW,Newcastle United,38,44
1997-98,SHW,Sheffield Wednesday,1,0
1997-98,SHW,Sheffield Wednesday,2,0
1997-98,SHW,Sheffield Wednesday,3,1
1997-98,SHW,Sheffield Wednesday,4,1
1997-98,SHW,Sheffield Wednesday,5,4
1997-98,SHW,Sheffield Wednesday,6,4
1997-98,SHW,Sheffield Wednesday,7,5
1997-98,SHW,Sheffield Wednesday,8,5
1997-98,SHW,Sheffield Wednesday,9,6
1997-98,SHW,Sheffield Wednesday,10,9
1997-98,SHW,Sheffield Wednesday,11,9
1997-98,SHW,Sheffield Wednesday,12,9
1997-98,SHW,Sheffield Wednesday,13,9
1997-98,SHW,Sheffield Wednesday,14,12
1997-98,SHW,Sheffield Wednesday,15,15
1997-98,SHW,Sheffield Wednesday,16,18
1997-98,SHW,Sheffield Wednesday,17,21
1997-98,SHW,Sheffield Wednesday,18,21
1997-98,SHW,Sheffield Wednesday,19,21
1997-98,SHW,Sheffield Wednesday,20,22
1997-98,SHW,Sheffield Wednesday,21,23
1997-98,SHW,Sheffield Wednesday,22,26
1997-98,SHW,Sheffield Wednesday,23,29
1997-98,SHW,Sheffield Wednesday,24,30
1997-98,SHW,Sheffield Wednesday,25,30
1997-98,SHW,Sheffield Wednesday,26,31
1997-98,SHW,Sheffield Wednesday,27,34
1997-98,SHW,Sheffield Wednesday,28,34
1997-98,SHW,Sheffield Wednesday,29,37
1997-98,SHW,Sheffield Wednesday,30,37
1997-98,SHW,Sheffield Wednesday,31,37
1997-98,SHW,Sheffield Wednesday,32,40
1997-98,SHW,Sheffield Wednesday,33,40
1997-98,SHW,Sheffield Wednesday,34,41
1997-98,SHW,Sheffield Wednesday,35,41
1997-98,SHW,Sheffield Wednesday,36,44
1997-98,SHW,Sheffield Wednesday,37,44
1997-98,SHW,Sheffield Wednesday,38,44
1997-98,SOU,Southampton,1,0
1997-98,SOU,Southampton,2,0
1997-98,SOU,Southampton,3,0
1997-98,SOU,Southampton,4,3
1997-98,SOU,Southampton,5,3
1997-98,SOU,Southampton,6,3
1997-98,SOU,Southampton,7,4
1997-98,SOU,Southampton,8,4
1997-98,SOU,Southampton,9,4
1997-98,SOU,Southampton,10,7
1997-98,SOU,Southampton,11,7
1997-98,SOU,Southampton,12,10
1997-98,SOU,Southampton,13,13
1997-98,SOU,Southampton,14,16
1997-98,SOU,Southampton,15,16
1997-98,SOU,Southampton,16,16
1997-98,SOU,Southampton,17,16
1997-98,SOU,Southampton,18,19
1997-98,SOU,Southampton,19,20
1997-98,SOU,Southampton,20,21
1997-98,SOU,Southampton,21,24
1997-98,SOU,Southampton,22,25
1997-98,SOU,Southampton,23,28
1997-98,SOU,Southampton,24,28
1997-98,SOU,Southampton,25,31
1997-98,SOU,Southampton,26,31
1997-98,SOU,Southampton,27,34
1997-98,SOU,Southampton,28,37
1997-98,SOU,Southampton,29,40
1997-98,SOU,Southampton,30,40
1997-98,SOU,Southampton,31,43
1997-98,SOU,Southampton,32,43
1997-98,SOU,Southampton,33,43
1997-98,SOU,Southampton,34,44
1997-98,SOU,Southampton,35,44
1997-98,SOU,Southampton,36,47
1997-98,SOU,Southampton,37,47
1997-98,SOU,Southampton,38,48
1997-98,TOT,Tottenham Hotspur,1,0
1997-98,TOT,Tottenham Hotspur,2,0
1997-98,TOT,Tottenham Hotspur,3,3
1997-98,TOT,Tottenham Hotspur,4,6
1997-98,TOT,Tottenham Hotspur,5,7
1997-98,TOT,Tottenham Hotspur,6,7
1997-98,TOT,Tottenham Hotspur,7,8
1997-98,TOT,Tottenham Hotspur,8,9
1997-98,TOT,Tottenham Hotspur,9,10
1997-98,TOT,Tottenham Hotspur,10,10
1997-98,TOT,Tottenham Hotspur,11,13
1997-98,TOT,Tottenham Hotspur,12,13
1997-98,TOT,Tottenham Hotspur,13,13
1997-98,TOT,Tottenham Hotspur,14,13
1997-98,TOT,Tottenham Hotspur,15,13
1997-98,TOT,Tottenham Hotspur,16,16
1997-98,TOT,Tottenham Hotspur,17,16
1997-98,TOT,Tottenham Hotspur,18,16
1997-98,TOT,Tottenham Hotspur,19,19
1997-98,TOT,Tottenham Hotspur,20,19
1997-98,TOT,Tottenham Hotspur,21,20
1997-98,TOT,Tottenham Hotspur,22,20
1997-98,TOT,Tottenham Hotspur,23,23
1997-98,TOT,Tottenham Hotspur,24,23
1997-98,TOT,Tottenham Hotspur,25,26
1997-98,TOT,Tottenham Hotspur,26,27
1997-98,TOT,Tottenham Hotspur,27,27
1997-98,TOT,Tottenham Hotspur,28,30
1997-98,TOT,Tottenham Hotspur,29,30
1997-98,TOT,Tottenham Hotspur,30,31
1997-98,TOT,Tottenham Hotspur,31,34
1997-98,TOT,Tottenham Hotspur,32,35
1997-98,TOT,Tottenham Hotspur,33,35
1997-98,TOT,Tottenham Hotspur,34,36
1997-98,TOT,Tottenham Hotspur,35,37
1997-98,TOT,Tottenham Hotspur,36,40
1997-98,TOT,Tottenham Hotspur,37,43
1997-98,TOT,Tottenham Hotspur,38,44
1997-98,WHU,West Ham United,1,3
1997-98,WHU,West Ham United,2,6
1997-98,WHU,West Ham United,3,6
1997-98,WHU,West Ham United,4,7
1997-98,WHU,West Ham United,5,10
1997-98,WHU,West Ham United,6,10
1997-98,WHU,West Ham United,7,10
1997-98,WHU,West Ham United,8,10
1997-98,WHU,West Ham United,9,13
1997-98,WHU,West Ham United,10,13
1997-98,WHU,West Ham United,11,16
1997-98,WHU,West Ham United,12,16
1997-98,WHU,West Ham United,13,16
1997-98,WHU,West Ham United,14,16
1997-98,WHU,West Ham United,15,19
1997-98,WHU,West Ham United,16,22
1997-98,WHU,West Ham United,17,22
1997-98,WHU,West Ham United,18,25
1997-98,WHU,West Ham United,19,25
1997-98,WHU,West Ham United,20,28
1997-98,WHU,West Ham United,21,31
1997-98,WHU,West Ham United,22,34
1997-98,WHU,West Ham United,23,34
1997-98,WHU,West Ham United,24,35
1997-98,WHU,West Ham United,25,38
1997-98,WHU,West Ham United,26,39
1997-98,WHU,West Ham United,27,40
1997-98,WHU,West Ham United,28,41
1997-98,WHU,West Ham United,29,44
1997-98,WHU,West Ham United,30,47
1997-98,WHU,West Ham United,31,47
1997-98,WHU,West Ham United,32,48
1997-98,WHU,West Ham United,33,49
1997-98,WHU,West Ham United,34,52
1997-98,WHU,West Ham United,35,52
1997-98,WHU,West Ham United,36,52
1997-98,WHU,West Ham United,37,53
1997-98,WHU,West Ham United,38,56
1997-98,WIM,Wimbledon,1,1
1997-98,WIM,Wimbledon,2,2
1997-98,WIM,Wimbledon,3,2
1997-98,WIM,Wimbledon,4,2
1997-98,WIM,Wimbledon,5,5
1997-98,WIM,Wimbledon,6,5
1997-98,WIM,Wimbledon,7,8
1997-98,WIM,Wimbledon,8,9
1997-98,WIM,Wimbledon,9,9
1997-98,WIM,Wimbledon,10,12
1997-98,WIM,Wimbledon,11,13
1997-98,WIM,Wimbledon,12,16
1997-98,WIM,Wimbledon,13,16
1997-98,WIM,Wimbledon,14,19
1997-98,WIM,Wimbledon,15,19
1997-98,WIM,Wimbledon,16,19
1997-98,WIM,Wimbledon,17,22
1997-98,WIM,Wimbledon,18,23
1997-98,WIM,Wimbledon,19,24
1997-98,WIM,Wimbledon,20,24
1997-98,WIM,Wimbledon,21,24
1997-98,WIM,Wimbledon,22,25
1997-98,WIM,Wimbledon,23,26
1997-98,WIM,Wimbledon,24,29
1997-98,WIM,Wimbledon,25,32
1997-98,WIM,Wimbledon,26,32
1997-98,WIM,Wimbledon,27,32
1997-98,WIM,Wimbledon,28,35
1997-98,WIM,Wimbledon,29,35
1997-98,WIM,Wimbledon,30,36
1997-98,WIM,Wimbledon,31,37
1997-98,WIM,Wimbledon,32,40
1997-98,WIM,Wimbledon,33,41
1997-98,WIM,Wimbledon,34,41
1997-98,WIM,Wimbledon,35,42
1997-98,WIM,Wimbledon,36,43
1997-98,WIM,Wimbledon,37,43
1997-98,WIM,Wimbledon,38,44
1998-99,ARS,Arsenal,1,3
1998-99,ARS,Arsenal,2,4
1998-99,ARS,Arsenal,3,5
1998-99,ARS,Arsenal,4,6
1998-99,ARS,Arsenal,5,7
1998-99,ARS,Arsenal,6,10
1998-99,ARS,Arsenal,7,10
1998-99,ARS,Arsenal,8,13
1998-99,ARS,Arsenal,9,14
1998-99,ARS,Arsenal,10,17
1998-99,ARS,Arsenal,11,20
1998-99,ARS,Arsenal,12,23
1998-99,ARS,Arsenal,13,24
1998-99,ARS,Arsenal,14,24
1998-99,ARS,Arsenal,15,25
1998-99,ARS,Arsenal,16,26
1998-99,ARS,Arsenal,17,26
1998-99,ARS,Arsenal,18,29
1998-99,ARS,Arsenal,19,32
1998-99,ARS,Arsenal,20,35
1998-99,ARS,Arsenal,21,36
1998-99,ARS,Arsenal,22,39
1998-99,ARS,Arsenal,23,42
1998-99,ARS,Arsenal,24,45
1998-99,ARS,Arsenal,25,46
1998-99,ARS,Arsenal,26,49
1998-99,ARS,Arsenal,27,50
1998-99,ARS,Arsenal,28,53
1998-99,ARS,Arsenal,29,56
1998-99,ARS,Arsenal,30,59
1998-99,ARS,Arsenal,31,60
1998-99,ARS,Arsenal,32,63
1998-99,ARS,Arsenal,33,66
1998-99,ARS,Arsenal,34,69
1998-99,ARS,Arsenal,35,72
1998-99,ARS,Arsenal,36,75
1998-99,ARS,Arsenal,37,75
1998-99,ARS,Arsenal,38,78
1998-99,AVL,Aston Villa,1,1
1998-99,AVL,Aston Villa,2,4
1998-99,AVL,Aston Villa,3,7
1998-99,AVL,Aston Villa,4,10
1998-99,AVL,Aston Villa,5,13
1998-99,AVL,Aston Villa,6,14
1998-99,AVL,Aston Villa,7,17
1998-99,AVL,Aston Villa,8,20
1998-99,AVL,Aston Villa,9,21
1998-99,AVL,Aston Villa,10,22
1998-99,AVL,Aston Villa,11,25
1998-99,AVL,Aston Villa,12,28
1998-99,AVL,Aston Villa,13,28
1998-99,AVL,Aston Villa,14,29
1998-99,AVL,Aston Villa,15,30
1998-99,AVL,Aston Villa,16,30
1998-99,AVL,Aston Villa,17,33
1998-99,AVL,Aston Villa,18,36
1998-99,AVL,Aston Villa,19,36
1998-99,AVL,Aston Villa,20,39
1998-99,AVL,Aston Villa,21,40
1998-99,AVL,Aston Villa,22,43
1998-99,AVL,Aston Villa,23,43
1998-99,AVL,Aston Villa,24,43
1998-99,AVL,Aston Villa,25,43
1998-99,AVL,Aston Villa,26,44
1998-99,AVL,Aston Villa,27,44
1998-99,AVL,Aston Villa,28,44
1998-99,AVL,Aston Villa,29,44
1998-99,AVL,Aston Villa,30,44
1998-99,AVL,Aston Villa,31,45
1998-99,AVL,Aston Villa,32,46
1998-99,AVL,Aston Villa,33,49
1998-99,AVL,Aston Villa,34,52
1998-99,AVL,Aston Villa,35,55
1998-99,AVL,Aston Villa,36,55
1998-99,AVL,Aston Villa,37,55
1998-99,AVL,Aston Villa,38,55
1998-99,BLA,Blackburn Rovers,1,1
1998-99,BLA,Blackburn Rovers,2,1
1998-99,BLA,Blackburn Rovers,3,4
1998-99,BLA,Blackburn Rovers,4,4
1998-99,BLA,Blackburn Rovers,5,4
1998-99,BLA,Blackburn Rovers,6,4
1998-99,BLA,Blackburn Rovers,7,5
1998-99,BLA,Blackburn Rovers,8,8
1998-99,BLA,Blackburn Rovers,9,8
1998-99,BLA,Blackburn Rovers,10,8
1998-99,BLA,Blackburn Rovers,11,9
1998-99,BLA,Blackburn Rovers,12,9
1998-99,BLA,Blackburn Rovers,13,9
1998-99,BLA,Blackburn Rovers,14,9
1998-99,BLA,Blackburn Rovers,15,9
1998-99,BLA,Blackburn Rovers,16,12
1998-99,BLA,Blackburn Rovers,17,13
1998-99,BLA,Blackburn Rovers,18,14
1998-99,BLA,Blackburn Rovers,19,17
1998-99,BLA,Blackburn Rovers,20,18
1998-99,BLA,Blackburn Rovers,21,21
1998-99,BLA,Blackburn Rovers,22,21
1998-99,BLA,Blackburn Rovers,23,22
1998-99,BLA,Blackburn Rovers,24,25
1998-99,BLA,Blackburn Rovers,25,26
1998-99,BLA,Blackburn Rovers,26,26
1998-99,BLA,Blackburn Rovers,27,26
1998-99,BLA,Blackburn Rovers,28,26
1998-99,BLA,Blackburn Rovers,29,27
1998-99,BLA,Blackburn Rovers,30,30
1998-99,BLA,Blackburn Rovers,31,31
1998-99,BLA,Blackburn Rovers,32,31
1998-99,BLA,Blackburn Rovers,33,32
1998-99,BLA,Blackburn Rovers,34,32
1998-99,BLA,Blackburn Rovers,35,33
1998-99,BLA,Blackburn Rovers,36,33
1998-99,BLA,Blackburn Rovers,37,34
1998-99,BLA,Blackburn Rovers,38,35
1998-99,CHA,Charlton Athletic,1,1
1998-99,CHA,Charlton Athletic,2,4
1998-99,CHA,Charlton Athletic,3,5
1998-99,CHA,Charlton Athletic,4,5
1998-99,CHA,Charlton Athletic,5,5
1998-99,CHA,Charlton Athletic,6,6
1998-99,CHA,Charlton Athletic,7,7
1998-99,CHA,Charlton Athletic,8,10
1998-99,CHA,Charlton Athletic,9,10
1998-99,CHA,Charlton Athletic,10,13
1998-99,CHA,Charlton Athletic,11,14
1998-99,CHA,Charlton Athletic,12,15
1998-99,CHA,Charlton Athletic,13,16
1998-99,CHA,Charlton Athletic,14,16
1998-99,CHA,Charlton Athletic,15,16
1998-99,CHA,Charlton Athletic,16,16
1998-99,CHA,Charlton Athletic,17,16
1998-99,CHA,Charlton Athletic,18,16
1998-99,CHA,Charlton Athletic,19,16
1998-99,CHA,Charlton Athletic,20,16
1998-99,CHA,Charlton Athletic,21,16
1998-99,CHA,Charlton Athletic,22,17
1998-99,CHA,Charlton Athletic,23,17
1998-99,CHA,Charlton Athletic,24,20
1998-99,CHA,Charlton Athletic,25,23
1998-99,CHA,Charlton Athletic,26,26
1998-99,CHA,Charlton Athletic,27,27
1998-99,CHA,Charlton Athletic,28,27
1998-99,CHA,Charlton Athletic,29,28
1998-99,CHA,Charlton Athletic,30,28
1998-99,CHA,Charlton Athletic,31,31
1998-99,CHA,Charlton Athletic,32,31
1998-99,CHA,Charlton Athletic,33,32
1998-99,CHA,Charlton Athletic,34,32
1998-99,CHA,Charlton Athletic,35,32
1998-99,CHA,Charlton Athletic,36,33
1998-99,CHA,Charlton Athletic,37,36
1998-99,CHA,Charlton Athletic,38,36
1998-99,CHE,Chelsea,1,0
1998-99,CHE,Chelsea,2,1
1998-99,CHE,Chelsea,3,2
1998-99,CHE,Chelsea,4,5
1998-99,CHE,Chelsea,5,8
1998-99,CHE,Chelsea,6,11
1998-99,CHE,Chelsea,7,12
1998-99,CHE,Chelsea,8,15
1998-99,CHE,Chelsea,9,16
1998-99,CHE,Chelsea,10,17
1998-99,CHE,Chelsea,11,20
1998-99,CHE,Chelsea,12,23
1998-99,CHE,Chelsea,13,24
1998-99,CHE,Chelsea,14,25
1998-99,CHE,Chelsea,15,28
1998-99,CHE,Chelsea,16,29
1998-99,CHE,Chelsea,17,30
1998-99,CHE,Chelsea,18,33
1998-99,CHE,Chelsea,19,36
1998-99,CHE,Chelsea,20,37
1998-99,CHE,Chelsea,21,40
1998-99,CHE,Chelsea,22,43
1998-99,CHE,Chelsea,23,43
1998-99,CHE,Chelsea,24,46
1998-99,CHE,Chelsea,25,47
1998-99,CHE,Chelsea,26,50
1998-99,CHE,Chelsea,27,53
1998-99,CHE,Chelsea,28,53
1998-99,CHE,Chelsea,29,56
1998-99,CHE,Chelsea,30,59
1998-99,CHE,Chelsea,31,62
1998-99,CHE,Chelsea,32,63
1998-99,CHE,Chelsea,33,64
1998-99,CHE,Chelsea,34,65
1998-99,CHE,Chelsea,35,68
1998-99,CHE,Chelsea,36,71
1998-99,CHE,Chelsea,37,72
1998-99,CHE,Chelsea,38,75
1998-99,COV,Coventry City,1,3
1998-99,COV,Coventry City,2,3
1998-99,COV,Coventry City,3,4
1998-99,COV,Coventry City,4,4
1998-99,COV,Coventry City,5,4
1998-99,COV,Coventry City,6,4
1998-99,COV,Coventry City,7,5
1998-99,COV,Coventry City,8,5
1998-99,COV,Coventry City,9,8
1998-99,COV,Coventry City,10,8
1998-99,COV,Coventry City,11,8
1998-99,COV,Coventry City,12,11
1998-99,COV,Coventry City,13,14
1998-99,COV,Coventry City,14,14
1998-99,COV,Coventry City,15,15
1998-99,COV,Coventry City,16,15
1998-99,COV,Coventry City,17,15
1998-99,COV,Coventry City,18,16
1998-99,COV,Coventry City,19,17
1998-99,COV,Coventry City,20,17
1998-99,COV,Coventry City,21,20
1998-99,COV,Coventry City,22,20
1998-99,COV,Coventry City,23,23
1998-99,COV,Coventry City,24,24
1998-99,COV,Coventry City,25,24
1998-99,COV,Coventry City,26,24
1998-99,COV,Coventry City,27,27
1998-99,COV,Coventry City,28,30
1998-99,COV,Coventry City,29,31
1998-99,COV,Coventry City,30,31
1998-99,COV,Coventry City,31,34
1998-99,COV,Coventry City,32,37
1998-99,COV,Coventry City,33,37
1998-99,COV,Coventry City,34,37
1998-99,COV,Coventry City,35,37
1998-99,COV,Coventry City,36,40
1998-99,COV,Coventry City,37,41
1998-99,COV,Coventry City,38,42
1998-99,DER,Derby County,1,1
1998-99,DER,Derby County,2,2
1998-99,DER,Derby County,3,3
1998-99,DER,Derby County,4,6
1998-99,DER,Derby County,5,9
1998-99,DER,Derby County,6,12
1998-99,DER,Derby County,7,12
1998-99,DER,Derby County,8,12
1998-99,DER,Derby County,9,12
1998-99,DER,Derby County,10,13
1998-99,DER,Derby County,11,14
1998-99,DER,Derby County,12,17
1998-99,DER,Derby County,13,18
1998-99,DER,Derby County,14,18
1998-99,DER,Derby County,15,21
1998-99,DER,Derby County,16,22
1998-99,DER,Derby County,17,23
1998-99,DER,Derby County,18,24
1998-99,DER,Derby County,19,25
1998-99,DER,Derby County,20,28
1998-99,DER,Derby County,21,28
1998-99,DER,Derby County,22,31
1998-99,DER,Derby County,23,34
1998-99,DER,Derby County,24,34
1998-99,DER,Derby County,25,37
1998-99,DER,Derby County,26,37
1998-99,DER,Derby County,27,38
1998-99,DER,Derby County,28,41
1998-99,DER,Derby County,29,44
1998-99,DER,Derby County,30,44
1998-99,DER,Derby County,31,44
1998-99,DER,Derby County,32,47
1998-99,DER,Derby County,33,47
1998-99,DER,Derby County,34,48
1998-99,DER,Derby County,35,48
1998-99,DER,Derby County,36,51
1998-99,DER,Derby County,37,52
1998-99,DER,Derby County,38,52
1998-99,EVE,Everton,1,1
1998-99,EVE,Everton,2,1
1998-99,EVE,Everton,3,1
1998-99,EVE,Everton,4,4
1998-99,EVE,Everton,5,5
1998-99,EVE,Everton,6,6
1998-99,EVE,Everton,7,7
1998-99,EVE,Everton,8,10
1998-99,EVE,Everton,9,11
1998-99,EVE,Everton,10,12
1998-99,EVE,Everton,11,12
1998-99,EVE,Everton,12,12
1998-99,EVE,Everton,13,12
1998-99,EVE,Everton,14,15
1998-99,EVE,Everton,15,18
1998-99,EVE,Everton,16,19
1998-99,EVE,Everton,17,22
1998-99,EVE,Everton,18,22
1998-99,EVE,Everton,19,23
1998-99,EVE,Everton,20,23
1998-99,EVE,Everton,21,24
1998-99,EVE,Everton,22,24
1998-99,EVE,Everton,23,24
1998-99,EVE,Everton,24,24
1998-99,EVE,Everton,25,27
1998-99,EVE,Everton,26,27
1998-99,EVE,Everton,27,28
1998-99,EVE,Everton,28,31
1998-99,EVE,Everton,29,31
1998-99,EVE,Everton,30,31
1998-99,EVE,Everton,31,31
1998-99,EVE,Everton,32,31
1998-99,EVE,Everton,33,34
1998-99,EVE,Everton,34,37
1998-99,EVE,Everton,35,40
1998-99,EVE,Everton,36,40
1998-99,EVE,Everton,37,43
1998-99,EVE,Everton,38,43
1998-99,LEE,Leeds United,1,1
1998-99,LEE,Leeds United,2,4
1998-99,LEE,Leeds United,3,5
1998-99,LEE,Leeds United,4,8
1998-99,LEE,Leeds United,5,9
1998-99,LEE,Leeds United,6,10
1998-99,LEE,Leeds United,7,11
1998-99,LEE,Leeds United,8,11
1998-99,LEE,Leeds United,9,12
1998-99,LEE,Leeds United,10,13
1998-99,LEE,Leeds United,11,14
1998-99,LEE,Leeds United,12,17
1998-99,LEE,Leeds United,13,20
1998-99,LEE,Leeds United,14,23
1998-99,LEE,Leeds United,15,23
1998-99,LEE,Leeds United,16,26
1998-99,LEE,Leeds United,17,29
1998-99,LEE,Leeds United,18,29
1998-99,LEE,Leeds United,19,32
1998-99,LEE,Leeds United,20,33
1998-99,LEE,Leeds United,21,33
1998-99,LEE,Leeds United,22,36
1998-99,LEE,Leeds United,23,36
1998-99,LEE,Leeds United,24,36
1998-99,LEE,Leeds United,25,39
1998-99,LEE,Leeds United,26,42
1998-99,LEE,Leeds United,27,45
1998-99,LEE,Leeds United,28,48
1998-99,LEE,Leeds United,29,51
1998-99,LEE,Leeds United,30,54
1998-99,LEE,Leeds United,31,57
1998-99,LEE,Leeds United,32,58
1998-99,LEE,Leeds United,33,59
1998-99,LEE,Leeds United,34,60
1998-99,LEE,Leeds United,35,63
1998-99,LEE,Leeds United,36,63
1998-99,LEE,Leeds United,37,66
1998-99,LEE,Leeds United,38,67
1998-99,LEI,Leicester City,1,1
1998-99,LEI,Leicester City,2,4
1998-99,LEI,Leicester City,3,4
1998-99,LEI,Leicester City,4,4
1998-99,LEI,Leicester City,5,5
1998-99,LEI,Leicester City,6,5
1998-99,LEI,Leicester City,7,6
1998-99,LEI,Leicester City,8,9
1998-99,LEI,Leicester City,9,12
1998-99,LEI,Leicester City,10,13
1998-99,LEI,Leicester City,11,16
1998-99,LEI,Leicester City,12,17
1998-99,LEI,Leicester City,13,17
1998-99,LEI,Leicester City,14,17
1998-99,LEI,Leicester City,15,18
1998-99,LEI,Leicester City,16,21
1998-99,LEI,Leicester City,17,24
1998-99,LEI,Leicester City,18,24
1998-99,LEI,Leicester City,19,27
1998-99,LEI,Leicester City,20,28
1998-99,LEI,Leicester City,21,29
1998-99,LEI,Leicester City,22,29
1998-99,LEI,Leicester City,23,30
1998-99,LEI,Leicester City,24,30
1998-99,LEI,Leicester City,25,30
1998-99,LEI,Leicester City,26,30
1998-99,LEI,Leicester City,27,33
1998-99,LEI,Leicester City,28,34
1998-99,LEI,Leicester City,29,37
1998-99,LEI,Leicester City,30,38
1998-99,LEI,Leicester City,31,39
1998-99,LEI,Leicester City,32,40
1998-99,LEI,Leicester City,33,43
1998-99,LEI,Leicester City,34,46
1998-99,LEI,Leicester City,35,46
1998-99,LEI,Leicester City,36,46
1998-99,LEI,Leicester City,37,49
1998-99,LEI,Leicester City,38,49
1998-99,LIV,Liverpool,1,3
1998-99,LIV,Liverpool,2,4
1998-99,LIV,Liverpool,3,7
1998-99,LIV,Liverpool,4,10
1998-99,LIV,Liverpool,5,10
1998-99,LIV,Liverpool,6,11
1998-99,LIV,Liverpool,7,11
1998-99,LIV,Liverpool,8,12
1998-99,LIV,Liverpool,9,13
1998-99,LIV,Liverpool,10,16
1998-99,LIV,Liverpool,11,16
1998-99,LIV,Liverpool,12,16
1998-99,LIV,Liverpool,13,16
1998-99,LIV,Liverpool,14,19
1998-99,LIV,Liverpool,15,22
1998-99,LIV,Liverpool,16,22
1998-99,LIV,Liverpool,17,22
1998-99,LIV,Liverpool,18,25
1998-99,LIV,Liverpool,19,28
1998-99,LIV,Liverpool,20,31
1998-99,LIV,Liverpool,21,32
1998-99,LIV,Liverpool,22,35
1998-99,LIV,Liverpool,23,35
1998-99,LIV,Liverpool,24,38
1998-99,LIV,Liverpool,25,38
1998-99,LIV,Liverpool,26,39
1998-99,LIV,Liverpool,27,39
1998-99,LIV,Liverpool,28,39
1998-99,LIV,Liverpool,29,42
1998-99,LIV,Liverpool,30,43
1998-99,LIV,Liverpool,31,44
1998-99,LIV,Liverpool,32,44
1998-99,LIV,Liverpool,33,44
1998-99,LIV,Liverpool,34,47
1998-99,LIV,Liverpool,35,50
1998-99,LIV,Liverpool,36,51
1998-99,LIV,Liverpool,37,51
1998-99,LIV,Liverpool,38,54
1998-99,MID,Middlesbrough,1,1
1998-99,MID,Middlesbrough,2,1
1998-99,MID,Middlesbrough,3,2
1998-99,MID,Middlesbrough,4,5
1998-99,MID,Middlesbrough,5,8
1998-99,MID,Middlesbrough,6,9
1998-99,MID,Middlesbrough,7,9
1998-99,MID,Middlesbrough,8,12
1998-99,MID,Middlesbrough,9,15
1998-99,MID,Middlesbrough,10,16
1998-99,MID,Middlesbrough,11,17
1998-99,MID,Middlesbrough,12,18
1998-99,MID,Middlesbrough,13,19
1998-99,MID,Middlesbrough,14,22
1998-99,MID,Middlesbrough,15,23
1998-99,MID,Middlesbrough,16,24
1998-99,MID,Middlesbrough,17,27
1998-99,MID,Middlesbrough,18,30
1998-99,MID,Middlesbrough,19,30
1998-99,MID,Middlesbrough,20,30
1998-99,MID,Middlesbrough,21,31
1998-99,MID,Middlesbrough,22,31
1998-99,MID,Middlesbrough,23,32
1998-99,MID,Middlesbrough,24,32
1998-99,MID,Middlesbrough,25,32
1998-99,MID,Middlesbrough,26,33
1998-99,MID,Middlesbrough,27,33
1998-99,MID,Middlesbrough,28,36
1998-99,MID,Middlesbrough,29,39
1998-99,MID,Middlesbrough,30,40
1998-99,MID,Middlesbrough,31,43
1998-99,MID,Middlesbrough,32,46
1998-99,MID,Middlesbrough,33,47
1998-99,MID,Middlesbrough,34,50
1998-99,MID,Middlesbrough,35,50
1998-99,MID,Middlesbrough,36,51
1998-99,MID,Middlesbrough,37,51
1998-99,MID,Middlesbrough,38,51
1998-99,MUN,Manchester United,1,1
1998-99,MUN,Manchester United,2,2
1998-99,MUN,Manchester United,3,5
1998-99,MUN,Manchester United,4,8
1998-99,MUN,Manchester United,5,8
1998-99,MUN,Manchester United,6,11
1998-99,MUN,Manchester United,7,14
1998-99,MUN,Manchester United,8,17
1998-99,MUN,Manchester United,9,18
1998-99,MUN,Manchester United,10,21
1998-99,MUN,Manchester United,11,22
1998-99,MUN,Manchester United,12,25
1998-99,MUN,Manchester United,13,25
1998-99,MUN,Manchester United,14,28
1998-99,MUN,Manchester United,15,29
1998-99,MUN,Manchester United,16,30
1998-99,MUN,Manchester United,17,31
1998-99,MUN,Manchester United,18,31
1998-99,MUN,Manchester United,19,34
1998-99,MUN,Manchester United,20,35
1998-99,MUN,Manchester United,21,38
1998-99,MUN,Manchester United,22,41
1998-99,MUN,Manchester United,23,44
1998-99,MUN,Manchester United,24,47
1998-99,MUN,Manchester United,25,50
1998-99,MUN,Manchester United,26,51
1998-99,MUN,Manchester United,27,54
1998-99,MUN,Manchester United,28,57
1998-99,MUN,Manchester United,29,60
1998-99,MUN,Manchester United,30,63
1998-99,MUN,Manchester United,31,64
1998-99,MUN,Manchester United,32,67
1998-99,MUN,Manchester United,33,68
1998-99,MUN,Manchester United,34,71
1998-99,MUN,Manchester United,35,72
1998-99,MUN,Manchester United,36,75
1998-99,MUN,Manchester United,37,76
1998-99,MUN,Manchester United,38,79
1998-99,NEW,Newcastle United,1,1
1998-99,NEW,Newcastle United,2,2
1998-99,NEW,Newcastle United,3,2
1998-99,NEW,Newcastle United,4,2
1998-99,NEW,Newcastle United,5,5
1998-99,NEW,Newcastle United,6,8
1998-99,NEW,Newcastle United,7,11
1998-99,NEW,Newcastle United,8,11
1998-99,NEW,Newcastle United,9,14
1998-99,NEW,Newcastle United,10,14
1998-99,NEW,Newcastle United,11,14
1998-99,NEW,Newcastle United,12,15
1998-99,NEW,Newcastle United,13,16
1998-99,NEW,Newcastle United,14,16
1998-99,NEW,Newcastle United,15,19
1998-99,NEW,Newcastle United,16,20
1998-99,NEW,Newcastle United,17,21
1998-99,NEW,Newcastle United,18,24
1998-99,NEW,Newcastle United,19,24
1998-99,NEW,Newcastle United,20,24
1998-99,NEW,Newcastle United,21,24
1998-99,NEW,Newcastle United,22,25
1998-99,NEW,Newcastle United,23,28
1998-99,NEW,Newcastle United,24,31
1998-99,NEW,Newcastle United,25,34
1998-99,NEW,Newcastle United,26,34
1998-99,NEW,Newcastle United,27,35
1998-99,NEW,Newcastle United,28,38
1998-99,NEW,Newcastle United,29,38
1998-99,NEW,Newcastle United,30,38
1998-99,NEW,Newcastle United,31,41
1998-99,NEW,Newcastle United,32,42
1998-99,NEW,Newcastle United,33,42
1998-99,NEW,Newcastle United,34,43
1998-99,NEW,Newcastle United,35,44
1998-99,NEW,Newcastle United,36,45
1998-99,NEW,Newcastle United,37,45
1998-99,NEW,Newcastle United,38,46
1998-99,NFO,Nottingham Forest,1,0
1998-99,NFO,Nottingham Forest,2,3
1998-99,NFO,Nottingham Forest,3,6
1998-99,NFO,Nottingham Forest,4,6
1998-99,NFO,Nottingham Forest,5,6
1998-99,NFO,Nottingham Forest,6,7
1998-99,NFO,Nottingham Forest,7,7
1998-99,NFO,Nottingham Forest,8,7
1998-99,NFO,Nottingham Forest,9,8
1998-99,NFO,Nottingham Forest,10,8
1998-99,NFO,Nottingham Forest,11,9
1998-99,NFO,Nottingham Forest,12,9
1998-99,NFO,Nottingham Forest,13,10
1998-99,NFO,Nottingham Forest,14,10
1998-99,NFO,Nottingham Forest,15,11
1998-99,NFO,Nottingham Forest,16,11
1998-99,NFO,Nottingham Forest,17,11
1998-99,NFO,Nottingham Forest,18,12
1998-99,NFO,Nottingham Forest,19,12
1998-99,NFO,Nottingham Forest,20,13
1998-99,NFO,Nottingham Forest,21,13
1998-99,NFO,Nottingham Forest,22,13
1998-99,NFO,Nottingham Forest,23,16
1998-99,NFO,Nottingham Forest,24,16
1998-99,NFO,Nottingham Forest,25,16
1998-99,NFO,Nottingham Forest,26,16
1998-99,NFO,Nottingham Forest,27,17
1998-99,NFO,Nottingham Forest,28,17
1998-99,NFO,Nottingham Forest,29,20
1998-99,NFO,Nottingham Forest,30,20
1998-99,NFO,Nottingham Forest,31,20
1998-99,NFO,Nottingham Forest,32,21
1998-99,NFO,Nottingham Forest,33,21
1998-99,NFO,Nottingham Forest,34,21
1998-99,NFO,Nottingham Forest,35,21
1998-99,NFO,Nottingham Forest,36,24
1998-99,NFO,Nottingham Forest,37,27
1998-99,NFO,Nottingham Forest,38,30
1998-99,SHW,Sheffield Wednesday,1,0
1998-99,SHW,Sheffield Wednesday,2,3
1998-99,SHW,Sheffield Wednesday,3,3
1998-99,SHW,Sheffield Wednesday,4,3
1998-99,SHW,Sheffield Wednesday,5,6
1998-99,SHW,Sheffield Wednesday,6,6
1998-99,SHW,Sheffield Wednesday,7,9
1998-99,SHW,Sheffield Wednesday,8,9
1998-99,SHW,Sheffield Wednesday,9,9
1998-99,SHW,Sheffield Wednesday,10,10
1998-99,SHW,Sheffield Wednesday,11,11
1998-99,SHW,Sheffield Wednesday,12,11
1998-99,SHW,Sheffield Wednesday,13,12
1998-99,SHW,Sheffield Wednesday,14,15
1998-99,SHW,Sheffield Wednesday,15,16
1998-99,SHW,Sheffield Wednesday,16,19
1998-99,SHW,Sheffield Wednesday,17,22
1998-99,SHW,Sheffield Wednesday,18,22
1998-99,SHW,Sheffield Wednesday,19,22
1998-99,SHW,Sheffield Wednesday,20,22
1998-99,SHW,Sheffield Wednesday,21,23
1998-99,SHW,Sheffield Wednesday,22,26
1998-99,SHW,Sheffield Wednesday,23,26
1998-99,SHW,Sheffield Wednesday,24,29
1998-99,SHW,Sheffield Wednesday,25,32
1998-99,SHW,Sheffield Wednesday,26,35
1998-99,SHW,Sheffield Wednesday,27,35
1998-99,SHW,Sheffield Wednesday,28,35
1998-99,SHW,Sheffield Wednesday,29,35
1998-99,SHW,Sheffield Wednesday,30,35
1998-99,SHW,Sheffield Wednesday,31,35
1998-99,SHW,Sheffield Wednesday,32,38
1998-99,SHW,Sheffield Wednesday,33,38
1998-99,SHW,Sheffield Wednesday,34,39
1998-99,SHW,Sheffield Wednesday,35,40
1998-99,SHW,Sheffield Wednesday,36,40
1998-99,SHW,Sheffield Wednesday,37,43
1998-99,SHW,Sheffield Wednesday,38,46
1998-99,SOU,Southampton,1,0
1998-99,SOU,Southampton,2,0
1998-99,SOU,Southampton,3,0
1998-99,SOU,Southampton,4,0
1998-99,SOU,Southampton,5,0
1998-99,SOU,Southampton,6,1
1998-99,SOU,Southampton,7,1
1998-99,SOU,Southampton,8,1
1998-99,SOU,Southampton,9,2
1998-99,SOU,Southampton,10,5
1998-99,SOU,Southampton,11,6
1998-99,SOU,Southampton,12,7
1998-99,SOU,Southampton,13,7
1998-99,SOU,Southampton,14,10
1998-99,SOU,Southampton,15,10
1998-99,SOU,Southampton,16,10
1998-99,SOU,Southampton,17,10
1998-99,SOU,Southampton,18,13
1998-99,SOU,Southampton,19,13
1998-99,SOU,Southampton,20,14
1998-99,SOU,Southampton,21,17
1998-99,SOU,Southampton,22,17
1998-99,SOU,Southampton,23,20
1998-99,SOU,Southampton,24,20
1998-99,SOU,Southampton,25,23
1998-99,SOU,Southampton,26,23
1998-99,SOU,Southampton,27,23
1998-99,SOU,Southampton,28,26
1998-99,SOU,Southampton,29,26
1998-99,SOU,Southampton,30,29
1998-99,SOU,Southampton,31,30
1998-99,SOU,Southampton,32,30
1998-99,SOU,Southampton,33,30
1998-99,SOU,Southampton,34,31
1998-99,SOU,Southampton,35,32
1998-99,SOU,Southampton,36,35
1998-99,SOU,Southampton,37,38
1998-99,SOU,Southampton,38,41
1998-99,TOT,Tottenham Hotspur,1,0
1998-99,TOT,Tottenham Hotspur,2,0
1998-99,TOT,Tottenham Hotspur,3,3
1998-99,TOT,Tottenham Hotspur,4,6
1998-99,TOT,Tottenham Hotspur,5,6
1998-99,TOT,Tottenham Hotspur,6,7
1998-99,TOT,Tottenham Hotspur,7,8
1998-99,TOT,Tottenham Hotspur,8,11
1998-99,TOT,Tottenham Hotspur,9,11
1998-99,TOT,Tottenham Hotspur,10,14
1998-99,TOT,Tottenham Hotspur,11,15
1998-99,TOT,Tottenham Hotspur,12,15
1998-99,TOT,Tottenham Hotspur,13,16
1998-99,TOT,Tottenham Hotspur,14,19
1998-99,TOT,Tottenham Hotspur,15,19
1998-99,TOT,Tottenham Hotspur,16,22
1998-99,TOT,Tottenham Hotspur,17,23
1998-99,TOT,Tottenham Hotspur,18,23
1998-99,TOT,Tottenham Hotspur,19,24
1998-99,TOT,Tottenham Hotspur,20,27
1998-99,TOT,Tottenham Hotspur,21,28
1998-99,TOT,Tottenham Hotspur,22,29
1998-99,TOT,Tottenham Hotspur,23,30
1998-99,TOT,Tottenham Hotspur,24,31
1998-99,TOT,Tottenham Hotspur,25,32
1998-99,TOT,Tottenham Hotspur,26,33
1998-99,TOT,Tottenham Hotspur,27,36
1998-99,TOT,Tottenham Hotspur,28,36
1998-99,TOT,Tottenham Hotspur,29,39
1998-99,TOT,Tottenham Hotspur,30,39
1998-99,TOT,Tottenham Hotspur,31,40
1998-99,TOT,Tottenham Hotspur,32,43
1998-99,TOT,Tottenham Hotspur,33,46
1998-99,TOT,Tottenham Hotspur,34,46
1998-99,TOT,Tottenham Hotspur,35,46
1998-99,TOT,Tottenham Hotspur,36,46
1998-99,TOT,Tottenham Hotspur,37,47
1998-99,TOT,Tottenham Hotspur,38,47
1998-99,WHU,West Ham United,1,3
1998-99,WHU,West Ham United,2,4
1998-99,WHU,West Ham United,3,5
1998-99,WHU,West Ham United,4,5
1998-99,WHU,West Ham United,5,8
1998-99,WHU,West Ham United,6,9
1998-99,WHU,West Ham United,7,12
1998-99,WHU,West Ham United,8,12
1998-99,WHU,West Ham United,9,13
1998-99,WHU,West Ham United,10,13
1998-99,WHU,West Ham United,11,16
1998-99,WHU,West Ham United,12,17
1998-99,WHU,West Ham United,13,20
1998-99,WHU,West Ham United,14,23
1998-99,WHU,West Ham United,15,26
1998-99,WHU,West Ham United,16,26
1998-99,WHU,West Ham United,17,26
1998-99,WHU,West Ham United,18,29
1998-99,WHU,West Ham United,19,29
1998-99,WHU,West Ham United,20,32
1998-99,WHU,West Ham United,21,32
1998-99,WHU,West Ham United,22,32
1998-99,WHU,West Ham United,23,33
1998-99,WHU,West Ham United,24,33
1998-99,WHU,West Ham United,25,36
1998-99,WHU,West Ham United,26,37
1998-99,WHU,West Ham United,27,40
1998-99,WHU,West Ham United,28,40
1998-99,WHU,West Ham United,29,43
1998-99,WHU,West Ham United,30,46
1998-99,WHU,West Ham United,31,47
1998-99,WHU,West Ham United,32,47
1998-99,WHU,West Ham United,33,48
1998-99,WHU,West Ham United,34,51
1998-99,WHU,West Ham United,35,54
1998-99,WHU,West Ham United,36,54
1998-99,WHU,West Ham United,37,54
1998-99,WHU,West Ham United,38,57
1998-99,WIM,Wimbledon,1,3
1998-99,WIM,Wimbledon,2,4
1998-99,WIM,Wimbledon,3,5
1998-99,WIM,Wimbledon,4,8
1998-99,WIM,Wimbledon,5,8
1998-99,WIM,Wimbledon,6,11
1998-99,WIM,Wimbledon,7,12
1998-99,WIM,Wimbledon,8,12
1998-99,WIM,Wimbledon,9,12
1998-99,WIM,Wimbledon,10,13
1998-99,WIM,Wimbledon,11,14
1998-99,WIM,Wimbledon,12,17
1998-99,WIM,Wimbledon,13,17
1998-99,WIM,Wimbledon,14,20
1998-99,WIM,Wimbledon,15,20
1998-99,WIM,Wimbledon,16,23
1998-99,WIM,Wimbledon,17,26
1998-99,WIM,Wimbledon,18,26
1998-99,WIM,Wimbledon,19,29
1998-99,WIM,Wimbledon,20,30
1998-99,WIM,Wimbledon,21,33
1998-99,WIM,Wimbledon,22,34
1998-99,WIM,Wimbledon,23,35
1998-99,WIM,Wimbledon,24,35
1998-99,WIM,Wimbledon,25,36
1998-99,WIM,Wimbledon,26,37
1998-99,WIM,Wimbledon,27,40
1998-99,WIM,Wimbledon,28,40
1998-99,WIM,Wimbledon,29,40
1998-99,WIM,Wimbledon,30,40
1998-99,WIM,Wimbledon,31,41
1998-99,WIM,Wimbledon,32,41
1998-99,WIM,Wimbledon,33,41
1998-99,WIM,Wimbledon,34,41
1998-99,WIM,Wimbledon,35,42
1998-99,WIM,Wimbledon,36,42
1998-99,WIM,Wimbledon,37,42
1998-99,WIM,Wimbledon,38,42
1999-00,ARS,Arsenal,1,3
1999-00,ARS,Arsenal,2,6
1999-00,ARS,Arsenal,3,7
1999-00,ARS,Arsenal,4,7
1999-00,ARS,Arsenal,5,10
1999-00,ARS,Arsenal,6,10
1999-00,ARS,Arsenal,7,13
1999-00,ARS,Arsenal,8,16
1999-00,ARS,Arsenal,9,19
1999-00,ARS,Arsenal,10,19
1999-00,ARS,Arsenal,11,22
1999-00,ARS,Arsenal,12,25
1999-00,ARS,Arsenal,13,26
1999-00,ARS,Arsenal,14,26
1999-00,ARS,Arsenal,15,29
1999-00,ARS,Arsenal,16,32
1999-00,ARS,Arsenal,17,35
1999-00,ARS,Arsenal,18,36
1999-00,ARS,Arsenal,19,36
1999-00,ARS,Arsenal,20,39
1999-00,ARS,Arsenal,21,40
1999-00,ARS,Arsenal,22,43
1999-00,ARS,Arsenal,23,44
1999-00,ARS,Arsenal,24,44
1999-00,ARS,Arsenal,25,44
1999-00,ARS,Arsenal,26,47
1999-00,ARS,Arsenal,27,48
1999-00,ARS,Arsenal,28,48
1999-00,ARS,Arsenal,29,51
1999-00,ARS,Arsenal,30,54
1999-00,ARS,Arsenal,31,57
1999-00,ARS,Arsenal,32,60
1999-00,ARS,Arsenal,33,63
1999-00,ARS,Arsenal,34,66
1999-00,ARS,Arsenal,35,69
1999-00,ARS,Arsenal,36,72
1999-00,ARS,Arsenal,37,73
1999-00,ARS,Arsenal,38,73
1999-00,AVL,Aston Villa,1,3
1999-00,AVL,Aston Villa,2,6
1999-00,AVL,Aston Villa,3,7
1999-00,AVL,Aston Villa,4,7
1999-00,AVL,Aston Villa,5,10
1999-00,AVL,Aston Villa,6,13
1999-00,AVL,Aston Villa,7,13
1999-00,AVL,Aston Villa,8,16
1999-00,AVL,Aston Villa,9,16
1999-00,AVL,Aston Villa,10,17
1999-00,AVL,Aston Villa,11,17
1999-00,AVL,Aston Villa,12,18
1999-00,AVL,Aston Villa,13,18
1999-00,AVL,Aston Villa,14,18
1999-00,AVL,Aston Villa,15,18
1999-00,AVL,Aston Villa,16,19
1999-00,AVL,Aston Villa,17,19
1999-00,AVL,Aston Villa,18,22
1999-00,AVL,Aston Villa,19,25
1999-00,AVL,Aston Villa,20,26
1999-00,AVL,Aston Villa,21,29
1999-00,AVL,Aston Villa,22,30
1999-00,AVL,Aston Villa,23,31
1999-00,AVL,Aston Villa,24,34
1999-00,AVL,Aston Villa,25,37
1999-00,AVL,Aston Villa,26,38
1999-00,AVL,Aston Villa,27,39
1999-00,AVL,Aston Villa,28,42
1999-00,AVL,Aston Villa,29,43
1999-00,AVL,Aston Villa,30,43
1999-00,AVL,Aston Villa,31,46
1999-00,AVL,Aston Villa,32,49
1999-00,AVL,Aston Villa,33,52
1999-00,AVL,Aston Villa,34,55
1999-00,AVL,Aston Villa,35,56
1999-00,AVL,Aston Villa,36,57
1999-00,AVL,Aston Villa,37,58
1999-00,AVL,Aston Villa,38,58
1999-00,BRA,Bradford City,1,3
1999-00,BRA,Bradford City,2,4
1999-00,BRA,Bradford City,3,4
1999-00,BRA,Bradford City,4,4
1999-00,BRA,Bradford City,5,4
1999-00,BRA,Bradford City,6,5
1999-00,BRA,Bradford City,7,5
1999-00,BRA,Bradford City,8,8
1999-00,BRA,Bradford City,9,8
1999-00,BRA,Bradford City,10,8
1999-00,BRA,Bradford City,11,11
1999-00,BRA,Bradford City,12,11
1999-00,BRA,Bradford City,13,12
1999-00,BRA,Bradford City,14,12
1999-00,BRA,Bradford City,15,12
1999-00,BRA,Bradford City,16,13
1999-00,BRA,Bradford City,17,16
1999-00,BRA,Bradford City,18,16
1999-00,BRA,Bradford City,19,17
1999-00,BRA,Bradford City,20,17
1999-00,BRA,Bradford City,21,18
1999-00,BRA,Bradford City,22,18
1999-00,BRA,Bradford City,23,21
1999-00,BRA,Bradford City,24,24
1999-00,BRA,Bradford City,25,24
1999-00,BRA,Bradford City,26,25
1999-00,BRA,Bradford City,27,26
1999-00,BRA,Bradford City,28,26
1999-00,BRA,Bradford City,29,26
1999-00,BRA,Bradford City,30,26
1999-00,BRA,Bradford City,31,26
1999-00,BRA,Bradford City,32,26
1999-00,BRA,Bradford City,33,26
1999-00,BRA,Bradford City,34,27
1999-00,BRA,Bradford City,35,30
1999-00,BRA,Bradford City,36,33
1999-00,BRA,Bradford City,37,33
1999-00,BRA,Bradford City,38,36
1999-00,CHE,Chelsea,1,3
1999-00,CHE,Chelsea,2,4
1999-00,CHE,Chelsea,3,7
1999-00,CHE,Chelsea,4,10
1999-00,CHE,Chelsea,5,13
1999-00,CHE,Chelsea,6,13
1999-00,CHE,Chelsea,7,16
1999-00,CHE,Chelsea,8,19
1999-00,CHE,Chelsea,9,19
1999-00,CHE,Chelsea,10,19
1999-00,CHE,Chelsea,11,19
1999-00,CHE,Chelsea,12,20
1999-00,CHE,Chelsea,13,21
1999-00,CHE,Chelsea,14,24
1999-00,CHE,Chelsea,15,24
1999-00,CHE,Chelsea,16,24
1999-00,CHE,Chelsea,17,27
1999-00,CHE,Chelsea,18,30
1999-00,CHE,Chelsea,19,31
1999-00,CHE,Chelsea,20,32
1999-00,CHE,Chelsea,21,35
1999-00,CHE,Chelsea,22,36
1999-00,CHE,Chelsea,23,37
1999-00,CHE,Chelsea,24,40
1999-00,CHE,Chelsea,25,43
1999-00,CHE,Chelsea,26,46
1999-00,CHE,Chelsea,27,49
1999-00,CHE,Chelsea,28,50
1999-00,CHE,Chelsea,29,51
1999-00,CHE,Chelsea,30,52
1999-00,CHE,Chelsea,31,55
1999-00,CHE,Chelsea,32,58
1999-00,CHE,Chelsea,33,58
1999-00,CHE,Chelsea,34,59
1999-00,CHE,Chelsea,35,59
1999-00,CHE,Chelsea,36,62
1999-00,CHE,Chelsea,37,62
1999-00,CHE,Chelsea,38,65
1999-00,COV,Coventry City,1,0
1999-00,COV,Coventry City,2,0
1999-00,COV,Coventry City,3,1
1999-00,COV,Coventry City,4,4
1999-00,COV,Coventry City,5,4
1999-00,COV,Coventry City,6,5
1999-00,COV,Coventry City,7,5
1999-00,COV,Coventry City,8,5
1999-00,COV,Coventry City,9,8
1999-00,COV,Coventry City,10,9
1999-00,COV,Coventry City,11,12
1999-00,COV,Coventry City,12,13
1999-00,COV,Coventry City,13,16
1999-00,COV,Coventry City,14,17
1999-00,COV,Coventry City,15,20
1999-00,COV,Coventry City,16,20
1999-00,COV,Coventry City,17,21
1999-00,COV,Coventry City,18,21
1999-00,COV,Coventry City,19,24
1999-00,COV,Coventry City,20,25
1999-00,COV,Coventry City,21,28
1999-00,COV,Coventry City,22,29
1999-00,COV,Coventry City,23,29
1999-00,COV,Coventry City,24,32
1999-00,COV,Coventry City,25,32
1999-00,COV,Coventry City,26,32
1999-00,COV,Coventry City,27,32
1999-00,COV,Coventry City,28,32
1999-00,COV,Coventry City,29,35
1999-00,COV,Coventry City,30,38
1999-00,COV,Coventry City,31,38
1999-00,COV,Coventry City,32,38
1999-00,COV,Coventry City,33,38
1999-00,COV,Coventry City,34,41
1999-00,COV,Coventry City,35,41
1999-00,COV,Coventry City,36,41
1999-00,COV,Coventry City,37,44
1999-00,COV,Coventry City,38,44
1999-00,DER,Derby County,1,1
1999-00,DER,Derby County,2,1
1999-00,DER,Derby County,3,1
1999-00,DER,Derby County,4,1
1999-00,DER,Derby County,5,4
1999-00,DER,Derby County,6,7
1999-00,DER,Derby County,7,8
1999-00,DER,Derby County,8,8
1999-00,DER,Derby County,9,8
1999-00,DER,Derby County,10,9
1999-00,DER,Derby County,11,9
1999-00,DER,Derby County,12,9
1999-00,DER,Derby County,13,12
1999-00,DER,Derby County,14,12
1999-00,DER,Derby County,15,12
1999-00,DER,Derby County,16,12
1999-00,DER,Derby County,17,12
1999-00,DER,Derby County,18,15
1999-00,DER,Derby County,19,15
1999-00,DER,Derby County,20,16
1999-00,DER,Derby County,21,19
1999-00,DER,Derby County,22,22
1999-00,DER,Derby County,23,23
1999-00,DER,Derby County,24,24
1999-00,DER,Derby County,25,24
1999-00,DER,Derby County,26,25
1999-00,DER,Derby County,27,28
1999-00,DER,Derby County,28,28
1999-00,DER,Derby County,29,28
1999-00,DER,Derby County,30,28
1999-00,DER,Derby County,31,31
1999-00,DER,Derby County,32,32
1999-00,DER,Derby County,33,32
1999-00,DER,Derby County,34,33
1999-00,DER,Derby County,35,36
1999-00,DER,Derby County,36,37
1999-00,DER,Derby County,37,38
1999-00,DER,Derby County,38,38
1999-00,EVE,Everton,1,1
1999-00,EVE,Everton,2,1
1999-00,EVE,Everton,3,1
1999-00,EVE,Everton,4,4
1999-00,EVE,Everton,5,7
1999-00,EVE,Everton,6,7
1999-00,EVE,Everton,7,10
1999-00,EVE,Everton,8,13
1999-00,EVE,Everton,9,16
1999-00,EVE,Everton,10,17
1999-00,EVE,Everton,11,17
1999-00,EVE,Everton,12,18
1999-00,EVE,Everton,13,18
1999-00,EVE,Everton,14,19
1999-00,EVE,Everton,15,20
1999-00,EVE,Everton,16,21
1999-00,EVE,Everton,17,21
1999-00,EVE,Everton,18,24
1999-00,EVE,Everton,19,27
1999-00,EVE,Everton,20,28
1999-00,EVE,Everton,21,29
1999-00,EVE,Everton,22,30
1999-00,EVE,Everton,23,30
1999-00,EVE,Everton,24,33
1999-00,EVE,Everton,25,36
1999-00,EVE,Everton,26,39
1999-00,EVE,Everton,27,40
1999-00,EVE,Everton,28,41
1999-00,EVE,Everton,29,41
1999-00,EVE,Everton,30,41
1999-00,EVE,Everton,31,41
1999-00,EVE,Everton,32,44
1999-00,EVE,Everton,33,45
1999-00,EVE,Everton,34,48
1999-00,EVE,Everton,35,49
1999-00,EVE,Everton,36,49
1999-00,EVE,Everton,37,50
1999-00,EVE,Everton,38,50
1999-00,LEE,Leeds United,1,1
1999-00,LEE,Leeds United,2,4
1999-00,LEE,Leeds United,3,4
1999-00,LEE,Leeds United,4,7
1999-00,LEE,Leeds United,5,7
1999-00,LEE,Leeds United,6,10
1999-00,LEE,Leeds United,7,13
1999-00,LEE,Leeds United,8,16
1999-00,LEE,Leeds United,9,19
1999-00,LEE,Leeds United,10,22
1999-00,LEE,Leeds United,11,25
1999-00,LEE,Leeds United,12,26
1999-00,LEE,Leeds United,13,29
1999-00,LEE,Leeds United,14,29
1999-00,LEE,Leeds United,15,32
1999-00,LEE,Leeds United,16,35
1999-00,LEE,Leeds United,17,38
1999-00,LEE,Leeds United,18,41
1999-00,LEE,Leeds United,19,44
1999-00,LEE,Leeds United,20,44
1999-00,LEE,Leeds United,21,44
1999-00,LEE,Leeds United,22,47
1999-00,LEE,Leeds United,23,47
1999-00,LEE,Leeds United,24,50
1999-00,LEE,Leeds United,25,50
1999-00,LEE,Leeds United,26,51
1999-00,LEE,Leeds United,27,54
1999-00,LEE,Leeds United,28,57
1999-00,LEE,Leeds United,29,60
1999-00,LEE,Leeds United,30,60
1999-00,LEE,Leeds United,31,60
1999-00,LEE,Leeds United,32,60
1999-00,LEE,Leeds United,33,60
1999-00,LEE,Leeds United,34,61
1999-00,LEE,Leeds United,35,64
1999-00,LEE,Leeds United,36,67
1999-00,LEE,Leeds United,37,68
1999-00,LEE,Leeds United,38,69
1999-00,LEI,Leicester City,1,0
1999-00,LEI,Leicester City,2,3
1999-00,LEI,Leicester City,3,4
1999-00,LEI,Leicester City,4,4
1999-00,LEI,Leicester City,5,7
1999-00,LEI,Leicester City,6,10
1999-00,LEI,Leicester City,7,10
1999-00,LEI,Leicester City,8,11
1999-00,LEI,Leicester City,9,14
1999-00,LEI,Leicester City,10,17
1999-00,LEI,Leicester City,11,20
1999-00,LEI,Leicester City,12,20
1999-00,LEI,Leicester City,13,23
1999-00,LEI,Leicester City,14,23
1999-00,LEI,Leicester City,15,26
1999-00,LEI,Leicester City,16,29
1999-00,LEI,Leicester City,17,29
1999-00,LEI,Leicester City,18,29
1999-00,LEI,Leicester City,19,29
1999-00,LEI,Leicester City,20,29
1999-00,LEI,Leicester City,21,30
1999-00,LEI,Leicester City,22,31
1999-00,LEI,Leicester City,23,31
1999-00,LEI,Leicester City,24,34
1999-00,LEI,Leicester City,25,35
1999-00,LEI,Leicester City,26,38
1999-00,LEI,Leicester City,27,38
1999-00,LEI,Leicester City,28,38
1999-00,LEI,Leicester City,29,41
1999-00,LEI,Leicester City,30,41
1999-00,LEI,Leicester City,31,42
1999-00,LEI,Leicester City,32,45
1999-00,LEI,Leicester City,33,45
1999-00,LEI,Leicester City,34,46
1999-00,LEI,Leicester City,35,49
1999-00,LEI,Leicester City,36,52
1999-00,LEI,Leicester City,37,55
1999-00,LEI,Leicester City,38,55
1999-00,LIV,Liverpool,1,3
1999-00,LIV,Liverpool,2,3
1999-00,LIV,Liverpool,3,3
1999-00,LIV,Liverpool,4,6
1999-00,LIV,Liverpool,5,9
1999-00,LIV,Liverpool,6,9
1999-00,LIV,Liverpool,7,10
1999-00,LIV,Liverpool,8,10
1999-00,LIV,Liverpool,9,11
1999-00,LIV,Liverpool,10,14
1999-00,LIV,Liverpool,11,15
1999-00,LIV,Liverpool,12,18
1999-00,LIV,Liverpool,13,21
1999-00,LIV,Liverpool,14,24
1999-00,LIV,Liverpool,15,27
1999-00,LIV,Liverpool,16,27
1999-00,LIV,Liverpool,17,30
1999-00,LIV,Liverpool,18,33
1999-00,LIV,Liverpool,19,34
1999-00,LIV,Liverpool,20,37
1999-00,LIV,Liverpool,21,37
1999-00,LIV,Liverpool,22,40
1999-00,LIV,Liverpool,23,41
1999-00,LIV,Liverpool,24,44
1999-00,LIV,Liverpool,25,47
1999-00,LIV,Liverpool,26,48
1999-00,LIV,Liverpool,27,49
1999-00,LIV,Liverpool,28,50
1999-00,LIV,Liverpool,29,53
1999-00,LIV,Liverpool,30,56
1999-00,LIV,Liverpool,31,59
1999-00,LIV,Liverpool,32,62
1999-00,LIV,Liverpool,33,65
1999-00,LIV,Liverpool,34,66
1999-00,LIV,Liverpool,35,66
1999-00,LIV,Liverpool,36,66
1999-00,LIV,Liverpool,37,67
1999-00,LIV,Liverpool,38,67
1999-00,MID,Middlesbrough,1,0
1999-00,MID,Middlesbrough,2,3
1999-00,MID,Middlesbrough,3,6
1999-00,MID,Middlesbrough,4,9
1999-00,MID,Middlesbrough,5,9
1999-00,MID,Middlesbrough,6,9
1999-00,MID,Middlesbrough,7,12
1999-00,MID,Middlesbrough,8,12
1999-00,MID,Middlesbrough,9,12
1999-00,MID,Middlesbrough,10,12
1999-00,MID,Middlesbrough,11,15
1999-00,MID,Middlesbrough,12,18
1999-00,MID,Middlesbrough,13,21
1999-00,MID,Middlesbrough,14,22
1999-00,MID,Middlesbrough,15,22
1999-00,MID,Middlesbrough,16,23
1999-00,MID,Middlesbrough,17,24
1999-00,MID,Middlesbrough,18,27
1999-00,MID,Middlesbrough,19,27
1999-00,MID,Middlesbrough,20,27
1999-00,MID,Middlesbrough,21,28
1999-00,MID,Middlesbrough,22,28
1999-00,MID,Middlesbrough,23,28
1999-00,MID,Middlesbrough,24,28
1999-00,MID,Middlesbrough,25,31
1999-00,MID,Middlesbrough,26,32
1999-00,MID,Middlesbrough,27,33
1999-00,MID,Middlesbrough,28,36
1999-00,MID,Middlesbrough,29,37
1999-00,MID,Middlesbrough,30,40
1999-00,MID,Middlesbrough,31,43
1999-00,MID,Middlesbrough,32,43
1999-00,MID,Middlesbrough,33,43
1999-00,MID,Middlesbrough,34,44
1999-00,MID,Middlesbrough,35,47
1999-00,MID,Middlesbrough,36,48
1999-00,MID,Middlesbrough,37,49
1999-00,MID,Middlesbrough,38,52
1999-00,MUN,Manchester United,1,1
1999-00,MUN,Manchester United,2,4
1999-00,MUN,Manchester United,3,7
1999-00,MUN,Manchester United,4,10
1999-00,MUN,Manchester United,5,13
1999-00,MUN,Manchester United,6,16
1999-00,MUN,Manchester United,7,19
1999-00,MUN,Manchester United,8,20
1999-00,MUN,Manchester United,9,21
1999-00,MUN,Manchester United,10,21
1999-00,MUN,Manchester United,11,24
1999-00,MUN,Manchester United,12,24
1999-00,MUN,Manchester United,13,27
1999-00,MUN,Manchester United,14,30
1999-00,MUN,Manchester United,15,33
1999-00,MUN,Manchester United,16,36
1999-00,MUN,Manchester United,17,39
1999-00,MUN,Manchester United,18,42
1999-00,MUN,Manchester United,19,43
1999-00,MUN,Manchester United,20,44
1999-00,MUN,Manchester United,21,47
1999-00,MUN,Manchester United,22,50
1999-00,MUN,Manchester United,23,53
1999-00,MUN,Manchester United,24,53
1999-00,MUN,Manchester United,25,56
1999-00,MUN,Manchester United,26,57
1999-00,MUN,Manchester United,27,58
1999-00,MUN,Manchester United,28,61
1999-00,MUN,Manchester United,29,64
1999-00,MUN,Manchester United,30,67
1999-00,MUN,Manchester United,31,70
1999-00,MUN,Manchester United,32,73
1999-00,MUN,Manchester United,33,76
1999-00,MUN,Manchester United,34,79
1999-00,MUN,Manchester United,35,82
1999-00,MUN,Manchester United,36,85
1999-00,MUN,Manchester United,37,88
1999-00,MUN,Manchester United,38,91
1999-00,NEW,Newcastle United,1,0
1999-00,NEW,Newcastle United,2,0
1999-00,NEW,Newcastle United,3,0
1999-00,NEW,Newcastle United,4,1
1999-00,NEW,Newcastle United,5,1
1999-00,NEW,Newcastle United,6,1
1999-00,NEW,Newcastle United,7,1
1999-00,NEW,Newcastle United,8,4
1999-00,NEW,Newcastle United,9,4
1999-00,NEW,Newcastle United,10,7
1999-00,NEW,Newcastle United,11,7
1999-00,NEW,Newcastle United,12,10
1999-00,NEW,Newcastle United,13,11
1999-00,NEW,Newcastle United,14,12
1999-00,NEW,Newcastle United,15,13
1999-00,NEW,Newcastle United,16,16
1999-00,NEW,Newcastle United,17,19
1999-00,NEW,Newcastle United,18,19
1999-00,NEW,Newcastle United,19,20
1999-00,NEW,Newcastle United,20,23
1999-00,NEW,Newcastle United,21,24
1999-00,NEW,Newcastle United,22,27
1999-00,NEW,Newcastle United,23,27
1999-00,NEW,Newcastle United,24,28
1999-00,NEW,Newcastle United,25,31
1999-00,NEW,Newcastle United,26,34
1999-00,NEW,Newcastle United,27,34
1999-00,NEW,Newcastle United,28,37
1999-00,NEW,Newcastle United,29,40
1999-00,NEW,Newcastle United,30,40
1999-00,NEW,Newcastle United,31,43
1999-00,NEW,Newcastle United,32,43
1999-00,NEW,Newcastle United,33,43
1999-00,NEW,Newcastle United,34,44
1999-00,NEW,Newcastle United,35,47
1999-00,NEW,Newcastle United,36,48
1999-00,NEW,Newcastle United,37,49
1999-00,NEW,Newcastle United,38,52
1999-00,SHW,Sheffield Wednesday,1,0
1999-00,SHW,Sheffield Wednesday,2,0
1999-00,SHW,Sheffield Wednesday,3,1
1999-00,SHW,Sheffield Wednesday,4,1
1999-00,SHW,Sheffield Wednesday,5,1
1999-00,SHW,Sheffield Wednesday,6,1
1999-00,SHW,Sheffield Wednesday,7,1
1999-00,SHW,Sheffield Wednesday,8,1
1999-00,SHW,Sheffield Wednesday,9,1
1999-00,SHW,Sheffield Wednesday,10,4
1999-00,SHW,Sheffield Wednesday,11,4
1999-00,SHW,Sheffield Wednesday,12,5
1999-00,SHW,Sheffield Wednesday,13,5
1999-00,SHW,Sheffield Wednesday,14,6
1999-00,SHW,Sheffield Wednesday,15,6
1999-00,SHW,Sheffield Wednesday,16,6
1999-00,SHW,Sheffield Wednesday,17,6
1999-00,SHW,Sheffield Wednesday,18,9
1999-00,SHW,Sheffield Wednesday,19,9
1999-00,SHW,Sheffield Wednesday,20,10
1999-00,SHW,Sheffield Wednesday,21,13
1999-00,SHW,Sheffield Wednesday,22,16
1999-00,SHW,Sheffield Wednesday,23,16
1999-00,SHW,Sheffield Wednesday,24,17
1999-00,SHW,Sheffield Wednesday,25,17
1999-00,SHW,Sheffield Wednesday,26,17
1999-00,SHW,Sheffield Wednesday,27,18
1999-00,SHW,Sheffield Wednesday,28,21
1999-00,SHW,Sheffield Wednesday,29,21
1999-00,SHW,Sheffield Wednesday,30,21
1999-00,SHW,Sheffield Wednesday,31,21
1999-00,SHW,Sheffield Wednesday,32,24
1999-00,SHW,Sheffield Wednesday,33,27
1999-00,SHW,Sheffield Wednesday,34,27
1999-00,SHW,Sheffield Wednesday,35,27
1999-00,SHW,Sheffield Wednesday,36,27
1999-00,SHW,Sheffield Wednesday,37,28
1999-00,SHW,Sheffield Wednesday,38,31
1999-00,SOU,Southampton,1,3
1999-00,SOU,Southampton,2,3
1999-00,SOU,Southampton,3,6
1999-00,SOU,Southampton,4,6
1999-00,SOU,Southampton,5,9
1999-00,SOU,Southampton,6,9
1999-00,SOU,Southampton,7,9
1999-00,SOU,Southampton,8,10
1999-00,SOU,Southampton,9,11
1999-00,SOU,Southampton,10,11
1999-00,SOU,Southampton,11,12
1999-00,SOU,Southampton,12,13
1999-00,SOU,Southampton,13,16
1999-00,SOU,Southampton,14,16
1999-00,SOU,Southampton,15,16
1999-00,SOU,Southampton,16,17
1999-00,SOU,Southampton,17,17
1999-00,SOU,Southampton,18,17
1999-00,SOU,Southampton,19,17
1999-00,SOU,Southampton,20,20
1999-00,SOU,Southampton,21,20
1999-00,SOU,Southampton,22,23
1999-00,SOU,Southampton,23,26
1999-00,SOU,Southampton,24,29
1999-00,SOU,Southampton,25,29
1999-00,SOU,Southampton,26,30
1999-00,SOU,Southampton,27,30
1999-00,SOU,Southampton,28,30
1999-00,SOU,Southampton,29,33
1999-00,SOU,Southampton,30,34
1999-00,SOU,Southampton,31,34
1999-00,SOU,Southampton,32,37
1999-00,SOU,Southampton,33,40
1999-00,SOU,Southampton,34,40
1999-00,SOU,Southampton,35,40
1999-00,SOU,Southampton,36,40
1999-00,SOU,Southampton,37,41
1999-00,SOU,Southampton,38,44
1999-00,SUN,Sunderland,1,0
1999-00,SUN,Sunderland,2,3
1999-00,SUN,Sunderland,3,4
1999-00,SUN,Sunderland,4,4
1999-00,SUN,Sunderland,5,7
1999-00,SUN,Sunderland,6,8
1999-00,SUN,Sunderland,7,11
1999-00,SUN,Sunderland,8,14
1999-00,SUN,Sunderland,9,17
1999-00,SUN,Sunderland,10,20
1999-00,SUN,Sunderland,11,23
1999-00,SUN,Sunderland,12,24
1999-00,SUN,Sunderland,13,27
1999-00,SUN,Sunderland,14,28
1999-00,SUN,Sunderland,15,28
1999-00,SUN,Sunderland,16,31
1999-00,SUN,Sunderland,17,34
1999-00,SUN,Sunderland,18,37
1999-00,SUN,Sunderland,19,37
1999-00,SUN,Sunderland,20,38
1999-00,SUN,Sunderland,21,38
1999-00,SUN,Sunderland,22,38
1999-00,SUN,Sunderland,23,38
1999-00,SUN,Sunderland,24,39
1999-00,SUN,Sunderland,25,39
1999-00,SUN,Sunderland,26,40
1999-00,SUN,Sunderland,27,40
1999-00,SUN,Sunderland,28,41
1999-00,SUN,Sunderland,29,42
1999-00,SUN,Sunderland,30,45
1999-00,SUN,Sunderland,31,48
1999-00,SUN,Sunderland,32,51
1999-00,SUN,Sunderland,33,51
1999-00,SUN,Sunderland,34,54
1999-00,SUN,Sunderland,35,54
1999-00,SUN,Sunderland,36,55
1999-00,SUN,Sunderland,37,58
1999-00,SUN,Sunderland,38,58
1999-00,TOT,Tottenham Hotspur,1,0
1999-00,TOT,Tottenham Hotspur,2,3
1999-00,TOT,Tottenham Hotspur,3,6
1999-00,TOT,Tottenham Hotspur,4,9
1999-00,TOT,Tottenham Hotspur,5,9
1999-00,TOT,Tottenham Hotspur,6,10
1999-00,TOT,Tottenham Hotspur,7,13
1999-00,TOT,Tottenham Hotspur,8,14
1999-00,TOT,Tottenham Hotspur,9,14
1999-00,TOT,Tottenham Hotspur,10,17
1999-00,TOT,Tottenham Hotspur,11,20
1999-00,TOT,Tottenham Hotspur,12,20
1999-00,TOT,Tottenham Hotspur,13,23
1999-00,TOT,Tottenham Hotspur,14,26
1999-00,TOT,Tottenham Hotspur,15,26
1999-00,TOT,Tottenham Hotspur,16,27
1999-00,TOT,Tottenham Hotspur,17,27
1999-00,TOT,Tottenham Hotspur,18,30
1999-00,TOT,Tottenham Hotspur,19,31
1999-00,TOT,Tottenham Hotspur,20,34
1999-00,TOT,Tottenham Hotspur,21,34
1999-00,TOT,Tottenham Hotspur,22,35
1999-00,TOT,Tottenham Hotspur,23,35
1999-00,TOT,Tottenham Hotspur,24,35
1999-00,TOT,Tottenham Hotspur,25,35
1999-00,TOT,Tottenham Hotspur,26,38
1999-00,TOT,Tottenham Hotspur,27,39
1999-00,TOT,Tottenham Hotspur,28,42
1999-00,TOT,Tottenham Hotspur,29,42
1999-00,TOT,Tottenham Hotspur,30,43
1999-00,TOT,Tottenham Hotspur,31,43
1999-00,TOT,Tottenham Hotspur,32,43
1999-00,TOT,Tottenham Hotspur,33,43
1999-00,TOT,Tottenham Hotspur,34,46
1999-00,TOT,Tottenham Hotspur,35,49
1999-00,TOT,Tottenham Hotspur,36,50
1999-00,TOT,Tottenham Hotspur,37,50
1999-00,TOT,Tottenham Hotspur,38,53
1999-00,WAT,Watford,1,0
1999-00,WAT,Watford,2,0
1999-00,WAT,Watford,3,3
1999-00,WAT,Watford,4,6
1999-00,WAT,Watford,5,6
1999-00,WAT,Watford,6,6
1999-00,WAT,Watford,7,6
1999-00,WAT,Watford,8,9
1999-00,WAT,Watford,9,9
1999-00,WAT,Watford,10,9
1999-00,WAT,Watford,11,9
1999-00,WAT,Watford,12,9
1999-00,WAT,Watford,13,9
1999-00,WAT,Watford,14,10
1999-00,WAT,Watford,15,11
1999-00,WAT,Watford,16,11
1999-00,WAT,Watford,17,11
1999-00,WAT,Watford,18,11
1999-00,WAT,Watford,19,11
1999-00,WAT,Watford,20,14
1999-00,WAT,Watford,21,14
1999-00,WAT,Watford,22,14
1999-00,WAT,Watford,23,14
1999-00,WAT,Watford,24,14
1999-00,WAT,Watford,25,15
1999-00,WAT,Watford,26,15
1999-00,WAT,Watford,27,15
1999-00,WAT,Watford,28,15
1999-00,WAT,Watford,29,18
1999-00,WAT,Watford,30,19
1999-00,WAT,Watford,31,19
1999-00,WAT,Watford,32,20
1999-00,WAT,Watford,33,20
1999-00,WAT,Watford,34,20
1999-00,WAT,Watford,35,20
1999-00,WAT,Watford,36,20
1999-00,WAT,Watford,37,21
1999-00,WAT,Watford,38,24
1999-00,WHU,West Ham United,1,3
1999-00,WHU,West Ham United,2,4
1999-00,WHU,West Ham United,3,7
1999-00,WHU,West Ham United,4,10
1999-00,WHU,West Ham United,5,13
1999-00,WHU,West Ham United,6,13
1999-00,WHU,West Ham United,7,13
1999-00,WHU,West Ham United,8,16
1999-00,WHU,West Ham United,9,16
1999-00,WHU,West Ham United,10,17
1999-00,WHU,West Ham United,11,17
1999-00,WHU,West Ham United,12,17
1999-00,WHU,West Ham United,13,18
1999-00,WHU,West Ham United,14,21
1999-00,WHU,West Ham United,15,24
1999-00,WHU,West Ham United,16,25
1999-00,WHU,West Ham United,17,25
1999-00,WHU,West Ham United,18,26
1999-00,WHU,West Ham United,19,27
1999-00,WHU,West Ham United,20,28
1999-00,WHU,West Ham United,21,29
1999-00,WHU,West Ham United,22,32
1999-00,WHU,West Ham United,23,32
1999-00,WHU,West Ham United,24,35
1999-00,WHU,West Ham United,25,35
1999-00,WHU,West Ham United,26,38
1999-00,WHU,West Ham United,27,41
1999-00,WHU,West Ham United,28,41
1999-00,WHU,West Ham United,29,42
1999-00,WHU,West Ham United,30,45
1999-00,WHU,West Ham United,31,45
1999-00,WHU,West Ham United,32,48
1999-00,WHU,West Ham United,33,51
1999-00,WHU,West Ham United,34,54
1999-00,WHU,West Ham United,35,54
1999-00,WHU,West Ham United,36,54
1999-00,WHU,West Ham United,37,54
1999-00,WHU,West Ham United,38,55
1999-00,WIM,Wimbledon,1,3
1999-00,WIM,Wimbledon,2,3
1999-00,WIM,Wimbledon,3,4
1999-00,WIM,Wimbledon,4,5
1999-00,WIM,Wimbledon,5,5
1999-00,WIM,Wimbledon,6,5
1999-00,WIM,Wimbledon,7,6
1999-00,WIM,Wimbledon,8,7
1999-00,WIM,Wimbledon,9,8
1999-00,WIM,Wimbledon,10,8
1999-00,WIM,Wimbledon,11,11
1999-00,WIM,Wimbledon,12,12
1999-00,WIM,Wimbledon,13,13
1999-00,WIM,Wimbledon,14,16
1999-00,WIM,Wimbledon,15,16
1999-00,WIM,Wimbledon,16,17
1999-00,WIM,Wimbledon,17,20
1999-00,WIM,Wimbledon,18,21
1999-00,WIM,Wimbledon,19,22
1999-00,WIM,Wimbledon,20,22
1999-00,WIM,Wimbledon,21,25
1999-00,WIM,Wimbledon,22,25
1999-00,WIM,Wimbledon,23,28
1999-00,WIM,Wimbledon,24,28
1999-00,WIM,Wimbledon,25,28
1999-00,WIM,Wimbledon,26,29
1999-00,WIM,Wimbledon,27,29
1999-00,WIM,Wimbledon,28,32
1999-00,WIM,Wimbledon,29,32
1999-00,WIM,Wimbledon,30,32
1999-00,WIM,Wimbledon,31,32
1999-00,WIM,Wimbledon,32,32
1999-00,WIM,Wimbledon,33,32
1999-00,WIM,Wimbledon,34,32
1999-00,WIM,Wimbledon,35,32
1999-00,WIM,Wimbledon,36,32
1999-00,WIM,Wimbledon,37,33
1999-00,WIM,Wimbledon,38,33
2000-01,ARS,Arsenal,1,0
2000-01,ARS,Arsenal,2,3
2000-01,ARS,Arsenal,3,6
2000-01,ARS,Arsenal,4,7
2000-01,ARS,Arsenal,5,8
2000-01,ARS,Arsenal,6,11
2000-01,ARS,Arsenal,7,12
2000-01,ARS,Arsenal,8,15
2000-01,ARS,Arsenal,9,18
2000-01,ARS,Arsenal,10,21
2000-01,ARS,Arsenal,11,24
2000-01,ARS,Arsenal,12,27
2000-01,ARS,Arsenal,13,28
2000-01,ARS,Arsenal,14,28
2000-01,ARS,Arsenal,15,28
2000-01,ARS,Arsenal,16,31
2000-01,ARS,Arsenal,17,34
2000-01,ARS,Arsenal,18,35
2000-01,ARS,Arsenal,19,35
2000-01,ARS,Arsenal,20,38
2000-01,ARS,Arsenal,21,39
2000-01,ARS,Arsenal,22,39
2000-01,ARS,Arsenal,23,40
2000-01,ARS,Arsenal,24,41
2000-01,ARS,Arsenal,25,44
2000-01,ARS,Arsenal,26,47
2000-01,ARS,Arsenal,27,50
2000-01,ARS,Arsenal,28,50
2000-01,ARS,Arsenal,29,53
2000-01,ARS,Arsenal,30,54
2000-01,ARS,Arsenal,31,57
2000-01,ARS,Arsenal,32,60
2000-01,ARS,Arsenal,33,60
2000-01,ARS,Arsenal,34,63
2000-01,ARS,Arsenal,35,66
2000-01,ARS,Arsenal,36,69
2000-01,ARS,Arsenal,37,70
2000-01,ARS,Arsenal,38,70
2000-01,AVL,Aston Villa,1,1
2000-01,AVL,Aston Villa,2,2
2000-01,AVL,Aston Villa,3,2
2000-01,AVL,Aston Villa,4,5
2000-01,AVL,Aston Villa,5,8
2000-01,AVL,Aston Villa,6,9
2000-01,AVL,Aston Villa,7,12
2000-01,AVL,Aston Villa,8,12
2000-01,AVL,Aston Villa,9,13
2000-01,AVL,Aston Villa,10,16
2000-01,AVL,Aston Villa,11,19
2000-01,AVL,Aston Villa,12,22
2000-01,AVL,Aston Villa,13,22
2000-01,AVL,Aston Villa,14,23
2000-01,AVL,Aston Villa,15,24
2000-01,AVL,Aston Villa,16,25
2000-01,AVL,Aston Villa,17,26
2000-01,AVL,Aston Villa,18,29
2000-01,AVL,Aston Villa,19,29
2000-01,AVL,Aston Villa,20,29
2000-01,AVL,Aston Villa,21,29
2000-01,AVL,Aston Villa,22,29
2000-01,AVL,Aston Villa,23,29
2000-01,AVL,Aston Villa,24,32
2000-01,AVL,Aston Villa,25,33
2000-01,AVL,Aston Villa,26,33
2000-01,AVL,Aston Villa,27,34
2000-01,AVL,Aston Villa,28,37
2000-01,AVL,Aston Villa,29,38
2000-01,AVL,Aston Villa,30,41
2000-01,AVL,Aston Villa,31,44
2000-01,AVL,Aston Villa,32,45
2000-01,AVL,Aston Villa,33,48
2000-01,AVL,Aston Villa,34,49
2000-01,AVL,Aston Villa,35,50
2000-01,AVL,Aston Villa,36,51
2000-01,AVL,Aston Villa,37,54
2000-01,AVL,Aston Villa,38,54
2000-01,BRA,Bradford City,1,0
2000-01,BRA,Bradford City,2,3
2000-01,BRA,Bradford City,3,4
2000-01,BRA,Bradford City,4,4
2000-01,BRA,Bradford City,5,5
2000-01,BRA,Bradford City,6,5
2000-01,BRA,Bradford City,7,5
2000-01,BRA,Bradford City,8,6
2000-01,BRA,Bradford City,9,6
2000-01,BRA,Bradford City,10,6
2000-01,BRA,Bradford City,11,7
2000-01,BRA,Bradford City,12,7
2000-01,BRA,Bradford City,13,7
2000-01,BRA,Bradford City,14,7
2000-01,BRA,Bradford City,15,8
2000-01,BRA,Bradford City,16,11
2000-01,BRA,Bradford City,17,12
2000-01,BRA,Bradford City,18,12
2000-01,BRA,Bradford City,19,12
2000-01,BRA,Bradford City,20,12
2000-01,BRA,Bradford City,21,15
2000-01,BRA,Bradford City,22,15
2000-01,BRA,Bradford City,23,16
2000-01,BRA,Bradford City,24,16
2000-01,BRA,Bradford City,25,16
2000-01,BRA,Bradford City,26,16
2000-01,BRA,Bradford City,27,16
2000-01,BRA,Bradford City,28,16
2000-01,BRA,Bradford City,29,17
2000-01,BRA,Bradford City,30,18
2000-01,BRA,Bradford City,31,18
2000-01,BRA,Bradford City,32,21
2000-01,BRA,Bradford City,33,24
2000-01,BRA,Bradford City,34,24
2000-01,BRA,Bradford City,35,24
2000-01,BRA,Bradford City,36,25
2000-01,BRA,Bradford City,37,25
2000-01,BRA,Bradford City,38,26
2000-01,CHA,Charlton Athletic,1,3
2000-01,CHA,Charlton Athletic,2,3
2000-01,CHA,Charlton Athletic,3,3
2000-01,CHA,Charlton Athletic,4,4
2000-01,CHA,Charlton Athletic,5,5
2000-01,CHA,Charlton Athletic,6,8
2000-01,CHA,Charlton Athletic,7,11
2000-01,CHA,Charlton Athletic,8,12
2000-01,CHA,Charlton Athletic,9,12
2000-01,CHA,Charlton Athletic,10,15
2000-01,CHA,Charlton Athletic,11,15
2000-01,CHA,Charlton Athletic,12,18
2000-01,CHA,Charlton Athletic,13,18
2000-01,CHA,Charlton Athletic,14,21
2000-01,CHA,Charlton Athletic,15,21
2000-01,CHA,Charlton Athletic,16,21
2000-01,CHA,Charlton Athletic,17,22
2000-01,CHA,Charlton Athletic,18,22
2000-01,CHA,Charlton Athletic,19,25
2000-01,CHA,Charlton Athletic,20,25
2000-01,CHA,Charlton Athletic,21,28
2000-01,CHA,Charlton Athletic,22,31
2000-01,CHA,Charlton Athletic,23,32
2000-01,CHA,Charlton Athletic,24,33
2000-01,CHA,Charlton Athletic,25,36
2000-01,CHA,Charlton Athletic,26,37
2000-01,CHA,Charlton Athletic,27,40
2000-01,CHA,Charlton Athletic,28,41
2000-01,CHA,Charlton Athletic,29,42
2000-01,CHA,Charlton Athletic,30,42
2000-01,CHA,Charlton Athletic,31,45
2000-01,CHA,Charlton Athletic,32,45
2000-01,CHA,Charlton Athletic,33,45
2000-01,CHA,Charlton Athletic,34,46
2000-01,CHA,Charlton Athletic,35,49
2000-01,CHA,Charlton Athletic,36,52
2000-01,CHA,Charlton Athletic,37,52
2000-01,CHA,Charlton Athletic,38,52
2000-01,CHE,Chelsea,1,3
2000-01,CHE,Chelsea,2,3
2000-01,CHE,Chelsea,3,4
2000-01,CHE,Chelsea,4,5
2000-01,CHE,Chelsea,5,6
2000-01,CHE,Chelsea,6,6
2000-01,CHE,Chelsea,7,7
2000-01,CHE,Chelsea,8,10
2000-01,CHE,Chelsea,9,10
2000-01,CHE,Chelsea,10,13
2000-01,CHE,Chelsea,11,16
2000-01,CHE,Chelsea,12,16
2000-01,CHE,Chelsea,13,17
2000-01,CHE,Chelsea,14,17
2000-01,CHE,Chelsea,15,17
2000-01,CHE,Chelsea,16,20
2000-01,CHE,Chelsea,17,23
2000-01,CHE,Chelsea,18,23
2000-01,CHE,Chelsea,19,26
2000-01,CHE,Chelsea,20,27
2000-01,CHE,Chelsea,21,30
2000-01,CHE,Chelsea,22,31
2000-01,CHE,Chelsea,23,34
2000-01,CHE,Chelsea,24,37
2000-01,CHE,Chelsea,25,37
2000-01,CHE,Chelsea,26,38
2000-01,CHE,Chelsea,27,39
2000-01,CHE,Chelsea,28,42
2000-01,CHE,Chelsea,29,42
2000-01,CHE,Chelsea,30,45
2000-01,CHE,Chelsea,31,48
2000-01,CHE,Chelsea,32,51
2000-01,CHE,Chelsea,33,54
2000-01,CHE,Chelsea,34,54
2000-01,CHE,Chelsea,35,54
2000-01,CHE,Chelsea,36,57
2000-01,CHE,Chelsea,37,58
2000-01,CHE,Chelsea,38,61
2000-01,COV,Coventry City,1,0
2000-01,COV,Coventry City,2,3
2000-01,COV,Coventry City,3,6
2000-01,COV,Coventry City,4,6
2000-01,COV,Coventry City,5,7
2000-01,COV,Coventry City,6,7
2000-01,COV,Coventry City,7,7
2000-01,COV,Coventry City,8,8
2000-01,COV,Coventry City,9,11
2000-01,COV,Coventry City,10,11
2000-01,COV,Coventry City,11,11
2000-01,COV,Coventry City,12,11
2000-01,COV,Coventry City,13,11
2000-01,COV,Coventry City,14,11
2000-01,COV,Coventry City,15,12
2000-01,COV,Coventry City,16,12
2000-01,COV,Coventry City,17,15
2000-01,COV,Coventry City,18,15
2000-01,COV,Coventry City,19,16
2000-01,COV,Coventry City,20,19
2000-01,COV,Coventry City,21,20
2000-01,COV,Coventry City,22,21
2000-01,COV,Coventry City,23,21
2000-01,COV,Coventry City,24,21
2000-01,COV,Coventry City,25,21
2000-01,COV,Coventry City,26,21
2000-01,COV,Coventry City,27,22
2000-01,COV,Coventry City,28,23
2000-01,COV,Coventry City,29,24
2000-01,COV,Coventry City,30,24
2000-01,COV,Coventry City,31,27
2000-01,COV,Coventry City,32,30
2000-01,COV,Coventry City,33,30
2000-01,COV,Coventry City,34,33
2000-01,COV,Coventry City,35,33
2000-01,COV,Coventry City,36,33
2000-01,COV,Coventry City,37,33
2000-01,COV,Coventry City,38,34
2000-01,DER,Derby County,1,1
2000-01,DER,Derby County,2,1
2000-01,DER,Derby County,3,2
2000-01,DER,Derby County,4,3
2000-01,DER,Derby County,5,4
2000-01,DER,Derby County,6,4
2000-01,DER,Derby County,7,5
2000-01,DER,Derby County,8,5
2000-01,DER,Derby County,9,5
2000-01,DER,Derby County,10,5
2000-01,DER,Derby County,11,5
2000-01,DER,Derby County,12,6
2000-01,DER,Derby County,13,7
2000-01,DER,Derby County,14,10
2000-01,DER,Derby County,15,10
2000-01,DER,Derby County,16,13
2000-01,DER,Derby County,17,13
2000-01,DER,Derby County,18,16
2000-01,DER,Derby County,19,19
2000-01,DER,Derby County,20,20
2000-01,DER,Derby County,21,20
2000-01,DER,Derby County,22,23
2000-01,DER,Derby County,23,23
2000-01,DER,Derby County,24,24
2000-01,DER,Derby County,25,24
2000-01,DER,Derby County,26,27
2000-01,DER,Derby County,27,28
2000-01,DER,Derby County,28,31
2000-01,DER,Derby County,29,34
2000-01,DER,Derby County,30,35
2000-01,DER,Derby County,31,35
2000-01,DER,Derby County,32,35
2000-01,DER,Derby County,33,35
2000-01,DER,Derby County,34,38
2000-01,DER,Derby County,35,38
2000-01,DER,Derby County,36,38
2000-01,DER,Derby County,37,41
2000-01,DER,Derby County,38,42
2000-01,EVE,Everton,1,0
2000-01,EVE,Everton,2,3
2000-01,EVE,Everton,3,4
2000-01,EVE,Everton,4,4
2000-01,EVE,Everton,5,7
2000-01,EVE,Everton,6,7
2000-01,EVE,Everton,7,8
2000-01,EVE,Everton,8,8
2000-01,EVE,Everton,9,9
2000-01,EVE,Everton,10,12
2000-01,EVE,Everton,11,12
2000-01,EVE,Everton,12,12
2000-01,EVE,Everton,13,15
2000-01,EVE,Everton,14,18
2000-01,EVE,Everton,15,21
2000-01,EVE,Everton,16,21
2000-01,EVE,Everton,17,21
2000-01,EVE,Everton,18,22
2000-01,EVE,Everton,19,22
2000-01,EVE,Everton,20,22
2000-01,EVE,Everton,21,22
2000-01,EVE,Everton,22,23
2000-01,EVE,Everton,23,26
2000-01,EVE,Everton,24,27
2000-01,EVE,Everton,25,27
2000-01,EVE,Everton,26,28
2000-01,EVE,Everton,27,31
2000-01,EVE,Everton,28,31
2000-01,EVE,Everton,29,32
2000-01,EVE,Everton,30,32
2000-01,EVE,Everton,31,35
2000-01,EVE,Everton,32,38
2000-01,EVE,Everton,33,38
2000-01,EVE,Everton,34,38
2000-01,EVE,Everton,35,38
2000-01,EVE,Everton,36,41
2000-01,EVE,Everton,37,41
2000-01,EVE,Everton,38,42
2000-01,IPS,Ipswich Town,1,0
2000-01,IPS,Ipswich Town,2,1
2000-01,IPS,Ipswich Town,3,4
2000-01,IPS,Ipswich Town,4,4
2000-01,IPS,Ipswich Town,5,4
2000-01,IPS,Ipswich Town,6,7
2000-01,IPS,Ipswich Town,7,8
2000-01,IPS,Ipswich Town,8,11
2000-01,IPS,Ipswich Town,9,12
2000-01,IPS,Ipswich Town,10,15
2000-01,IPS,Ipswich Town,11,18
2000-01,IPS,Ipswich Town,12,18
2000-01,IPS,Ipswich Town,13,21
2000-01,IPS,Ipswich Town,14,24
2000-01,IPS,Ipswich Town,15,27
2000-01,IPS,Ipswich Town,16,27
2000-01,IPS,Ipswich Town,17,30
2000-01,IPS,Ipswich Town,18,33
2000-01,IPS,Ipswich Town,19,33
2000-01,IPS,Ipswich Town,20,34
2000-01,IPS,Ipswich Town,21,37
2000-01,IPS,Ipswich Town,22,37
2000-01,IPS,Ipswich Town,23,40
2000-01,IPS,Ipswich Town,24,40
2000-01,IPS,Ipswich Town,25,40
2000-01,IPS,Ipswich Town,26,40
2000-01,IPS,Ipswich Town,27,43
2000-01,IPS,Ipswich Town,28,46
2000-01,IPS,Ipswich Town,29,46
2000-01,IPS,Ipswich Town,30,49
2000-01,IPS,Ipswich Town,31,52
2000-01,IPS,Ipswich Town,32,53
2000-01,IPS,Ipswich Town,33,56
2000-01,IPS,Ipswich Town,34,59
2000-01,IPS,Ipswich Town,35,62
2000-01,IPS,Ipswich Town,36,62
2000-01,IPS,Ipswich Town,37,65
2000-01,IPS,Ipswich Town,38,66
2000-01,LEE,Leeds United,1,3
2000-01,LEE,Leeds United,2,6
2000-01,LEE,Leeds United,3,6
2000-01,LEE,Leeds United,4,7
2000-01,LEE,Leeds United,5,7
2000-01,LEE,Leeds United,6,8
2000-01,LEE,Leeds United,7,11
2000-01,LEE,Leeds United,8,14
2000-01,LEE,Leeds United,9,14
2000-01,LEE,Leeds United,10,15
2000-01,LEE,Leeds United,11,18
2000-01,LEE,Leeds United,12,19
2000-01,LEE,Leeds United,13,19
2000-01,LEE,Leeds United,14,22
2000-01,LEE,Leeds United,15,22
2000-01,LEE,Leeds United,16,22
2000-01,LEE,Leeds United,17,25
2000-01,LEE,Leeds United,18,25
2000-01,LEE,Leeds United,19,25
2000-01,LEE,Leeds United,20,26
2000-01,LEE,Leeds United,21,29
2000-01,LEE,Leeds United,22,29
2000-01,LEE,Leeds United,23,32
2000-01,LEE,Leeds United,24,35
2000-01,LEE,Leeds United,25,38
2000-01,LEE,Leeds United,26,39
2000-01,LEE,Leeds United,27,40
2000-01,LEE,Leeds United,28,43
2000-01,LEE,Leeds United,29,44
2000-01,LEE,Leeds United,30,47
2000-01,LEE,Leeds United,31,50
2000-01,LEE,Leeds United,32,53
2000-01,LEE,Leeds United,33,56
2000-01,LEE,Leeds United,34,59
2000-01,LEE,Leeds United,35,62
2000-01,LEE,Leeds United,36,62
2000-01,LEE,Leeds United,37,65
2000-01,LEE,Leeds United,38,68
2000-01,LEI,Leicester City,1,1
2000-01,LEI,Leicester City,2,4
2000-01,LEI,Leicester City,3,5
2000-01,LEI,Leicester City,4,8
2000-01,LEI,Leicester City,5,11
2000-01,LEI,Leicester City,6,14
2000-01,LEI,Leicester City,7,15
2000-01,LEI,Leicester City,8,16
2000-01,LEI,Leicester City,9,16
2000-01,LEI,Leicester City,10,16
2000-01,LEI,Leicester City,11,19
2000-01,LEI,Leicester City,12,22
2000-01,LEI,Leicester City,13,23
2000-01,LEI,Leicester City,14,26
2000-01,LEI,Leicester City,15,26
2000-01,LEI,Leicester City,16,29
2000-01,LEI,Leicester City,17,29
2000-01,LEI,Leicester City,18,32
2000-01,LEI,Leicester City,19,35
2000-01,LEI,Leicester City,20,35
2000-01,LEI,Leicester City,21,35
2000-01,LEI,Leicester City,22,35
2000-01,LEI,Leicester City,23,36
2000-01,LEI,Leicester City,24,36
2000-01,LEI,Leicester City,25,39
2000-01,LEI,Leicester City,26,39
2000-01,LEI,Leicester City,27,42
2000-01,LEI,Leicester City,28,45
2000-01,LEI,Leicester City,29,45
2000-01,LEI,Leicester City,30,45
2000-01,LEI,Leicester City,31,45
2000-01,LEI,Leicester City,32,45
2000-01,LEI,Leicester City,33,45
2000-01,LEI,Leicester City,34,45
2000-01,LEI,Leicester City,35,45
2000-01,LEI,Leicester City,36,45
2000-01,LEI,Leicester City,37,48
2000-01,LEI,Leicester City,38,48
2000-01,LIV,Liverpool,1,3
2000-01,LIV,Liverpool,2,3
2000-01,LIV,Liverpool,3,4
2000-01,LIV,Liverpool,4,7
2000-01,LIV,Liverpool,5,10
2000-01,LIV,Liverpool,6,11
2000-01,LIV,Liverpool,7,12
2000-01,LIV,Liverpool,8,12
2000-01,LIV,Liverpool,9,15
2000-01,LIV,Liverpool,10,18
2000-01,LIV,Liverpool,11,21
2000-01,LIV,Liverpool,12,21
2000-01,LIV,Liverpool,13,24
2000-01,LIV,Liverpool,14,24
2000-01,LIV,Liverpool,15,24
2000-01,LIV,Liverpool,16,27
2000-01,LIV,Liverpool,17,27
2000-01,LIV,Liverpool,18,30
2000-01,LIV,Liverpool,19,33
2000-01,LIV,Liverpool,20,33
2000-01,LIV,Liverpool,21,36
2000-01,LIV,Liverpool,22,39
2000-01,LIV,Liverpool,23,40
2000-01,LIV,Liverpool,24,41
2000-01,LIV,Liverpool,25,44
2000-01,LIV,Liverpool,26,45
2000-01,LIV,Liverpool,27,45
2000-01,LIV,Liverpool,28,46
2000-01,LIV,Liverpool,29,49
2000-01,LIV,Liverpool,30,50
2000-01,LIV,Liverpool,31,50
2000-01,LIV,Liverpool,32,53
2000-01,LIV,Liverpool,33,56
2000-01,LIV,Liverpool,34,59
2000-01,LIV,Liverpool,35,62
2000-01,LIV,Liverpool,36,65
2000-01,LIV,Liverpool,37,66
2000-01,LIV,Liverpool,38,69
2000-01,MCI,Manchester City,1,0
2000-01,MCI,Manchester City,2,3
2000-01,MCI,Manchester City,3,3
2000-01,MCI,Manchester City,4,6
2000-01,MCI,Manchester City,5,6
2000-01,MCI,Manchester City,6,7
2000-01,MCI,Manchester City,7,8
2000-01,MCI,Manchester City,8,8
2000-01,MCI,Manchester City,9,11
2000-01,MCI,Manchester City,10,14
2000-01,MCI,Manchester City,11,14
2000-01,MCI,Manchester City,12,14
2000-01,MCI,Manchester City,13,14
2000-01,MCI,Manchester City,14,14
2000-01,MCI,Manchester City,15,14
2000-01,MCI,Manchester City,16,14
2000-01,MCI,Manchester City,17,17
2000-01,MCI,Manchester City,18,18
2000-01,MCI,Manchester City,19,18
2000-01,MCI,Manchester City,20,19
2000-01,MCI,Manchester City,21,19
2000-01,MCI,Manchester City,22,20
2000-01,MCI,Manchester City,23,20
2000-01,MCI,Manchester City,24,21
2000-01,MCI,Manchester City,25,22
2000-01,MCI,Manchester City,26,23
2000-01,MCI,Manchester City,27,23
2000-01,MCI,Manchester City,28,26
2000-01,MCI,Manchester City,29,26
2000-01,MCI,Manchester City,30,27
2000-01,MCI,Manchester City,31,27
2000-01,MCI,Manchester City,32,27
2000-01,MCI,Manchester City,33,27
2000-01,MCI,Manchester City,34,30
2000-01,MCI,Manchester City,35,31
2000-01,MCI,Manchester City,36,34
2000-01,MCI,Manchester City,37,34
2000-01,MCI,Manchester City,38,34
2000-01,MID,Middlesbrough,1,3
2000-01,MID,Middlesbrough,2,4
2000-01,MID,Middlesbrough,3,4
2000-01,MID,Middlesbrough,4,5
2000-01,MID,Middlesbrough,5,5
2000-01,MID,Middlesbrough,6,6
2000-01,MID,Middlesbrough,7,7
2000-01,MID,Middlesbrough,8,10
2000-01,MID,Middlesbrough,9,10
2000-01,MID,Middlesbrough,10,10
2000-01,MID,Middlesbrough,11,10
2000-01,MID,Middlesbrough,12,10
2000-01,MID,Middlesbrough,13,10
2000-01,MID,Middlesbrough,14,10
2000-01,MID,Middlesbrough,15,11
2000-01,MID,Middlesbrough,16,11
2000-01,MID,Middlesbrough,17,11
2000-01,MID,Middlesbrough,18,14
2000-01,MID,Middlesbrough,19,15
2000-01,MID,Middlesbrough,20,18
2000-01,MID,Middlesbrough,21,19
2000-01,MID,Middlesbrough,22,20
2000-01,MID,Middlesbrough,23,23
2000-01,MID,Middlesbrough,24,24
2000-01,MID,Middlesbrough,25,25
2000-01,MID,Middlesbrough,26,26
2000-01,MID,Middlesbrough,27,27
2000-01,MID,Middlesbrough,28,27
2000-01,MID,Middlesbrough,29,28
2000-01,MID,Middlesbrough,30,31
2000-01,MID,Middlesbrough,31,31
2000-01,MID,Middlesbrough,32,32
2000-01,MID,Middlesbrough,33,35
2000-01,MID,Middlesbrough,34,35
2000-01,MID,Middlesbrough,35,38
2000-01,MID,Middlesbrough,36,38
2000-01,MID,Middlesbrough,37,39
2000-01,MID,Middlesbrough,38,42
2000-01,MUN,Manchester United,1,3
2000-01,MUN,Manchester United,2,4
2000-01,MUN,Manchester United,3,5
2000-01,MUN,Manchester United,4,8
2000-01,MUN,Manchester United,5,11
2000-01,MUN,Manchester United,6,14
2000-01,MUN,Manchester United,7,15
2000-01,MUN,Manchester United,8,15
2000-01,MUN,Manchester United,9,18
2000-01,MUN,Manchester United,10,21
2000-01,MUN,Manchester United,11,24
2000-01,MUN,Manchester United,12,27
2000-01,MUN,Manchester United,13,30
2000-01,MUN,Manchester United,14,33
2000-01,MUN,Manchester United,15,36
2000-01,MUN,Manchester United,16,39
2000-01,MUN,Manchester United,17,40
2000-01,MUN,Manchester United,18,40
2000-01,MUN,Manchester United,19,43
2000-01,MUN,Manchester United,20,46
2000-01,MUN,Manchester United,21,47
2000-01,MUN,Manchester United,22,50
2000-01,MUN,Manchester United,23,53
2000-01,MUN,Manchester United,24,56
2000-01,MUN,Manchester United,25,59
2000-01,MUN,Manchester United,26,62
2000-01,MUN,Manchester United,27,63
2000-01,MUN,Manchester United,28,66
2000-01,MUN,Manchester United,29,67
2000-01,MUN,Manchester United,30,70
2000-01,MUN,Manchester United,31,70
2000-01,MUN,Manchester United,32,73
2000-01,MUN,Manchester United,33,76
2000-01,MUN,Manchester United,34,77
2000-01,MUN,Manchester United,35,80
2000-01,MUN,Manchester United,36,80
2000-01,MUN,Manchester United,37,80
2000-01,MUN,Manchester United,38,80
2000-01,NEW,Newcastle United,1,0
2000-01,NEW,Newcastle United,2,3
2000-01,NEW,Newcastle United,3,6
2000-01,NEW,Newcastle United,4,9
2000-01,NEW,Newcastle United,5,10
2000-01,NEW,Newcastle United,6,10
2000-01,NEW,Newcastle United,7,10
2000-01,NEW,Newcastle United,8,13
2000-01,NEW,Newcastle United,9,16
2000-01,NEW,Newcastle United,10,16
2000-01,NEW,Newcastle United,11,16
2000-01,NEW,Newcastle United,12,19
2000-01,NEW,Newcastle United,13,20
2000-01,NEW,Newcastle United,14,20
2000-01,NEW,Newcastle United,15,23
2000-01,NEW,Newcastle United,16,24
2000-01,NEW,Newcastle United,17,24
2000-01,NEW,Newcastle United,18,27
2000-01,NEW,Newcastle United,19,27
2000-01,NEW,Newcastle United,20,30
2000-01,NEW,Newcastle United,21,31
2000-01,NEW,Newcastle United,22,31
2000-01,NEW,Newcastle United,23,34
2000-01,NEW,Newcastle United,24,37
2000-01,NEW,Newcastle United,25,37
2000-01,NEW,Newcastle United,26,37
2000-01,NEW,Newcastle United,27,37
2000-01,NEW,Newcastle United,28,38
2000-01,NEW,Newcastle United,29,38
2000-01,NEW,Newcastle United,30,39
2000-01,NEW,Newcastle United,31,39
2000-01,NEW,Newcastle United,32,42
2000-01,NEW,Newcastle United,33,43
2000-01,NEW,Newcastle United,34,46
2000-01,NEW,Newcastle United,35,47
2000-01,NEW,Newcastle United,36,47
2000-01,NEW,Newcastle United,37,48
2000-01,NEW,Newcastle United,38,51
2000-01,SOU,Southampton,1,1
2000-01,SOU,Southampton,2,1
2000-01,SOU,Southampton,3,2
2000-01,SOU,Southampton,4,3
2000-01,SOU,Southampton,5,3
2000-01,SOU,Southampton,6,6
2000-01,SOU,Southampton,7,9
2000-01,SOU,Southampton,8,9
2000-01,SOU,Southampton,9,10
2000-01,SOU,Southampton,10,10
2000-01,SOU,Southampton,11,10
2000-01,SOU,Southampton,12,13
2000-01,SOU,Southampton,13,14
2000-01,SOU,Southampton,14,17
2000-01,SOU,Southampton,15,17
2000-01,SOU,Southampton,16,17
2000-01,SOU,Southampton,17,20
2000-01,SOU,Southampton,18,20
2000-01,SOU,Southampton,19,21
2000-01,SOU,Southampton,20,24
2000-01,SOU,Southampton,21,27
2000-01,SOU,Southampton,22,27
2000-01,SOU,Southampton,23,28
2000-01,SOU,Southampton,24,29
2000-01,SOU,Southampton,25,32
2000-01,SOU,Southampton,26,35
2000-01,SOU,Southampton,27,38
2000-01,SOU,Southampton,28,41
2000-01,SOU,Southampton,29,44
2000-01,SOU,Southampton,30,44
2000-01,SOU,Southampton,31,44
2000-01,SOU,Southampton,32,44
2000-01,SOU,Southampton,33,45
2000-01,SOU,Southampton,34,45
2000-01,SOU,Southampton,35,46
2000-01,SOU,Southampton,36,46
2000-01,SOU,Southampton,37,49
2000-01,SOU,Southampton,38,52
2000-01,SUN,Sunderland,1,3
2000-01,SUN,Sunderland,2,3
2000-01,SUN,Sunderland,3,3
2000-01,SUN,Sunderland,4,4
2000-01,SUN,Sunderland,5,4
2000-01,SUN,Sunderland,6,7
2000-01,SUN,Sunderland,7,8
2000-01,SUN,Sunderland,8,9
2000-01,SUN,Sunderland,9,12
2000-01,SUN,Sunderland,10,13
2000-01,SUN,Sunderland,11,16
2000-01,SUN,Sunderland,12,16
2000-01,SUN,Sunderland,13,17
2000-01,SUN,Sunderland,14,20
2000-01,SUN,Sunderland,15,23
2000-01,SUN,Sunderland,16,26
2000-01,SUN,Sunderland,17,29
2000-01,SUN,Sunderland,18,29
2000-01,SUN,Sunderland,19,32
2000-01,SUN,Sunderland,20,35
2000-01,SUN,Sunderland,21,36
2000-01,SUN,Sunderland,22,39
2000-01,SUN,Sunderland,23,42
2000-01,SUN,Sunderland,24,43
2000-01,SUN,Sunderland,25,43
2000-01,SUN,Sunderland,26,43
2000-01,SUN,Sunderland,27,44
2000-01,SUN,Sunderland,28,44
2000-01,SUN,Sunderland,29,45
2000-01,SUN,Sunderland,30,48
2000-01,SUN,Sunderland,31,48
2000-01,SUN,Sunderland,32,49
2000-01,SUN,Sunderland,33,49
2000-01,SUN,Sunderland,34,49
2000-01,SUN,Sunderland,35,50
2000-01,SUN,Sunderland,36,53
2000-01,SUN,Sunderland,37,56
2000-01,SUN,Sunderland,38,57
2000-01,TOT,Tottenham Hotspur,1,3
2000-01,TOT,Tottenham Hotspur,2,4
2000-01,TOT,Tottenham Hotspur,3,4
2000-01,TOT,Tottenham Hotspur,4,7
2000-01,TOT,Tottenham Hotspur,5,10
2000-01,TOT,Tottenham Hotspur,6,10
2000-01,TOT,Tottenham Hotspur,7,11
2000-01,TOT,Tottenham Hotspur,8,11
2000-01,TOT,Tottenham Hotspur,9,11
2000-01,TOT,Tottenham Hotspur,10,14
2000-01,TOT,Tottenham Hotspur,11,14
2000-01,TOT,Tottenham Hotspur,12,17
2000-01,TOT,Tottenham Hotspur,13,17
2000-01,TOT,Tottenham Hotspur,14,20
2000-01,TOT,Tottenham Hotspur,15,23
2000-01,TOT,Tottenham Hotspur,16,23
2000-01,TOT,Tottenham Hotspur,17,24
2000-01,TOT,Tottenham Hotspur,18,25
2000-01,TOT,Tottenham Hotspur,19,26
2000-01,TOT,Tottenham Hotspur,20,26
2000-01,TOT,Tottenham Hotspur,21,26
2000-01,TOT,Tottenham Hotspur,22,29
2000-01,TOT,Tottenham Hotspur,23,30
2000-01,TOT,Tottenham Hotspur,24,31
2000-01,TOT,Tottenham Hotspur,25,32
2000-01,TOT,Tottenham Hotspur,26,33
2000-01,TOT,Tottenham Hotspur,27,36
2000-01,TOT,Tottenham Hotspur,28,36
2000-01,TOT,Tottenham Hotspur,29,36
2000-01,TOT,Tottenham Hotspur,30,39
2000-01,TOT,Tottenham Hotspur,31,39
2000-01,TOT,Tottenham Hotspur,32,42
2000-01,TOT,Tottenham Hotspur,33,45
2000-01,TOT,Tottenham Hotspur,34,45
2000-01,TOT,Tottenham Hotspur,35,45
2000-01,TOT,Tottenham Hotspur,36,46
2000-01,TOT,Tottenham Hotspur,37,46
2000-01,TOT,Tottenham Hotspur,38,49
2000-01,WHU,West Ham United,1,0
2000-01,WHU,West Ham United,2,0
2000-01,WHU,West Ham United,3,1
2000-01,WHU,West Ham United,4,2
2000-01,WHU,West Ham United,5,2
2000-01,WHU,West Ham United,6,3
2000-01,WHU,West Ham United,7,6
2000-01,WHU,West Ham United,8,7
2000-01,WHU,West Ham United,9,8
2000-01,WHU,West Ham United,10,8
2000-01,WHU,West Ham United,11,11
2000-01,WHU,West Ham United,12,12
2000-01,WHU,West Ham United,13,15
2000-01,WHU,West Ham United,14,18
2000-01,WHU,West Ham United,15,21
2000-01,WHU,West Ham United,16,24
2000-01,WHU,West Ham United,17,25
2000-01,WHU,West Ham United,18,26
2000-01,WHU,West Ham United,19,26
2000-01,WHU,West Ham United,20,29
2000-01,WHU,West Ham United,21,29
2000-01,WHU,West Ham United,22,29
2000-01,WHU,West Ham United,23,30
2000-01,WHU,West Ham United,24,31
2000-01,WHU,West Ham United,25,31
2000-01,WHU,West Ham United,26,32
2000-01,WHU,West Ham United,27,35
2000-01,WHU,West Ham United,28,35
2000-01,WHU,West Ham United,29,35
2000-01,WHU,West Ham United,30,35
2000-01,WHU,West Ham United,31,35
2000-01,WHU,West Ham United,32,36
2000-01,WHU,West Ham United,33,39
2000-01,WHU,West Ham United,34,39
2000-01,WHU,West Ham United,35,39
2000-01,WHU,West Ham United,36,39
2000-01,WHU,West Ham United,37,42
2000-01,WHU,West Ham United,38,42
2001-02,ARS,Arsenal,1,3
2001-02,ARS,Arsenal,2,3
2001-02,ARS,Arsenal,3,6
2001-02,ARS,Arsenal,4,7
2001-02,ARS,Arsenal,5,10
2001-02,ARS,Arsenal,6,11
2001-02,ARS,Arsenal,7,14
2001-02,ARS,Arsenal,8,17
2001-02,ARS,Arsenal,9,18
2001-02,ARS,Arsenal,10,19
2001-02,ARS,Arsenal,11,19
2001-02,ARS,Arsenal,12,20
2001-02,ARS,Arsenal,13,23
2001-02,ARS,Arsenal,14,26
2001-02,ARS,Arsenal,15,29
2001-02,ARS,Arsenal,16,30
2001-02,ARS,Arsenal,17,30
2001-02,ARS,Arsenal,18,33
2001-02,ARS,Arsenal,19,36
2001-02,ARS,Arsenal,20,39
2001-02,ARS,Arsenal,21,40
2001-02,ARS,Arsenal,22,41
2001-02,ARS,Arsenal,23,44
2001-02,ARS,Arsenal,24,47
2001-02,ARS,Arsenal,25,48
2001-02,ARS,Arsenal,26,51
2001-02,ARS,Arsenal,27,54
2001-02,ARS,Arsenal,28,57
2001-02,ARS,Arsenal,29,60
2001-02,ARS,Arsenal,30,63
2001-02,ARS,Arsenal,31,66
2001-02,ARS,Arsenal,32,69
2001-02,ARS,Arsenal,33,72
2001-02,ARS,Arsenal,34,75
2001-02,ARS,Arsenal,35,78
2001-02,ARS,Arsenal,36,81
2001-02,ARS,Arsenal,37,84
2001-02,ARS,Arsenal,38,87
2001-02,AVL,Aston Villa,1,1
2001-02,AVL,Aston Villa,2,2
2001-02,AVL,Aston Villa,3,5
2001-02,AVL,Aston Villa,4,6
2001-02,AVL,Aston Villa,5,9
2001-02,AVL,Aston Villa,6,12
2001-02,AVL,Aston Villa,7,15
2001-02,AVL,Aston Villa,8,15
2001-02,AVL,Aston Villa,9,18
2001-02,AVL,Aston Villa,10,21
2001-02,AVL,Aston Villa,11,21
2001-02,AVL,Aston Villa,12,22
2001-02,AVL,Aston Villa,13,23
2001-02,AVL,Aston Villa,14,23
2001-02,AVL,Aston Villa,15,24
2001-02,AVL,Aston Villa,16,24
2001-02,AVL,Aston Villa,17,27
2001-02,AVL,Aston Villa,18,27
2001-02,AVL,Aston Villa,19,27
2001-02,AVL,Aston Villa,20,28
2001-02,AVL,Aston Villa,21,29
2001-02,AVL,Aston Villa,22,32
2001-02,AVL,Aston Villa,23,35
2001-02,AVL,Aston Villa,24,36
2001-02,AVL,Aston Villa,25,37
2001-02,AVL,Aston Villa,26,38
2001-02,AVL,Aston Villa,27,38
2001-02,AVL,Aston Villa,28,41
2001-02,AVL,Aston Villa,29,41
2001-02,AVL,Aston Villa,30,41
2001-02,AVL,Aston Villa,31,42
2001-02,AVL,Aston Villa,32,42
2001-02,AVL,Aston Villa,33,43
2001-02,AVL,Aston Villa,34,43
2001-02,AVL,Aston Villa,35,43
2001-02,AVL,Aston Villa,36,44
2001-02,AVL,Aston Villa,37,47
2001-02,AVL,Aston Villa,38,50
2001-02,BLA,Blackburn Rovers,1,0
2001-02,BLA,Blackburn Rovers,2,1
2001-02,BLA,Blackburn Rovers,3,4
2001-02,BLA,Blackburn Rovers,4,4
2001-02,BLA,Blackburn Rovers,5,5
2001-02,BLA,Blackburn Rovers,6,6
2001-02,BLA,Blackburn Rovers,7,9
2001-02,BLA,Blackburn Rovers,8,9
2001-02,BLA,Blackburn Rovers,9,12
2001-02,BLA,Blackburn Rovers,10,13
2001-02,BLA,Blackburn Rovers,11,14
2001-02,BLA,Blackburn Rovers,12,17
2001-02,BLA,Blackburn Rovers,13,18
2001-02,BLA,Blackburn Rovers,14,19
2001-02,BLA,Blackburn Rovers,15,19
2001-02,BLA,Blackburn Rovers,16,19
2001-02,BLA,Blackburn Rovers,17,19
2001-02,BLA,Blackburn Rovers,18,22
2001-02,BLA,Blackburn Rovers,19,22
2001-02,BLA,Blackburn Rovers,20,22
2001-02,BLA,Blackburn Rovers,21,22
2001-02,BLA,Blackburn Rovers,22,25
2001-02,BLA,Blackburn Rovers,23,25
2001-02,BLA,Blackburn Rovers,24,25
2001-02,BLA,Blackburn Rovers,25,25
2001-02,BLA,Blackburn Rovers,26,25
2001-02,BLA,Blackburn Rovers,27,26
2001-02,BLA,Blackburn Rovers,28,29
2001-02,BLA,Blackburn Rovers,29,32
2001-02,BLA,Blackburn Rovers,30,32
2001-02,BLA,Blackburn Rovers,31,32
2001-02,BLA,Blackburn Rovers,32,35
2001-02,BLA,Blackburn Rovers,33,36
2001-02,BLA,Blackburn Rovers,34,39
2001-02,BLA,Blackburn Rovers,35,40
2001-02,BLA,Blackburn Rovers,36,43
2001-02,BLA,Blackburn Rovers,37,43
2001-02,BLA,Blackburn Rovers,38,46
2001-02,BOL,Bolton Wanderers,1,3
2001-02,BOL,Bolton Wanderers,2,6
2001-02,BOL,Bolton Wanderers,3,9
2001-02,BOL,Bolton Wanderers,4,10
2001-02,BOL,Bolton Wanderers,5,10
2001-02,BOL,Bolton Wanderers,6,11
2001-02,BOL,Bolton Wanderers,7,12
2001-02,BOL,Bolton Wanderers,8,12
2001-02,BOL,Bolton Wanderers,9,12
2001-02,BOL,Bolton Wanderers,10,15
2001-02,BOL,Bolton Wanderers,11,15
2001-02,BOL,Bolton Wanderers,12,16
2001-02,BOL,Bolton Wanderers,13,19
2001-02,BOL,Bolton Wanderers,14,20
2001-02,BOL,Bolton Wanderers,15,20
2001-02,BOL,Bolton Wanderers,16,20
2001-02,BOL,Bolton Wanderers,17,21
2001-02,BOL,Bolton Wanderers,18,21
2001-02,BOL,Bolton Wanderers,19,21
2001-02,BOL,Bolton Wanderers,20,22
2001-02,BOL,Bolton Wanderers,21,23
2001-02,BOL,Bolton Wanderers,22,24
2001-02,BOL,Bolton Wanderers,23,25
2001-02,BOL,Bolton Wanderers,24,25
2001-02,BOL,Bolton Wanderers,25,25
2001-02,BOL,Bolton Wanderers,26,28
2001-02,BOL,Bolton Wanderers,27,29
2001-02,BOL,Bolton Wanderers,28,30
2001-02,BOL,Bolton Wanderers,29,30
2001-02,BOL,Bolton Wanderers,30,30
2001-02,BOL,Bolton Wanderers,31,33
2001-02,BOL,Bolton Wanderers,32,36
2001-02,BOL,Bolton Wanderers,33,36
2001-02,BOL,Bolton Wanderers,34,39
2001-02,BOL,Bolton Wanderers,35,40
2001-02,BOL,Bolton Wanderers,36,40
2001-02,BOL,Bolton Wanderers,37,40
2001-02,BOL,Bolton Wanderers,38,40
2001-02,CHA,Charlton Athletic,1,0
2001-02,CHA,Charlton Athletic,2,3
2001-02,CHA,Charlton Athletic,3,4
2001-02,CHA,Charlton Athletic,4,4
2001-02,CHA,Charlton Athletic,5,5
2001-02,CHA,Charlton Athletic,6,8
2001-02,CHA,Charlton Athletic,7,9
2001-02,CHA,Charlton Athletic,8,10
2001-02,CHA,Charlton Athletic,9,10
2001-02,CHA,Charlton Athletic,10,10
2001-02,CHA,Charlton Athletic,11,13
2001-02,CHA,Charlton Athletic,12,14
2001-02,CHA,Charlton Athletic,13,14
2001-02,CHA,Charlton Athletic,14,15
2001-02,CHA,Charlton Athletic,15,18
2001-02,CHA,Charlton Athletic,16,21
2001-02,CHA,Charlton Athletic,17,22
2001-02,CHA,Charlton Athletic,18,22
2001-02,CHA,Charlton Athletic,19,23
2001-02,CHA,Charlton Athletic,20,26
2001-02,CHA,Charlton Athletic,21,29
2001-02,CHA,Charlton Athletic,22,29
2001-02,CHA,Charlton Athletic,23,29
2001-02,CHA,Charlton Athletic,24,32
2001-02,CHA,Charlton Athletic,25,33
2001-02,CHA,Charlton Athletic,26,33
2001-02,CHA,Charlton Athletic,27,34
2001-02,CHA,Charlton Athletic,28,37
2001-02,CHA,Charlton Athletic,29,38
2001-02,CHA,Charlton Athletic,30,41
2001-02,CHA,Charlton Athletic,31,41
2001-02,CHA,Charlton Athletic,32,41
2001-02,CHA,Charlton Athletic,33,41
2001-02,CHA,Charlton Athletic,34,41
2001-02,CHA,Charlton Athletic,35,42
2001-02,CHA,Charlton Athletic,36,42
2001-02,CHA,Charlton Athletic,37,43
2001-02,CHA,Charlton Athletic,38,44
2001-02,CHE,Chelsea,1,1
2001-02,CHE,Chelsea,2,4
2001-02,CHE,Chelsea,3,5
2001-02,CHE,Chelsea,4,8
2001-02,CHE,Chelsea,5,9
2001-02,CHE,Chelsea,6,10
2001-02,CHE,Chelsea,7,13
2001-02,CHE,Chelsea,8,14
2001-02,CHE,Chelsea,9,14
2001-02,CHE,Chelsea,10,15
2001-02,CHE,Chelsea,11,18
2001-02,CHE,Chelsea,12,19
2001-02,CHE,Chelsea,13,20
2001-02,CHE,Chelsea,14,23
2001-02,CHE,Chelsea,15,23
2001-02,CHE,Chelsea,16,24
2001-02,CHE,Chelsea,17,27
2001-02,CHE,Chelsea,18,30
2001-02,CHE,Chelsea,19,30
2001-02,CHE,Chelsea,20,33
2001-02,CHE,Chelsea,21,33
2001-02,CHE,Chelsea,22,34
2001-02,CHE,Chelsea,23,37
2001-02,CHE,Chelsea,24,40
2001-02,CHE,Chelsea,25,43
2001-02,CHE,Chelsea,26,44
2001-02,CHE,Chelsea,27,44
2001-02,CHE,Chelsea,28,47
2001-02,CHE,Chelsea,29,50
2001-02,CHE,Chelsea,30,53
2001-02,CHE,Chelsea,31,53
2001-02,CHE,Chelsea,32,56
2001-02,CHE,Chelsea,33,57
2001-02,CHE,Chelsea,34,60
2001-02,CHE,Chelsea,35,61
2001-02,CHE,Chelsea,36,61
2001-02,CHE,Chelsea,37,64
2001-02,CHE,Chelsea,38,64
2001-02,DER,Derby County,1,3
2001-02,DER,Derby County,2,3
2001-02,DER,Derby County,3,4
2001-02,DER,Derby County,4,5
2001-02,DER,Derby County,5,5
2001-02,DER,Derby County,6,5
2001-02,DER,Derby County,7,5
2001-02,DER,Derby County,8,5
2001-02,DER,Derby County,9,6
2001-02,DER,Derby County,10,7
2001-02,DER,Derby County,11,7
2001-02,DER,Derby County,12,10
2001-02,DER,Derby County,13,10
2001-02,DER,Derby County,14,10
2001-02,DER,Derby County,15,13
2001-02,DER,Derby County,16,13
2001-02,DER,Derby County,17,13
2001-02,DER,Derby County,18,16
2001-02,DER,Derby County,19,16
2001-02,DER,Derby County,20,19
2001-02,DER,Derby County,21,19
2001-02,DER,Derby County,22,19
2001-02,DER,Derby County,23,19
2001-02,DER,Derby County,24,19
2001-02,DER,Derby County,25,22
2001-02,DER,Derby County,26,22
2001-02,DER,Derby County,27,25
2001-02,DER,Derby County,28,26
2001-02,DER,Derby County,29,26
2001-02,DER,Derby County,30,29
2001-02,DER,Derby County,31,29
2001-02,DER,Derby County,32,29
2001-02,DER,Derby County,33,29
2001-02,DER,Derby County,34,29
2001-02,DER,Derby County,35,29
2001-02,DER,Derby County,36,29
2001-02,DER,Derby County,37,29
2001-02,DER,Derby County,38,30
2001-02,EVE,Everton,1,3
2001-02,EVE,Everton,2,4
2001-02,EVE,Everton,3,7
2001-02,EVE,Everton,4,7
2001-02,EVE,Everton,5,7
2001-02,EVE,Everton,6,7
2001-02,EVE,Everton,7,10
2001-02,EVE,Everton,8,11
2001-02,EVE,Everton,9,14
2001-02,EVE,Everton,10,14
2001-02,EVE,Everton,11,15
2001-02,EVE,Everton,12,16
2001-02,EVE,Everton,13,17
2001-02,EVE,Everton,14,20
2001-02,EVE,Everton,15,20
2001-02,EVE,Everton,16,23
2001-02,EVE,Everton,17,23
2001-02,EVE,Everton,18,23
2001-02,EVE,Everton,19,23
2001-02,EVE,Everton,20,23
2001-02,EVE,Everton,21,23
2001-02,EVE,Everton,22,26
2001-02,EVE,Everton,23,27
2001-02,EVE,Everton,24,28
2001-02,EVE,Everton,25,28
2001-02,EVE,Everton,26,28
2001-02,EVE,Everton,27,29
2001-02,EVE,Everton,28,30
2001-02,EVE,Everton,29,30
2001-02,EVE,Everton,30,33
2001-02,EVE,Everton,31,36
2001-02,EVE,Everton,32,36
2001-02,EVE,Everton,33,39
2001-02,EVE,Everton,34,39
2001-02,EVE,Everton,35,40
2001-02,EVE,Everton,36,43
2001-02,EVE,Everton,37,43
2001-02,EVE,Everton,38,43
2001-02,FUL,Fulham,1,0
2001-02,FUL,Fulham,2,3
2001-02,FUL,Fulham,3,4
2001-02,FUL,Fulham,4,5
2001-02,FUL,Fulham,5,5
2001-02,FUL,Fulham,6,6
2001-02,FUL,Fulham,7,7
2001-02,FUL,Fulham,8,7
2001-02,FUL,Fulham,9,8
2001-02,FUL,Fulham,10,11
2001-02,FUL,Fulham,11,14
2001-02,FUL,Fulham,12,17
2001-02,FUL,Fulham,13,18
2001-02,FUL,Fulham,14,19
2001-02,FUL,Fulham,15,22
2001-02,FUL,Fulham,16,23
2001-02,FUL,Fulham,17,23
2001-02,FUL,Fulham,18,24
2001-02,FUL,Fulham,19,24
2001-02,FUL,Fulham,20,27
2001-02,FUL,Fulham,21,30
2001-02,FUL,Fulham,22,31
2001-02,FUL,Fulham,23,31
2001-02,FUL,Fulham,24,32
2001-02,FUL,Fulham,25,35
2001-02,FUL,Fulham,26,35
2001-02,FUL,Fulham,27,35
2001-02,FUL,Fulham,28,35
2001-02,FUL,Fulham,29,35
2001-02,FUL,Fulham,30,35
2001-02,FUL,Fulham,31,35
2001-02,FUL,Fulham,32,36
2001-02,FUL,Fulham,33,36
2001-02,FUL,Fulham,34,37
2001-02,FUL,Fulham,35,40
2001-02,FUL,Fulham,36,43
2001-02,FUL,Fulham,37,44
2001-02,FUL,Fulham,38,44
2001-02,IPS,Ipswich Town,1,0
2001-02,IPS,Ipswich Town,2,3
2001-02,IPS,Ipswich Town,3,3
2001-02,IPS,Ipswich Town,4,4
2001-02,IPS,Ipswich Town,5,5
2001-02,IPS,Ipswich Town,6,5
2001-02,IPS,Ipswich Town,7,5
2001-02,IPS,Ipswich Town,8,6
2001-02,IPS,Ipswich Town,9,7
2001-02,IPS,Ipswich Town,10,8
2001-02,IPS,Ipswich Town,11,8
2001-02,IPS,Ipswich Town,12,8
2001-02,IPS,Ipswich Town,13,8
2001-02,IPS,Ipswich Town,14,9
2001-02,IPS,Ipswich Town,15,9
2001-02,IPS,Ipswich Town,16,9
2001-02,IPS,Ipswich Town,17,9
2001-02,IPS,Ipswich Town,18,12
2001-02,IPS,Ipswich Town,19,15
2001-02,IPS,Ipswich Town,20,18
2001-02,IPS,Ipswich Town,21,18
2001-02,IPS,Ipswich Town,22,21
2001-02,IPS,Ipswich Town,23,24
2001-02,IPS,Ipswich Town,24,27
2001-02,IPS,Ipswich Town,25,30
2001-02,IPS,Ipswich Town,26,30
2001-02,IPS,Ipswich Town,27,30
2001-02,IPS,Ipswich Town,28,30
2001-02,IPS,Ipswich Town,29,30
2001-02,IPS,Ipswich Town,30,31
2001-02,IPS,Ipswich Town,31,32
2001-02,IPS,Ipswich Town,32,32
2001-02,IPS,Ipswich Town,33,33
2001-02,IPS,Ipswich Town,34,33
2001-02,IPS,Ipswich Town,35,33
2001-02,IPS,Ipswich Town,36,36
2001-02,IPS,Ipswich Town,37,36
2001-02,IPS,Ipswich Town,38,36
2001-02,LEE,Leeds United,1,3
2001-02,LEE,Leeds United,2,6
2001-02,LEE,Leeds United,3,7
2001-02,LEE,Leeds United,4,8
2001-02,LEE,Leeds United,5,11
2001-02,LEE,Leeds United,6,14
2001-02,LEE,Leeds United,7,17
2001-02,LEE,Leeds United,8,18
2001-02,LEE,Leeds United,9,19
2001-02,LEE,Leeds United,10,20
2001-02,LEE,Leeds United,11,23
2001-02,LEE,Leeds United,12,23
2001-02,LEE,Leeds United,13,24
2001-02,LEE,Leeds United,14,25
2001-02,LEE,Leeds United,15,28
2001-02,LEE,Leeds United,16,29
2001-02,LEE,Leeds United,17,32
2001-02,LEE,Leeds United,18,32
2001-02,LEE,Leeds United,19,35
2001-02,LEE,Leeds United,20,38
2001-02,LEE,Leeds United,21,41
2001-02,LEE,Leeds United,22,41
2001-02,LEE,Leeds United,23,42
2001-02,LEE,Leeds United,24,42
2001-02,LEE,Leeds United,25,42
2001-02,LEE,Leeds United,26,43
2001-02,LEE,Leeds United,27,44
2001-02,LEE,Leeds United,28,45
2001-02,LEE,Leeds United,29,48
2001-02,LEE,Leeds United,30,51
2001-02,LEE,Leeds United,31,54
2001-02,LEE,Leeds United,32,54
2001-02,LEE,Leeds United,33,54
2001-02,LEE,Leeds United,34,57
2001-02,LEE,Leeds United,35,60
2001-02,LEE,Leeds United,36,60
2001-02,LEE,Leeds United,37,63
2001-02,LEE,Leeds United,38,66
2001-02,LEI,Leicester City,1,0
2001-02,LEI,Leicester City,2,0
2001-02,LEI,Leicester City,3,1
2001-02,LEI,Leicester City,4,4
2001-02,LEI,Leicester City,5,4
2001-02,LEI,Leicester City,6,5
2001-02,LEI,Leicester City,7,5
2001-02,LEI,Leicester City,8,5
2001-02,LEI,Leicester City,9,5
2001-02,LEI,Leicester City,10,5
2001-02,LEI,Leicester City,11,6
2001-02,LEI,Leicester City,12,9
2001-02,LEI,Leicester City,13,9
2001-02,LEI,Leicester City,14,10
2001-02,LEI,Leicester City,15,13
2001-02,LEI,Leicester City,16,13
2001-02,LEI,Leicester City,17,14
2001-02,LEI,Leicester City,18,15
2001-02,LEI,Leicester City,19,15
2001-02,LEI,Leicester City,20,16
2001-02,LEI,Leicester City,21,16
2001-02,LEI,Leicester City,22,17
2001-02,LEI,Leicester City,23,17
2001-02,LEI,Leicester City,24,17
2001-02,LEI,Leicester City,25,17
2001-02,LEI,Leicester City,26,17
2001-02,LEI,Leicester City,27,17
2001-02,LEI,Leicester City,28,17
2001-02,LEI,Leicester City,29,18
2001-02,LEI,Leicester City,30,19
2001-02,LEI,Leicester City,31,19
2001-02,LEI,Leicester City,32,22
2001-02,LEI,Leicester City,33,22
2001-02,LEI,Leicester City,34,22
2001-02,LEI,Leicester City,35,23
2001-02,LEI,Leicester City,36,24
2001-02,LEI,Leicester City,37,25
2001-02,LEI,Leicester City,38,28
2001-02,LIV,Liverpool,1,3
2001-02,LIV,Liverpool,2,3
2001-02,LIV,Liverpool,3,3
2001-02,LIV,Liverpool,4,6
2001-02,LIV,Liverpool,5,9
2001-02,LIV,Liverpool,6,12
2001-02,LIV,Liverpool,7,13
2001-02,LIV,Liverpool,8,16
2001-02,LIV,Liverpool,9,19
2001-02,LIV,Liverpool,10,22
2001-02,LIV,Liverpool,11,23
2001-02,LIV,Liverpool,12,26
2001-02,LIV,Liverpool,13,29
2001-02,LIV,Liverpool,14,32
2001-02,LIV,Liverpool,15,33
2001-02,LIV,Liverpool,16,33
2001-02,LIV,Liverpool,17,33
2001-02,LIV,Liverpool,18,36
2001-02,LIV,Liverpool,19,37
2001-02,LIV,Liverpool,20,38
2001-02,LIV,Liverpool,21,38
2001-02,LIV,Liverpool,22,39
2001-02,LIV,Liverpool,23,40
2001-02,LIV,Liverpool,24,43
2001-02,LIV,Liverpool,25,46
2001-02,LIV,Liverpool,26,49
2001-02,LIV,Liverpool,27,52
2001-02,LIV,Liverpool,28,53
2001-02,LIV,Liverpool,29,56
2001-02,LIV,Liverpool,30,59
2001-02,LIV,Liverpool,31,62
2001-02,LIV,Liverpool,32,65
2001-02,LIV,Liverpool,33,68
2001-02,LIV,Liverpool,34,71
2001-02,LIV,Liverpool,35,74
2001-02,LIV,Liverpool,36,74
2001-02,LIV,Liverpool,37,77
2001-02,LIV,Liverpool,38,80
2001-02,MID,Middlesbrough,1,0
2001-02,MID,Middlesbrough,2,0
2001-02,MID,Middlesbrough,3,0
2001-02,MID,Middlesbrough,4,0
2001-02,MID,Middlesbrough,5,3
2001-02,MID,Middlesbrough,6,6
2001-02,MID,Middlesbrough,7,7
2001-02,MID,Middlesbrough,8,7
2001-02,MID,Middlesbrough,9,8
2001-02,MID,Middlesbrough,10,11
2001-02,MID,Middlesbrough,11,11
2001-02,MID,Middlesbrough,12,14
2001-02,MID,Middlesbrough,13,15
2001-02,MID,Middlesbrough,14,16
2001-02,MID,Middlesbrough,15,19
2001-02,MID,Middlesbrough,16,19
2001-02,MID,Middlesbrough,17,19
2001-02,MID,Middlesbrough,18,19
2001-02,MID,Middlesbrough,19,19
2001-02,MID,Middlesbrough,20,22
2001-02,MID,Middlesbrough,21,22
2001-02,MID,Middlesbrough,22,23
2001-02,MID,Middlesbrough,23,26
2001-02,MID,Middlesbrough,24,27
2001-02,MID,Middlesbrough,25,28
2001-02,MID,Middlesbrough,26,31
2001-02,MID,Middlesbrough,27,31
2001-02,MID,Middlesbrough,28,34
2001-02,MID,Middlesbrough,29,35
2001-02,MID,Middlesbrough,30,35
2001-02,MID,Middlesbrough,31,38
2001-02,MID,Middlesbrough,32,39
2001-02,MID,Middlesbrough,33,42
2001-02,MID,Middlesbrough,34,45
2001-02,MID,Middlesbrough,35,45
2001-02,MID,Middlesbrough,36,45
2001-02,MID,Middlesbrough,37,45
2001-02,MID,Middlesbrough,38,45
2001-02,MUN,Manchester United,1,3
2001-02,MUN,Manchester United,2,4
2001-02,MUN,Manchester United,3,5
2001-02,MUN,Manchester United,4,8
2001-02,MUN,Manchester United,5,8
2001-02,MUN,Manchester United,6,11
2001-02,MUN,Manchester United,7,14
2001-02,MUN,Manchester United,8,17
2001-02,MUN,Manchester United,9,17
2001-02,MUN,Manchester United,10,18
2001-02,MUN,Manchester United,11,18
2001-02,MUN,Manchester United,12,21
2001-02,MUN,Manchester United,13,21
2001-02,MUN,Manchester United,14,21
2001-02,MUN,Manchester United,15,21
2001-02,MUN,Manchester United,16,24
2001-02,MUN,Manchester United,17,27
2001-02,MUN,Manchester United,18,30
2001-02,MUN,Manchester United,19,33
2001-02,MUN,Manchester United,20,36
2001-02,MUN,Manchester United,21,39
2001-02,MUN,Manchester United,22,42
2001-02,MUN,Manchester United,23,45
2001-02,MUN,Manchester United,24,45
2001-02,MUN,Manchester United,25,48
2001-02,MUN,Manchester United,26,51
2001-02,MUN,Manchester United,27,54
2001-02,MUN,Manchester United,28,57
2001-02,MUN,Manchester United,29,58
2001-02,MUN,Manchester United,30,61
2001-02,MUN,Manchester United,31,64
2001-02,MUN,Manchester United,32,64
2001-02,MUN,Manchester United,33,67
2001-02,MUN,Manchester United,34,70
2001-02,MUN,Manchester United,35,73
2001-02,MUN,Manchester United,36,76
2001-02,MUN,Manchester United,37,76
2001-02,MUN,Manchester United,38,77
2001-02,NEW,Newcastle United,1,1
2001-02,NEW,Newcastle United,2,2
2001-02,NEW,Newcastle United,3,5
2001-02,NEW,Newcastle United,4,8
2001-02,NEW,Newcastle United,5,8
2001-02,NEW,Newcastle United,6,11
2001-02,NEW,Newcastle United,7,11
2001-02,NEW,Newcastle United,8,14
2001-02,NEW,Newcastle United,9,14
2001-02,NEW,Newcastle United,10,17
2001-02,NEW,Newcastle United,11,20
2001-02,NEW,Newcastle United,12,20
2001-02,NEW,Newcastle United,13,23
2001-02,NEW,Newcastle United,14,24
2001-02,NEW,Newcastle United,15,27
2001-02,NEW,Newcastle United,16,30
2001-02,NEW,Newcastle United,17,33
2001-02,NEW,Newcastle United,18,36
2001-02,NEW,Newcastle United,19,39
2001-02,NEW,Newcastle United,20,39
2001-02,NEW,Newcastle United,21,39
2001-02,NEW,Newcastle United,22,42
2001-02,NEW,Newcastle United,23,43
2001-02,NEW,Newcastle United,24,46
2001-02,NEW,Newcastle United,25,49
2001-02,NEW,Newcastle United,26,52
2001-02,NEW,Newcastle United,27,55
2001-02,NEW,Newcastle United,28,55
2001-02,NEW,Newcastle United,29,55
2001-02,NEW,Newcastle United,30,56
2001-02,NEW,Newcastle United,31,59
2001-02,NEW,Newcastle United,32,60
2001-02,NEW,Newcastle United,33,61
2001-02,NEW,Newcastle United,34,64
2001-02,NEW,Newcastle United,35,67
2001-02,NEW,Newcastle United,36,68
2001-02,NEW,Newcastle United,37,71
2001-02,NEW,Newcastle United,38,71
2001-02,SOU,Southampton,1,0
2001-02,SOU,Southampton,2,0
2001-02,SOU,Southampton,3,0
2001-02,SOU,Southampton,4,3
2001-02,SOU,Southampton,5,3
2001-02,SOU,Southampton,6,6
2001-02,SOU,Southampton,7,6
2001-02,SOU,Southampton,8,6
2001-02,SOU,Southampton,9,7
2001-02,SOU,Southampton,10,7
2001-02,SOU,Southampton,11,7
2001-02,SOU,Southampton,12,7
2001-02,SOU,Southampton,13,10
2001-02,SOU,Southampton,14,10
2001-02,SOU,Southampton,15,13
2001-02,SOU,Southampton,16,16
2001-02,SOU,Southampton,17,16
2001-02,SOU,Southampton,18,19
2001-02,SOU,Southampton,19,19
2001-02,SOU,Southampton,20,22
2001-02,SOU,Southampton,21,25
2001-02,SOU,Southampton,22,25
2001-02,SOU,Southampton,23,26
2001-02,SOU,Southampton,24,29
2001-02,SOU,Southampton,25,30
2001-02,SOU,Southampton,26,30
2001-02,SOU,Southampton,27,31
2001-02,SOU,Southampton,28,34
2001-02,SOU,Southampton,29,35
2001-02,SOU,Southampton,30,36
2001-02,SOU,Southampton,31,37
2001-02,SOU,Southampton,32,38
2001-02,SOU,Southampton,33,38
2001-02,SOU,Southampton,34,41
2001-02,SOU,Southampton,35,42
2001-02,SOU,Southampton,36,42
2001-02,SOU,Southampton,37,42
2001-02,SOU,Southampton,38,45
2001-02,SUN,Sunderland,1,3
2001-02,SUN,Sunderland,2,3
2001-02,SUN,Sunderland,3,4
2001-02,SUN,Sunderland,4,7
2001-02,SUN,Sunderland,5,8
2001-02,SUN,Sunderland,6,8
2001-02,SUN,Sunderland,7,9
2001-02,SUN,Sunderland,8,12
2001-02,SUN,Sunderland,9,12
2001-02,SUN,Sunderland,10,12
2001-02,SUN,Sunderland,11,13
2001-02,SUN,Sunderland,12,13
2001-02,SUN,Sunderland,13,16
2001-02,SUN,Sunderland,14,16
2001-02,SUN,Sunderland,15,19
2001-02,SUN,Sunderland,16,20
2001-02,SUN,Sunderland,17,20
2001-02,SUN,Sunderland,18,23
2001-02,SUN,Sunderland,19,26
2001-02,SUN,Sunderland,20,26
2001-02,SUN,Sunderland,21,27
2001-02,SUN,Sunderland,22,27
2001-02,SUN,Sunderland,23,28
2001-02,SUN,Sunderland,24,28
2001-02,SUN,Sunderland,25,28
2001-02,SUN,Sunderland,26,31
2001-02,SUN,Sunderland,27,31
2001-02,SUN,Sunderland,28,31
2001-02,SUN,Sunderland,29,34
2001-02,SUN,Sunderland,30,34
2001-02,SUN,Sunderland,31,35
2001-02,SUN,Sunderland,32,35
2001-02,SUN,Sunderland,33,38
2001-02,SUN,Sunderland,34,38
2001-02,SUN,Sunderland,35,38
2001-02,SUN,Sunderland,36,38
2001-02,SUN,Sunderland,37,39
2001-02,SUN,Sunderland,38,40
2001-02,TOT,Tottenham Hotspur,1,1
2001-02,TOT,Tottenham Hotspur,2,2
2001-02,TOT,Tottenham Hotspur,3,2
2001-02,TOT,Tottenham Hotspur,4,5
2001-02,TOT,Tottenham Hotspur,5,5
2001-02,TOT,Tottenham Hotspur,6,8
2001-02,TOT,Tottenham Hotspur,7,8
2001-02,TOT,Tottenham Hotspur,8,8
2001-02,TOT,Tottenham Hotspur,9,11
2001-02,TOT,Tottenham Hotspur,10,14
2001-02,TOT,Tottenham Hotspur,11,17
2001-02,TOT,Tottenham Hotspur,12,17
2001-02,TOT,Tottenham Hotspur,13,18
2001-02,TOT,Tottenham Hotspur,14,21
2001-02,TOT,Tottenham Hotspur,15,24
2001-02,TOT,Tottenham Hotspur,16,24
2001-02,TOT,Tottenham Hotspur,17,27
2001-02,TOT,Tottenham Hotspur,18,27
2001-02,TOT,Tottenham Hotspur,19,27
2001-02,TOT,Tottenham Hotspur,20,28
2001-02,TOT,Tottenham Hotspur,21,31
2001-02,TOT,Tottenham Hotspur,22,31
2001-02,TOT,Tottenham Hotspur,23,32
2001-02,TOT,Tottenham Hotspur,24,32
2001-02,TOT,Tottenham Hotspur,25,32
2001-02,TOT,Tottenham Hotspur,26,35
2001-02,TOT,Tottenham Hotspur,27,38
2001-02,TOT,Tottenham Hotspur,28,38
2001-02,TOT,Tottenham Hotspur,29,38
2001-02,TOT,Tottenham Hotspur,30,38
2001-02,TOT,Tottenham Hotspur,31,41
2001-02,TOT,Tottenham Hotspur,32,42
2001-02,TOT,Tottenham Hotspur,33,45
2001-02,TOT,Tottenham Hotspur,34,45
2001-02,TOT,Tottenham Hotspur,35,46
2001-02,TOT,Tottenham Hotspur,36,47
2001-02,TOT,Tottenham Hotspur,37,50
2001-02,TOT,Tottenham Hotspur,38,50
2001-02,WHU,West Ham United,1,0
2001-02,WHU,West Ham United,2,1
2001-02,WHU,West Ham United,3,2
2001-02,WHU,West Ham United,4,2
2001-02,WHU,West Ham United,5,5
2001-02,WHU,West Ham United,6,5
2001-02,WHU,West Ham United,7,5
2001-02,WHU,West Ham United,8,8
2001-02,WHU,West Ham United,9,11
2001-02,WHU,West Ham United,10,14
2001-02,WHU,West Ham United,11,14
2001-02,WHU,West Ham United,12,15
2001-02,WHU,West Ham United,13,15
2001-02,WHU,West Ham United,14,15
2001-02,WHU,West Ham United,15,16
2001-02,WHU,West Ham United,16,19
2001-02,WHU,West Ham United,17,20
2001-02,WHU,West Ham United,18,21
2001-02,WHU,West Ham United,19,24
2001-02,WHU,West Ham United,20,25
2001-02,WHU,West Ham United,21,25
2001-02,WHU,West Ham United,22,28
2001-02,WHU,West Ham United,23,28
2001-02,WHU,West Ham United,24,28
2001-02,WHU,West Ham United,25,31
2001-02,WHU,West Ham United,26,31
2001-02,WHU,West Ham United,27,34
2001-02,WHU,West Ham United,28,34
2001-02,WHU,West Ham United,29,37
2001-02,WHU,West Ham United,30,37
2001-02,WHU,West Ham United,31,40
2001-02,WHU,West Ham United,32,43
2001-02,WHU,West Ham United,33,46
2001-02,WHU,West Ham United,34,47
2001-02,WHU,West Ham United,35,50
2001-02,WHU,West Ham United,36,50
2001-02,WHU,West Ham United,37,50
2001-02,WHU,West Ham United,38,53
2002-03,ARS,Arsenal,1,3
2002-03,ARS,Arsenal,2,4
2002-03,ARS,Arsenal,3,7
2002-03,ARS,Arsenal,4,8
2002-03,ARS,Arsenal,5,11
2002-03,ARS,Arsenal,6,14
2002-03,ARS,Arsenal,7,17
2002-03,ARS,Arsenal,8,20
2002-03,ARS,Arsenal,9,23
2002-03,ARS,Arsenal,10,23
2002-03,ARS,Arsenal,11,23
2002-03,ARS,Arsenal,12,26
2002-03,ARS,Arsenal,13,29
2002-03,ARS,Arsenal,14,32
2002-03,ARS,Arsenal,15,32
2002-03,ARS,Arsenal,16,35
2002-03,ARS,Arsenal,17,35
2002-03,ARS,Arsenal,18,36
2002-03,ARS,Arsenal,19,39
2002-03,ARS,Arsenal,20,42
2002-03,ARS,Arsenal,21,43
2002-03,ARS,Arsenal,22,46
2002-03,ARS,Arsenal,23,49
2002-03,ARS,Arsenal,24,52
2002-03,ARS,Arsenal,25,53
2002-03,ARS,Arsenal,26,56
2002-03,ARS,Arsenal,27,57
2002-03,ARS,Arsenal,28,60
2002-03,ARS,Arsenal,29,63
2002-03,ARS,Arsenal,30,63
2002-03,ARS,Arsenal,31,66
2002-03,ARS,Arsenal,32,67
2002-03,ARS,Arsenal,33,68
2002-03,ARS,Arsenal,34,71
2002-03,ARS,Arsenal,35,72
2002-03,ARS,Arsenal,36,72
2002-03,ARS,Arsenal,37,75
2002-03,ARS,Arsenal,38,78
2002-03,AVL,Aston Villa,1,0
2002-03,AVL,Aston Villa,2,0
2002-03,AVL,Aston Villa,3,3
2002-03,AVL,Aston Villa,4,3
2002-03,AVL,Aston Villa,5,6
2002-03,AVL,Aston Villa,6,6
2002-03,AVL,Aston Villa,7,9
2002-03,AVL,Aston Villa,8,9
2002-03,AVL,Aston Villa,9,10
2002-03,AVL,Aston Villa,10,10
2002-03,AVL,Aston Villa,11,11
2002-03,AVL,Aston Villa,12,12
2002-03,AVL,Aston Villa,13,15
2002-03,AVL,Aston Villa,14,16
2002-03,AVL,Aston Villa,15,19
2002-03,AVL,Aston Villa,16,19
2002-03,AVL,Aston Villa,17,19
2002-03,AVL,Aston Villa,18,22
2002-03,AVL,Aston Villa,19,22
2002-03,AVL,Aston Villa,20,22
2002-03,AVL,Aston Villa,21,25
2002-03,AVL,Aston Villa,22,28
2002-03,AVL,Aston Villa,23,29
2002-03,AVL,Aston Villa,24,29
2002-03,AVL,Aston Villa,25,32
2002-03,AVL,Aston Villa,26,35
2002-03,AVL,Aston Villa,27,35
2002-03,AVL,Aston Villa,28,35
2002-03,AVL,Aston Villa,29,35
2002-03,AVL,Aston Villa,30,35
2002-03,AVL,Aston Villa,31,36
2002-03,AVL,Aston Villa,32,37
2002-03,AVL,Aston Villa,33,38
2002-03,AVL,Aston Villa,34,41
2002-03,AVL,Aston Villa,35,42
2002-03,AVL,Aston Villa,36,42
2002-03,AVL,Aston Villa,37,45
2002-03,AVL,Aston Villa,38,45
2002-03,BIR,Birmingham City,1,0
2002-03,BIR,Birmingham City,2,0
2002-03,BIR,Birmingham City,3,1
2002-03,BIR,Birmingham City,4,4
2002-03,BIR,Birmingham City,5,5
2002-03,BIR,Birmingham City,6,8
2002-03,BIR,Birmingham City,7,8
2002-03,BIR,Birmingham City,8,8
2002-03,BIR,Birmingham City,9,11
2002-03,BIR,Birmingham City,10,12
2002-03,BIR,Birmingham City,11,12
2002-03,BIR,Birmingham City,12,15
2002-03,BIR,Birmingham City,13,15
2002-03,BIR,Birmingham City,14,16
2002-03,BIR,Birmingham City,15,19
2002-03,BIR,Birmingham City,16,20
2002-03,BIR,Birmingham City,17,20
2002-03,BIR,Birmingham City,18,23
2002-03,BIR,Birmingham City,19,24
2002-03,BIR,Birmingham City,20,25
2002-03,BIR,Birmingham City,21,25
2002-03,BIR,Birmingham City,22,25
2002-03,BIR,Birmingham City,23,25
2002-03,BIR,Birmingham City,24,26
2002-03,BIR,Birmingham City,25,26
2002-03,BIR,Birmingham City,26,26
2002-03,BIR,Birmingham City,27,26
2002-03,BIR,Birmingham City,28,29
2002-03,BIR,Birmingham City,29,32
2002-03,BIR,Birmingham City,30,32
2002-03,BIR,Birmingham City,31,35
2002-03,BIR,Birmingham City,32,35
2002-03,BIR,Birmingham City,33,38
2002-03,BIR,Birmingham City,34,41
2002-03,BIR,Birmingham City,35,44
2002-03,BIR,Birmingham City,36,47
2002-03,BIR,Birmingham City,37,47
2002-03,BIR,Birmingham City,38,48
2002-03,BLA,Blackburn Rovers,1,1
2002-03,BLA,Blackburn Rovers,2,4
2002-03,BLA,Blackburn Rovers,3,5
2002-03,BLA,Blackburn Rovers,4,5
2002-03,BLA,Blackburn Rovers,5,5
2002-03,BLA,Blackburn Rovers,6,6
2002-03,BLA,Blackburn Rovers,7,9
2002-03,BLA,Blackburn Rovers,8,12
2002-03,BLA,Blackburn Rovers,9,12
2002-03,BLA,Blackburn Rovers,10,15
2002-03,BLA,Blackburn Rovers,11,18
2002-03,BLA,Blackburn Rovers,12,19
2002-03,BLA,Blackburn Rovers,13,20
2002-03,BLA,Blackburn Rovers,14,20
2002-03,BLA,Blackburn Rovers,15,20
2002-03,BLA,Blackburn Rovers,16,23
2002-03,BLA,Blackburn Rovers,17,24
2002-03,BLA,Blackburn Rovers,18,24
2002-03,BLA,Blackburn Rovers,19,27
2002-03,BLA,Blackburn Rovers,20,28
2002-03,BLA,Blackburn Rovers,21,29
2002-03,BLA,Blackburn Rovers,22,32
2002-03,BLA,Blackburn Rovers,23,33
2002-03,BLA,Blackburn Rovers,24,34
2002-03,BLA,Blackburn Rovers,25,34
2002-03,BLA,Blackburn Rovers,26,34
2002-03,BLA,Blackburn Rovers,27,37
2002-03,BLA,Blackburn Rovers,28,40
2002-03,BLA,Blackburn Rovers,29,43
2002-03,BLA,Blackburn Rovers,30,46
2002-03,BLA,Blackburn Rovers,31,46
2002-03,BLA,Blackburn Rovers,32,49
2002-03,BLA,Blackburn Rovers,33,52
2002-03,BLA,Blackburn Rovers,34,52
2002-03,BLA,Blackburn Rovers,35,53
2002-03,BLA,Blackburn Rovers,36,56
2002-03,BLA,Blackburn Rovers,37,57
2002-03,BLA,Blackburn Rovers,38,60
2002-03,BOL,Bolton Wanderers,1,0
2002-03,BOL,Bolton Wanderers,2,0
2002-03,BOL,Bolton Wanderers,3,3
2002-03,BOL,Bolton Wanderers,4,6
2002-03,BOL,Bolton Wanderers,5,6
2002-03,BOL,Bolton Wanderers,6,6
2002-03,BOL,Bolton Wanderers,7,7
2002-03,BOL,Bolton Wanderers,8,7
2002-03,BOL,Bolton Wanderers,9,7
2002-03,BOL,Bolton Wanderers,10,8
2002-03,BOL,Bolton Wanderers,11,8
2002-03,BOL,Bolton Wanderers,12,9
2002-03,BOL,Bolton Wanderers,13,12
2002-03,BOL,Bolton Wanderers,14,13
2002-03,BOL,Bolton Wanderers,15,13
2002-03,BOL,Bolton Wanderers,16,14
2002-03,BOL,Bolton Wanderers,17,14
2002-03,BOL,Bolton Wanderers,18,15
2002-03,BOL,Bolton Wanderers,19,18
2002-03,BOL,Bolton Wanderers,20,19
2002-03,BOL,Bolton Wanderers,21,19
2002-03,BOL,Bolton Wanderers,22,20
2002-03,BOL,Bolton Wanderers,23,21
2002-03,BOL,Bolton Wanderers,24,21
2002-03,BOL,Bolton Wanderers,25,21
2002-03,BOL,Bolton Wanderers,26,24
2002-03,BOL,Bolton Wanderers,27,25
2002-03,BOL,Bolton Wanderers,28,26
2002-03,BOL,Bolton Wanderers,29,26
2002-03,BOL,Bolton Wanderers,30,29
2002-03,BOL,Bolton Wanderers,31,32
2002-03,BOL,Bolton Wanderers,32,35
2002-03,BOL,Bolton Wanderers,33,35
2002-03,BOL,Bolton Wanderers,34,38
2002-03,BOL,Bolton Wanderers,35,39
2002-03,BOL,Bolton Wanderers,36,40
2002-03,BOL,Bolton Wanderers,37,41
2002-03,BOL,Bolton Wanderers,38,44
2002-03,CHA,Charlton Athletic,1,0
2002-03,CHA,Charlton Athletic,2,3
2002-03,CHA,Charlton Athletic,3,3
2002-03,CHA,Charlton Athletic,4,6
2002-03,CHA,Charlton Athletic,5,6
2002-03,CHA,Charlton Athletic,6,6
2002-03,CHA,Charlton Athletic,7,7
2002-03,CHA,Charlton Athletic,8,7
2002-03,CHA,Charlton Athletic,9,7
2002-03,CHA,Charlton Athletic,10,10
2002-03,CHA,Charlton Athletic,11,10
2002-03,CHA,Charlton Athletic,12,11
2002-03,CHA,Charlton Athletic,13,11
2002-03,CHA,Charlton Athletic,14,14
2002-03,CHA,Charlton Athletic,15,17
2002-03,CHA,Charlton Athletic,16,20
2002-03,CHA,Charlton Athletic,17,23
2002-03,CHA,Charlton Athletic,18,24
2002-03,CHA,Charlton Athletic,19,25
2002-03,CHA,Charlton Athletic,20,26
2002-03,CHA,Charlton Athletic,21,29
2002-03,CHA,Charlton Athletic,22,29
2002-03,CHA,Charlton Athletic,23,30
2002-03,CHA,Charlton Athletic,24,33
2002-03,CHA,Charlton Athletic,25,36
2002-03,CHA,Charlton Athletic,26,39
2002-03,CHA,Charlton Athletic,27,42
2002-03,CHA,Charlton Athletic,28,45
2002-03,CHA,Charlton Athletic,29,45
2002-03,CHA,Charlton Athletic,30,45
2002-03,CHA,Charlton Athletic,31,46
2002-03,CHA,Charlton Athletic,32,46
2002-03,CHA,Charlton Athletic,33,46
2002-03,CHA,Charlton Athletic,34,46
2002-03,CHA,Charlton Athletic,35,46
2002-03,CHA,Charlton Athletic,36,49
2002-03,CHA,Charlton Athletic,37,49
2002-03,CHA,Charlton Athletic,38,49
2002-03,CHE,Chelsea,1,3
2002-03,CHE,Chelsea,2,4
2002-03,CHE,Chelsea,3,5
2002-03,CHE,Chelsea,4,6
2002-03,CHE,Chelsea,5,9
2002-03,CHE,Chelsea,6,12
2002-03,CHE,Chelsea,7,13
2002-03,CHE,Chelsea,8,13
2002-03,CHE,Chelsea,9,13
2002-03,CHE,Chelsea,10,16
2002-03,CHE,Chelsea,11,19
2002-03,CHE,Chelsea,12,20
2002-03,CHE,Chelsea,13,23
2002-03,CHE,Chelsea,14,26
2002-03,CHE,Chelsea,15,27
2002-03,CHE,Chelsea,16,30
2002-03,CHE,Chelsea,17,33
2002-03,CHE,Chelsea,18,34
2002-03,CHE,Chelsea,19,37
2002-03,CHE,Chelsea,20,38
2002-03,CHE,Chelsea,21,38
2002-03,CHE,Chelsea,22,38
2002-03,CHE,Chelsea,23,41
2002-03,CHE,Chelsea,24,41
2002-03,CHE,Chelsea,25,44
2002-03,CHE,Chelsea,26,45
2002-03,CHE,Chelsea,27,48
2002-03,CHE,Chelsea,28,48
2002-03,CHE,Chelsea,29,48
2002-03,CHE,Chelsea,30,51
2002-03,CHE,Chelsea,31,54
2002-03,CHE,Chelsea,32,57
2002-03,CHE,Chelsea,33,60
2002-03,CHE,Chelsea,34,60
2002-03,CHE,Chelsea,35,63
2002-03,CHE,Chelsea,36,64
2002-03,CHE,Chelsea,37,64
2002-03,CHE,Chelsea,38,67
2002-03,EVE,Everton,1,1
2002-03,EVE,Everton,2,4
2002-03,EVE,Everton,3,5
2002-03,EVE,Everton,4,5
2002-03,EVE,Everton,5,5
2002-03,EVE,Everton,6,8
2002-03,EVE,Everton,7,8
2002-03,EVE,Everton,8,11
2002-03,EVE,Everton,9,11
2002-03,EVE,Everton,10,14
2002-03,EVE,Everton,11,17
2002-03,EVE,Everton,12,20
2002-03,EVE,Everton,13,23
2002-03,EVE,Everton,14,26
2002-03,EVE,Everton,15,29
2002-03,EVE,Everton,16,29
2002-03,EVE,Everton,17,29
2002-03,EVE,Everton,18,32
2002-03,EVE,Everton,19,33
2002-03,EVE,Everton,20,34
2002-03,EVE,Everton,21,35
2002-03,EVE,Everton,22,36
2002-03,EVE,Everton,23,36
2002-03,EVE,Everton,24,39
2002-03,EVE,Everton,25,42
2002-03,EVE,Everton,26,45
2002-03,EVE,Everton,27,45
2002-03,EVE,Everton,28,48
2002-03,EVE,Everton,29,49
2002-03,EVE,Everton,30,50
2002-03,EVE,Everton,31,50
2002-03,EVE,Everton,32,53
2002-03,EVE,Everton,33,56
2002-03,EVE,Everton,34,56
2002-03,EVE,Everton,35,56
2002-03,EVE,Everton,36,59
2002-03,EVE,Everton,37,59
2002-03,EVE,Everton,38,59
2002-03,FUL,Fulham,1,3
2002-03,FUL,Fulham,2,4
2002-03,FUL,Fulham,3,4
2002-03,FUL,Fulham,4,7
2002-03,FUL,Fulham,5,10
2002-03,FUL,Fulham,6,11
2002-03,FUL,Fulham,7,11
2002-03,FUL,Fulham,8,14
2002-03,FUL,Fulham,9,15
2002-03,FUL,Fulham,10,15
2002-03,FUL,Fulham,11,15
2002-03,FUL,Fulham,12,15
2002-03,FUL,Fulham,13,15
2002-03,FUL,Fulham,14,16
2002-03,FUL,Fulham,15,19
2002-03,FUL,Fulham,16,19
2002-03,FUL,Fulham,17,22
2002-03,FUL,Fulham,18,22
2002-03,FUL,Fulham,19,22
2002-03,FUL,Fulham,20,23
2002-03,FUL,Fulham,21,23
2002-03,FUL,Fulham,22,24
2002-03,FUL,Fulham,23,27
2002-03,FUL,Fulham,24,27
2002-03,FUL,Fulham,25,27
2002-03,FUL,Fulham,26,30
2002-03,FUL,Fulham,27,33
2002-03,FUL,Fulham,28,34
2002-03,FUL,Fulham,29,37
2002-03,FUL,Fulham,30,38
2002-03,FUL,Fulham,31,38
2002-03,FUL,Fulham,32,38
2002-03,FUL,Fulham,33,38
2002-03,FUL,Fulham,34,41
2002-03,FUL,Fulham,35,41
2002-03,FUL,Fulham,36,42
2002-03,FUL,Fulham,37,45
2002-03,FUL,Fulham,38,48
2002-03,LEE,Leeds United,1,3
2002-03,LEE,Leeds United,2,6
2002-03,LEE,Leeds United,3,6
2002-03,LEE,Leeds United,4,6
2002-03,LEE,Leeds United,5,9
2002-03,LEE,Leeds United,6,12
2002-03,LEE,Leeds United,7,12
2002-03,LEE,Leeds United,8,12
2002-03,LEE,Leeds United,9,13
2002-03,LEE,Leeds United,10,13
2002-03,LEE,Leeds United,11,14
2002-03,LEE,Leeds United,12,14
2002-03,LEE,Leeds United,13,17
2002-03,LEE,Leeds United,14,17
2002-03,LEE,Leeds United,15,17
2002-03,LEE,Leeds United,16,17
2002-03,LEE,Leeds United,17,17
2002-03,LEE,Leeds United,18,20
2002-03,LEE,Leeds United,19,21
2002-03,LEE,Leeds United,20,24
2002-03,LEE,Leeds United,21,27
2002-03,LEE,Leeds United,22,30
2002-03,LEE,Leeds United,23,30
2002-03,LEE,Leeds United,24,31
2002-03,LEE,Leeds United,25,31
2002-03,LEE,Leeds United,26,31
2002-03,LEE,Leeds United,27,34
2002-03,LEE,Leeds United,28,34
2002-03,LEE,Leeds United,29,34
2002-03,LEE,Leeds United,30,34
2002-03,LEE,Leeds United,31,34
2002-03,LEE,Leeds United,32,37
2002-03,LEE,Leeds United,33,38
2002-03,LEE,Leeds United,34,38
2002-03,LEE,Leeds United,35,41
2002-03,LEE,Leeds United,36,41
2002-03,LEE,Leeds United,37,44
2002-03,LEE,Leeds United,38,47
2002-03,LIV,Liverpool,1,3
2002-03,LIV,Liverpool,2,6
2002-03,LIV,Liverpool,3,7
2002-03,LIV,Liverpool,4,8
2002-03,LIV,Liverpool,5,9
2002-03,LIV,Liverpool,6,12
2002-03,LIV,Liverpool,7,15
2002-03,LIV,Liverpool,8,18
2002-03,LIV,Liverpool,9,21
2002-03,LIV,Liverpool,10,24
2002-03,LIV,Liverpool,11,27
2002-03,LIV,Liverpool,12,30
2002-03,LIV,Liverpool,13,30
2002-03,LIV,Liverpool,14,31
2002-03,LIV,Liverpool,15,31
2002-03,LIV,Liverpool,16,31
2002-03,LIV,Liverpool,17,31
2002-03,LIV,Liverpool,18,31
2002-03,LIV,Liverpool,19,32
2002-03,LIV,Liverpool,20,33
2002-03,LIV,Liverpool,21,34
2002-03,LIV,Liverpool,22,34
2002-03,LIV,Liverpool,23,35
2002-03,LIV,Liverpool,24,38
2002-03,LIV,Liverpool,25,39
2002-03,LIV,Liverpool,26,42
2002-03,LIV,Liverpool,27,43
2002-03,LIV,Liverpool,28,43
2002-03,LIV,Liverpool,29,46
2002-03,LIV,Liverpool,30,49
2002-03,LIV,Liverpool,31,52
2002-03,LIV,Liverpool,32,52
2002-03,LIV,Liverpool,33,55
2002-03,LIV,Liverpool,34,58
2002-03,LIV,Liverpool,35,61
2002-03,LIV,Liverpool,36,64
2002-03,LIV,Liverpool,37,64
2002-03,LIV,Liverpool,38,64
2002-03,MCI,Manchester City,1,0
2002-03,MCI,Manchester City,2,3
2002-03,MCI,Manchester City,3,3
2002-03,MCI,Manchester City,4,6
2002-03,MCI,Manchester City,5,6
2002-03,MCI,Manchester City,6,7
2002-03,MCI,Manchester City,7,8
2002-03,MCI,Manchester City,8,8
2002-03,MCI,Manchester City,9,8
2002-03,MCI,Manchester City,10,8
2002-03,MCI,Manchester City,11,11
2002-03,MCI,Manchester City,12,14
2002-03,MCI,Manchester City,13,17
2002-03,MCI,Manchester City,14,17
2002-03,MCI,Manchester City,15,17
2002-03,MCI,Manchester City,16,20
2002-03,MCI,Manchester City,17,23
2002-03,MCI,Manchester City,18,24
2002-03,MCI,Manchester City,19,24
2002-03,MCI,Manchester City,20,27
2002-03,MCI,Manchester City,21,30
2002-03,MCI,Manchester City,22,31
2002-03,MCI,Manchester City,23,34
2002-03,MCI,Manchester City,24,34
2002-03,MCI,Manchester City,25,37
2002-03,MCI,Manchester City,26,37
2002-03,MCI,Manchester City,27,38
2002-03,MCI,Manchester City,28,38
2002-03,MCI,Manchester City,29,38
2002-03,MCI,Manchester City,30,41
2002-03,MCI,Manchester City,31,41
2002-03,MCI,Manchester City,32,41
2002-03,MCI,Manchester City,33,42
2002-03,MCI,Manchester City,34,45
2002-03,MCI,Manchester City,35,48
2002-03,MCI,Manchester City,36,48
2002-03,MCI,Manchester City,37,51
2002-03,MCI,Manchester City,38,51
2002-03,MID,Middlesbrough,1,1
2002-03,MID,Middlesbrough,2,2
2002-03,MID,Middlesbrough,3,5
2002-03,MID,Middlesbrough,4,5
2002-03,MID,Middlesbrough,5,8
2002-03,MID,Middlesbrough,6,8
2002-03,MID,Middlesbrough,7,11
2002-03,MID,Middlesbrough,8,14
2002-03,MID,Middlesbrough,9,17
2002-03,MID,Middlesbrough,10,17
2002-03,MID,Middlesbrough,11,18
2002-03,MID,Middlesbrough,12,18
2002-03,MID,Middlesbrough,13,21
2002-03,MID,Middlesbrough,14,21
2002-03,MID,Middlesbrough,15,24
2002-03,MID,Middlesbrough,16,24
2002-03,MID,Middlesbrough,17,25
2002-03,MID,Middlesbrough,18,26
2002-03,MID,Middlesbrough,19,26
2002-03,MID,Middlesbrough,20,29
2002-03,MID,Middlesbrough,21,29
2002-03,MID,Middlesbrough,22,29
2002-03,MID,Middlesbrough,23,30
2002-03,MID,Middlesbrough,24,30
2002-03,MID,Middlesbrough,25,30
2002-03,MID,Middlesbrough,26,31
2002-03,MID,Middlesbrough,27,34
2002-03,MID,Middlesbrough,28,35
2002-03,MID,Middlesbrough,29,38
2002-03,MID,Middlesbrough,30,41
2002-03,MID,Middlesbrough,31,42
2002-03,MID,Middlesbrough,32,45
2002-03,MID,Middlesbrough,33,46
2002-03,MID,Middlesbrough,34,46
2002-03,MID,Middlesbrough,35,46
2002-03,MID,Middlesbrough,36,46
2002-03,MID,Middlesbrough,37,49
2002-03,MID,Middlesbrough,38,49
2002-03,MUN,Manchester United,1,3
2002-03,MUN,Manchester United,2,4
2002-03,MUN,Manchester United,3,5
2002-03,MUN,Manchester United,4,8
2002-03,MUN,Manchester United,5,8
2002-03,MUN,Manchester United,6,8
2002-03,MUN,Manchester United,7,11
2002-03,MUN,Manchester United,8,14
2002-03,MUN,Manchester United,9,17
2002-03,MUN,Manchester United,10,18
2002-03,MUN,Manchester United,11,19
2002-03,MUN,Manchester United,12,22
2002-03,MUN,Manchester United,13,22
2002-03,MUN,Manchester United,14,23
2002-03,MUN,Manchester United,15,26
2002-03,MUN,Manchester United,16,29
2002-03,MUN,Manchester United,17,32
2002-03,MUN,Manchester United,18,35
2002-03,MUN,Manchester United,19,35
2002-03,MUN,Manchester United,20,35
2002-03,MUN,Manchester United,21,38
2002-03,MUN,Manchester United,22,41
2002-03,MUN,Manchester United,23,44
2002-03,MUN,Manchester United,24,47
2002-03,MUN,Manchester United,25,50
2002-03,MUN,Manchester United,26,53
2002-03,MUN,Manchester United,27,54
2002-03,MUN,Manchester United,28,55
2002-03,MUN,Manchester United,29,58
2002-03,MUN,Manchester United,30,61
2002-03,MUN,Manchester United,31,64
2002-03,MUN,Manchester United,32,67
2002-03,MUN,Manchester United,33,70
2002-03,MUN,Manchester United,34,71
2002-03,MUN,Manchester United,35,74
2002-03,MUN,Manchester United,36,77
2002-03,MUN,Manchester United,37,80
2002-03,MUN,Manchester United,38,83
2002-03,NEW,Newcastle United,1,3
2002-03,NEW,Newcastle United,2,3
2002-03,NEW,Newcastle United,3,4
2002-03,NEW,Newcastle United,4,4
2002-03,NEW,Newcastle United,5,4
2002-03,NEW,Newcastle United,6,7
2002-03,NEW,Newcastle United,7,10
2002-03,NEW,Newcastle United,8,13
2002-03,NEW,Newcastle United,9,13
2002-03,NEW,Newcastle United,10,16
2002-03,NEW,Newcastle United,11,19
2002-03,NEW,Newcastle United,12,19
2002-03,NEW,Newcastle United,13,22
2002-03,NEW,Newcastle United,14,22
2002-03,NEW,Newcastle United,15,25
2002-03,NEW,Newcastle United,16,28
2002-03,NEW,Newcastle United,17,29
2002-03,NEW,Newcastle United,18,32
2002-03,NEW,Newcastle United,19,32
2002-03,NEW,Newcastle United,20,35
2002-03,NEW,Newcastle United,21,38
2002-03,NEW,Newcastle United,22,39
2002-03,NEW,Newcastle United,23,42
2002-03,NEW,Newcastle United,24,45
2002-03,NEW,Newcastle United,25,48
2002-03,NEW,Newcastle United,26,49
2002-03,NEW,Newcastle United,27,52
2002-03,NEW,Newcastle United,28,55
2002-03,NEW,Newcastle United,29,55
2002-03,NEW,Newcastle United,30,58
2002-03,NEW,Newcastle United,31,61
2002-03,NEW,Newcastle United,32,61
2002-03,NEW,Newcastle United,33,61
2002-03,NEW,Newcastle United,34,61
2002-03,NEW,Newcastle United,35,62
2002-03,NEW,Newcastle United,36,65
2002-03,NEW,Newcastle United,37,68
2002-03,NEW,Newcastle United,38,69
2002-03,SOU,Southampton,1,1
2002-03,SOU,Southampton,2,1
2002-03,SOU,Southampton,3,2
2002-03,SOU,Southampton,4,2
2002-03,SOU,Southampton,5,5
2002-03,SOU,Southampton,6,5
2002-03,SOU,Southampton,7,6
2002-03,SOU,Southampton,8,7
2002-03,SOU,Southampton,9,10
2002-03,SOU,Southampton,10,13
2002-03,SOU,Southampton,11,16
2002-03,SOU,Southampton,12,16
2002-03,SOU,Southampton,13,17
2002-03,SOU,Southampton,14,17
2002-03,SOU,Southampton,15,20
2002-03,SOU,Southampton,16,23
2002-03,SOU,Southampton,17,26
2002-03,SOU,Southampton,18,27
2002-03,SOU,Southampton,19,28
2002-03,SOU,Southampton,20,29
2002-03,SOU,Southampton,21,32
2002-03,SOU,Southampton,22,35
2002-03,SOU,Southampton,23,36
2002-03,SOU,Southampton,24,36
2002-03,SOU,Southampton,25,39
2002-03,SOU,Southampton,26,39
2002-03,SOU,Southampton,27,39
2002-03,SOU,Southampton,28,39
2002-03,SOU,Southampton,29,42
2002-03,SOU,Southampton,30,43
2002-03,SOU,Southampton,31,44
2002-03,SOU,Southampton,32,45
2002-03,SOU,Southampton,33,48
2002-03,SOU,Southampton,34,48
2002-03,SOU,Southampton,35,48
2002-03,SOU,Southampton,36,49
2002-03,SOU,Southampton,37,49
2002-03,SOU,Southampton,38,52
2002-03,SUN,Sunderland,1,1
2002-03,SUN,Sunderland,2,1
2002-03,SUN,Sunderland,3,4
2002-03,SUN,Sunderland,4,5
2002-03,SUN,Sunderland,5,5
2002-03,SUN,Sunderland,6,5
2002-03,SUN,Sunderland,7,5
2002-03,SUN,Sunderland,8,8
2002-03,SUN,Sunderland,9,8
2002-03,SUN,Sunderland,10,8
2002-03,SUN,Sunderland,11,9
2002-03,SUN,Sunderland,12,10
2002-03,SUN,Sunderland,13,13
2002-03,SUN,Sunderland,14,14
2002-03,SUN,Sunderland,15,14
2002-03,SUN,Sunderland,16,14
2002-03,SUN,Sunderland,17,14
2002-03,SUN,Sunderland,18,17
2002-03,SUN,Sunderland,19,18
2002-03,SUN,Sunderland,20,18
2002-03,SUN,Sunderland,21,18
2002-03,SUN,Sunderland,22,18
2002-03,SUN,Sunderland,23,19
2002-03,SUN,Sunderland,24,19
2002-03,SUN,Sunderland,25,19
2002-03,SUN,Sunderland,26,19
2002-03,SUN,Sunderland,27,19
2002-03,SUN,Sunderland,28,19
2002-03,SUN,Sunderland,29,19
2002-03,SUN,Sunderland,30,19
2002-03,SUN,Sunderland,31,19
2002-03,SUN,Sunderland,32,19
2002-03,SUN,Sunderland,33,19
2002-03,SUN,Sunderland,34,19
2002-03,SUN,Sunderland,35,19
2002-03,SUN,Sunderland,36,19
2002-03,SUN,Sunderland,37,19
2002-03,SUN,Sunderland,38,19
2002-03,TOT,Tottenham Hotspur,1,1
2002-03,TOT,Tottenham Hotspur,2,4
2002-03,TOT,Tottenham Hotspur,3,7
2002-03,TOT,Tottenham Hotspur,4,10
2002-03,TOT,Tottenham Hotspur,5,10
2002-03,TOT,Tottenham Hotspur,6,13
2002-03,TOT,Tottenham Hotspur,7,13
2002-03,TOT,Tottenham Hotspur,8,13
2002-03,TOT,Tottenham Hotspur,9,16
2002-03,TOT,Tottenham Hotspur,10,19
2002-03,TOT,Tottenham Hotspur,11,19
2002-03,TOT,Tottenham Hotspur,12,20
2002-03,TOT,Tottenham Hotspur,13,20
2002-03,TOT,Tottenham Hotspur,14,20
2002-03,TOT,Tottenham Hotspur,15,23
2002-03,TOT,Tottenham Hotspur,16,24
2002-03,TOT,Tottenham Hotspur,17,27
2002-03,TOT,Tottenham Hotspur,18,28
2002-03,TOT,Tottenham Hotspur,19,31
2002-03,TOT,Tottenham Hotspur,20,32
2002-03,TOT,Tottenham Hotspur,21,32
2002-03,TOT,Tottenham Hotspur,22,32
2002-03,TOT,Tottenham Hotspur,23,35
2002-03,TOT,Tottenham Hotspur,24,38
2002-03,TOT,Tottenham Hotspur,25,38
2002-03,TOT,Tottenham Hotspur,26,39
2002-03,TOT,Tottenham Hotspur,27,42
2002-03,TOT,Tottenham Hotspur,28,43
2002-03,TOT,Tottenham Hotspur,29,43
2002-03,TOT,Tottenham Hotspur,30,43
2002-03,TOT,Tottenham Hotspur,31,43
2002-03,TOT,Tottenham Hotspur,32,46
2002-03,TOT,Tottenham Hotspur,33,47
2002-03,TOT,Tottenham Hotspur,34,47
2002-03,TOT,Tottenham Hotspur,35,50
2002-03,TOT,Tottenham Hotspur,36,50
2002-03,TOT,Tottenham Hotspur,37,50
2002-03,TOT,Tottenham Hotspur,38,50
2002-03,WBA,West Bromwich Albion,1,0
2002-03,WBA,West Bromwich Albion,2,0
2002-03,WBA,West Bromwich Albion,3,0
2002-03,WBA,West Bromwich Albion,4,3
2002-03,WBA,West Bromwich Albion,5,6
2002-03,WBA,West Bromwich Albion,6,9
2002-03,WBA,West Bromwich Albion,7,9
2002-03,WBA,West Bromwich Albion,8,9
2002-03,WBA,West Bromwich Albion,9,9
2002-03,WBA,West Bromwich Albion,10,10
2002-03,WBA,West Bromwich Albion,11,10
2002-03,WBA,West Bromwich Albion,12,10
2002-03,WBA,West Bromwich Albion,13,11
2002-03,WBA,West Bromwich Albion,14,12
2002-03,WBA,West Bromwich Albion,15,12
2002-03,WBA,West Bromwich Albion,16,15
2002-03,WBA,West Bromwich Albion,17,15
2002-03,WBA,West Bromwich Albion,18,15
2002-03,WBA,West Bromwich Albion,19,16
2002-03,WBA,West Bromwich Albion,20,16
2002-03,WBA,West Bromwich Albion,21,16
2002-03,WBA,West Bromwich Albion,22,16
2002-03,WBA,West Bromwich Albion,23,17
2002-03,WBA,West Bromwich Albion,24,17
2002-03,WBA,West Bromwich Albion,25,20
2002-03,WBA,West Bromwich Albion,26,21
2002-03,WBA,West Bromwich Albion,27,21
2002-03,WBA,West Bromwich Albion,28,21
2002-03,WBA,West Bromwich Albion,29,21
2002-03,WBA,West Bromwich Albion,30,21
2002-03,WBA,West Bromwich Albion,31,21
2002-03,WBA,West Bromwich Albion,32,21
2002-03,WBA,West Bromwich Albion,33,21
2002-03,WBA,West Bromwich Albion,34,24
2002-03,WBA,West Bromwich Albion,35,24
2002-03,WBA,West Bromwich Albion,36,24
2002-03,WBA,West Bromwich Albion,37,25
2002-03,WBA,West Bromwich Albion,38,26
2002-03,WHU,West Ham United,1,0
2002-03,WHU,West Ham United,2,1
2002-03,WHU,West Ham United,3,1
2002-03,WHU,West Ham United,4,1
2002-03,WHU,West Ham United,5,1
2002-03,WHU,West Ham United,6,2
2002-03,WHU,West Ham United,7,5
2002-03,WHU,West Ham United,8,5
2002-03,WHU,West Ham United,9,8
2002-03,WHU,West Ham United,10,11
2002-03,WHU,West Ham United,11,11
2002-03,WHU,West Ham United,12,11
2002-03,WHU,West Ham United,13,11
2002-03,WHU,West Ham United,14,12
2002-03,WHU,West Ham United,15,12
2002-03,WHU,West Ham United,16,12
2002-03,WHU,West Ham United,17,13
2002-03,WHU,West Ham United,18,13
2002-03,WHU,West Ham United,19,14
2002-03,WHU,West Ham United,20,15
2002-03,WHU,West Ham United,21,16
2002-03,WHU,West Ham United,22,17
2002-03,WHU,West Ham United,23,17
2002-03,WHU,West Ham United,24,17
2002-03,WHU,West Ham United,25,20
2002-03,WHU,West Ham United,26,20
2002-03,WHU,West Ham United,27,20
2002-03,WHU,West Ham United,28,23
2002-03,WHU,West Ham United,29,26
2002-03,WHU,West Ham United,30,27
2002-03,WHU,West Ham United,31,30
2002-03,WHU,West Ham United,32,31
2002-03,WHU,West Ham United,33,32
2002-03,WHU,West Ham United,34,32
2002-03,WHU,West Ham United,35,35
2002-03,WHU,West Ham United,36,38
2002-03,WHU,West Ham United,37,41
2002-03,WHU,West Ham United,38,42
2003-04,ARS,Arsenal,1,3
2003-04,ARS,Arsenal,2,6
2003-04,ARS,Arsenal,3,9
2003-04,ARS,Arsenal,4,12
2003-04,ARS,Arsenal,5,13
2003-04,ARS,Arsenal,6,14
2003-04,ARS,Arsenal,7,17
2003-04,ARS,Arsenal,8,20
2003-04,ARS,Arsenal,9,23
2003-04,ARS,Arsenal,10,24
2003-04,ARS,Arsenal,11,27
2003-04,ARS,Arsenal,12,30
2003-04,ARS,Arsenal,13,33
2003-04,ARS,Arsenal,14,34
2003-04,ARS,Arsenal,15,35
2003-04,ARS,Arsenal,16,38
2003-04,ARS,Arsenal,17,39
2003-04,ARS,Arsenal,18,42
2003-04,ARS,Arsenal,19,45
2003-04,ARS,Arsenal,20,46
2003-04,ARS,Arsenal,21,49
2003-04,ARS,Arsenal,22,52
2003-04,ARS,Arsenal,23,55
2003-04,ARS,Arsenal,24,58
2003-04,ARS,Arsenal,25,61
2003-04,ARS,Arsenal,26,64
2003-04,ARS,Arsenal,27,67
2003-04,ARS,Arsenal,28,70
2003-04,ARS,Arsenal,29,73
2003-04,ARS,Arsenal,30,74
2003-04,ARS,Arsenal,31,77
2003-04,ARS,Arsenal,32,78
2003-04,ARS,Arsenal,33,81
2003-04,ARS,Arsenal,34,82
2003-04,ARS,Arsenal,35,83
2003-04,ARS,Arsenal,36,84
2003-04,ARS,Arsenal,37,87
2003-04,ARS,Arsenal,38,90
2003-04,AVL,Aston Villa,1,0
2003-04,AVL,Aston Villa,2,1
2003-04,AVL,Aston Villa,3,1
2003-04,AVL,Aston Villa,4,4
2003-04,AVL,Aston Villa,5,4
2003-04,AVL,Aston Villa,6,7
2003-04,AVL,Aston Villa,7,7
2003-04,AVL,Aston Villa,8,8
2003-04,AVL,Aston Villa,9,9
2003-04,AVL,Aston Villa,10,10
2003-04,AVL,Aston Villa,11,11
2003-04,AVL,Aston Villa,12,11
2003-04,AVL,Aston Villa,13,11
2003-04,AVL,Aston Villa,14,14
2003-04,AVL,Aston Villa,15,14
2003-04,AVL,Aston Villa,16,17
2003-04,AVL,Aston Villa,17,20
2003-04,AVL,Aston Villa,18,21
2003-04,AVL,Aston Villa,19,24
2003-04,AVL,Aston Villa,20,27
2003-04,AVL,Aston Villa,21,27
2003-04,AVL,Aston Villa,22,27
2003-04,AVL,Aston Villa,23,30
2003-04,AVL,Aston Villa,24,33
2003-04,AVL,Aston Villa,25,36
2003-04,AVL,Aston Villa,26,37
2003-04,AVL,Aston Villa,27,37
2003-04,AVL,Aston Villa,28,40
2003-04,AVL,Aston Villa,29,40
2003-04,AVL,Aston Villa,30,43
2003-04,AVL,Aston Villa,31,44
2003-04,AVL,Aston Villa,32,45
2003-04,AVL,Aston Villa,33,48
2003-04,AVL,Aston Villa,34,49
2003-04,AVL,Aston Villa,35,52
2003-04,AVL,Aston Villa,36,55
2003-04,AVL,Aston Villa,37,56
2003-04,AVL,Aston Villa,38,56
2003-04,BIR,Birmingham City,1,3
2003-04,BIR,Birmingham City,2,4
2003-04,BIR,Birmingham City,3,7
2003-04,BIR,Birmingham City,4,8
2003-04,BIR,Birmingham City,5,11
2003-04,BIR,Birmingham City,6,14
2003-04,BIR,Birmingham City,7,14
2003-04,BIR,Birmingham City,8,15
2003-04,BIR,Birmingham City,9,16
2003-04,BIR,Birmingham City,10,19
2003-04,BIR,Birmingham City,11,19
2003-04,BIR,Birmingham City,12,20
2003-04,BIR,Birmingham City,13,20
2003-04,BIR,Birmingham City,14,20
2003-04,BIR,Birmingham City,15,20
2003-04,BIR,Birmingham City,16,23
2003-04,BIR,Birmingham City,17,26
2003-04,BIR,Birmingham City,18,26
2003-04,BIR,Birmingham City,19,26
2003-04,BIR,Birmingham City,20,29
2003-04,BIR,Birmingham City,21,30
2003-04,BIR,Birmingham City,22,31
2003-04,BIR,Birmingham City,23,32
2003-04,BIR,Birmingham City,24,35
2003-04,BIR,Birmingham City,25,36
2003-04,BIR,Birmingham City,26,39
2003-04,BIR,Birmingham City,27,42
2003-04,BIR,Birmingham City,28,42
2003-04,BIR,Birmingham City,29,42
2003-04,BIR,Birmingham City,30,45
2003-04,BIR,Birmingham City,31,46
2003-04,BIR,Birmingham City,32,46
2003-04,BIR,Birmingham City,33,46
2003-04,BIR,Birmingham City,34,47
2003-04,BIR,Birmingham City,35,48
2003-04,BIR,Birmingham City,36,49
2003-04,BIR,Birmingham City,37,49
2003-04,BIR,Birmingham City,38,50
2003-04,BLA,Blackburn Rovers,1,3
2003-04,BLA,Blackburn Rovers,2,4
2003-04,BLA,Blackburn Rovers,3,4
2003-04,BLA,Blackburn Rovers,4,5
2003-04,BLA,Blackburn Rovers,5,5
2003-04,BLA,Blackburn Rovers,6,8
2003-04,BLA,Blackburn Rovers,7,8
2003-04,BLA,Blackburn Rovers,8,8
2003-04,BLA,Blackburn Rovers,9,8
2003-04,BLA,Blackburn Rovers,10,8
2003-04,BLA,Blackburn Rovers,11,8
2003-04,BLA,Blackburn Rovers,12,11
2003-04,BLA,Blackburn Rovers,13,11
2003-04,BLA,Blackburn Rovers,14,14
2003-04,BLA,Blackburn Rovers,15,17
2003-04,BLA,Blackburn Rovers,16,17
2003-04,BLA,Blackburn Rovers,17,17
2003-04,BLA,Blackburn Rovers,18,18
2003-04,BLA,Blackburn Rovers,19,21
2003-04,BLA,Blackburn Rovers,20,22
2003-04,BLA,Blackburn Rovers,21,22
2003-04,BLA,Blackburn Rovers,22,23
2003-04,BLA,Blackburn Rovers,23,23
2003-04,BLA,Blackburn Rovers,24,26
2003-04,BLA,Blackburn Rovers,25,27
2003-04,BLA,Blackburn Rovers,26,27
2003-04,BLA,Blackburn Rovers,27,28
2003-04,BLA,Blackburn Rovers,28,28
2003-04,BLA,Blackburn Rovers,29,31
2003-04,BLA,Blackburn Rovers,30,31
2003-04,BLA,Blackburn Rovers,31,31
2003-04,BLA,Blackburn Rovers,32,31
2003-04,BLA,Blackburn Rovers,33,34
2003-04,BLA,Blackburn Rovers,34,37
2003-04,BLA,Blackburn Rovers,35,40
2003-04,BLA,Blackburn Rovers,36,43
2003-04,BLA,Blackburn Rovers,37,43
2003-04,BLA,Blackburn Rovers,38,44
2003-04,BOL,Bolton Wanderers,1,0
2003-04,BOL,Bolton Wanderers,2,1
2003-04,BOL,Bolton Wanderers,3,1
2003-04,BOL,Bolton Wanderers,4,2
2003-04,BOL,Bolton Wanderers,5,5
2003-04,BOL,Bolton Wanderers,6,6
2003-04,BOL,Bolton Wanderers,7,7
2003-04,BOL,Bolton Wanderers,8,8
2003-04,BOL,Bolton Wanderers,9,8
2003-04,BOL,Bolton Wanderers,10,8
2003-04,BOL,Bolton Wanderers,11,11
2003-04,BOL,Bolton Wanderers,12,12
2003-04,BOL,Bolton Wanderers,13,15
2003-04,BOL,Bolton Wanderers,14,18
2003-04,BOL,Bolton Wanderers,15,18
2003-04,BOL,Bolton Wanderers,16,21
2003-04,BOL,Bolton Wanderers,17,22
2003-04,BOL,Bolton Wanderers,18,22
2003-04,BOL,Bolton Wanderers,19,23
2003-04,BOL,Bolton Wanderers,20,23
2003-04,BOL,Bolton Wanderers,21,26
2003-04,BOL,Bolton Wanderers,22,29
2003-04,BOL,Bolton Wanderers,23,32
2003-04,BOL,Bolton Wanderers,24,33
2003-04,BOL,Bolton Wanderers,25,34
2003-04,BOL,Bolton Wanderers,26,34
2003-04,BOL,Bolton Wanderers,27,34
2003-04,BOL,Bolton Wanderers,28,34
2003-04,BOL,Bolton Wanderers,29,34
2003-04,BOL,Bolton Wanderers,30,37
2003-04,BOL,Bolton Wanderers,31,37
2003-04,BOL,Bolton Wanderers,32,38
2003-04,BOL,Bolton Wanderers,33,41
2003-04,BOL,Bolton Wanderers,34,44
2003-04,BOL,Bolton Wanderers,35,47
2003-04,BOL,Bolton Wanderers,36,50
2003-04,BOL,Bolton Wanderers,37,53
2003-04,BOL,Bolton Wanderers,38,53
2003-04,CHA,Charlton Athletic,1,0
2003-04,CHA,Charlton Athletic,2,3
2003-04,CHA,Charlton Athletic,3,4
2003-04,CHA,Charlton Athletic,4,5
2003-04,CHA,Charlton Athletic,5,5
2003-04,CHA,Charlton Athletic,6,5
2003-04,CHA,Charlton Athletic,7,8
2003-04,CHA,Charlton Athletic,8,11
2003-04,CHA,Charlton Athletic,9,14
2003-04,CHA,Charlton Athletic,10,15
2003-04,CHA,Charlton Athletic,11,18
2003-04,CHA,Charlton Athletic,12,21
2003-04,CHA,Charlton Athletic,13,22
2003-04,CHA,Charlton Athletic,14,22
2003-04,CHA,Charlton Athletic,15,22
2003-04,CHA,Charlton Athletic,16,23
2003-04,CHA,Charlton Athletic,17,24
2003-04,CHA,Charlton Athletic,18,27
2003-04,CHA,Charlton Athletic,19,30
2003-04,CHA,Charlton Athletic,20,31
2003-04,CHA,Charlton Athletic,21,34
2003-04,CHA,Charlton Athletic,22,37
2003-04,CHA,Charlton Athletic,23,37
2003-04,CHA,Charlton Athletic,24,37
2003-04,CHA,Charlton Athletic,25,37
2003-04,CHA,Charlton Athletic,26,40
2003-04,CHA,Charlton Athletic,27,40
2003-04,CHA,Charlton Athletic,28,43
2003-04,CHA,Charlton Athletic,29,43
2003-04,CHA,Charlton Athletic,30,43
2003-04,CHA,Charlton Athletic,31,44
2003-04,CHA,Charlton Athletic,32,47
2003-04,CHA,Charlton Athletic,33,48
2003-04,CHA,Charlton Athletic,34,48
2003-04,CHA,Charlton Athletic,35,48
2003-04,CHA,Charlton Athletic,36,49
2003-04,CHA,Charlton Athletic,37,50
2003-04,CHA,Charlton Athletic,38,53
2003-04,CHE,Chelsea,1,3
2003-04,CHE,Chelsea,2,6
2003-04,CHE,Chelsea,3,7
2003-04,CHE,Chelsea,4,10
2003-04,CHE,Chelsea,5,13
2003-04,CHE,Chelsea,6,16
2003-04,CHE,Chelsea,7,19
2003-04,CHE,Chelsea,8,20
2003-04,CHE,Chelsea,9,20
2003-04,CHE,Chelsea,10,23
2003-04,CHE,Chelsea,11,26
2003-04,CHE,Chelsea,12,29
2003-04,CHE,Chelsea,13,32
2003-04,CHE,Chelsea,14,35
2003-04,CHE,Chelsea,15,36
2003-04,CHE,Chelsea,16,36
2003-04,CHE,Chelsea,17,39
2003-04,CHE,Chelsea,18,39
2003-04,CHE,Chelsea,19,42
2003-04,CHE,Chelsea,20,42
2003-04,CHE,Chelsea,21,45
2003-04,CHE,Chelsea,22,46
2003-04,CHE,Chelsea,23,49
2003-04,CHE,Chelsea,24,52
2003-04,CHE,Chelsea,25,55
2003-04,CHE,Chelsea,26,55
2003-04,CHE,Chelsea,27,58
2003-04,CHE,Chelsea,28,61
2003-04,CHE,Chelsea,29,64
2003-04,CHE,Chelsea,30,67
2003-04,CHE,Chelsea,31,70
2003-04,CHE,Chelsea,32,71
2003-04,CHE,Chelsea,33,71
2003-04,CHE,Chelsea,34,72
2003-04,CHE,Chelsea,35,72
2003-04,CHE,Chelsea,36,75
2003-04,CHE,Chelsea,37,76
2003-04,CHE,Chelsea,38,79
2003-04,EVE,Everton,1,0
2003-04,EVE,Everton,2,3
2003-04,EVE,Everton,3,4
2003-04,EVE,Everton,4,4
2003-04,EVE,Everton,5,5
2003-04,EVE,Everton,6,5
2003-04,EVE,Everton,7,8
2003-04,EVE,Everton,8,8
2003-04,EVE,Everton,9,9
2003-04,EVE,Everton,10,10
2003-04,EVE,Everton,11,10
2003-04,EVE,Everton,12,10
2003-04,EVE,Everton,13,13
2003-04,EVE,Everton,14,13
2003-04,EVE,Everton,15,14
2003-04,EVE,Everton,16,17
2003-04,EVE,Everton,17,20
2003-04,EVE,Everton,18,20
2003-04,EVE,Everton,19,23
2003-04,EVE,Everton,20,24
2003-04,EVE,Everton,21,24
2003-04,EVE,Everton,22,24
2003-04,EVE,Everton,23,25
2003-04,EVE,Everton,24,25
2003-04,EVE,Everton,25,25
2003-04,EVE,Everton,26,26
2003-04,EVE,Everton,27,29
2003-04,EVE,Everton,28,32
2003-04,EVE,Everton,29,33
2003-04,EVE,Everton,30,34
2003-04,EVE,Everton,31,34
2003-04,EVE,Everton,32,37
2003-04,EVE,Everton,33,38
2003-04,EVE,Everton,34,39
2003-04,EVE,Everton,35,39
2003-04,EVE,Everton,36,39
2003-04,EVE,Everton,37,39
2003-04,EVE,Everton,38,39
2003-04,FUL,Fulham,1,3
2003-04,FUL,Fulham,2,3
2003-04,FUL,Fulham,3,6
2003-04,FUL,Fulham,4,7
2003-04,FUL,Fulham,5,8
2003-04,FUL,Fulham,6,11
2003-04,FUL,Fulham,7,14
2003-04,FUL,Fulham,8,15
2003-04,FUL,Fulham,9,15
2003-04,FUL,Fulham,10,18
2003-04,FUL,Fulham,11,18
2003-04,FUL,Fulham,12,18
2003-04,FUL,Fulham,13,21
2003-04,FUL,Fulham,14,22
2003-04,FUL,Fulham,15,25
2003-04,FUL,Fulham,16,25
2003-04,FUL,Fulham,17,25
2003-04,FUL,Fulham,18,28
2003-04,FUL,Fulham,19,28
2003-04,FUL,Fulham,20,28
2003-04,FUL,Fulham,21,31
2003-04,FUL,Fulham,22,31
2003-04,FUL,Fulham,23,34
2003-04,FUL,Fulham,24,35
2003-04,FUL,Fulham,25,35
2003-04,FUL,Fulham,26,35
2003-04,FUL,Fulham,27,36
2003-04,FUL,Fulham,28,39
2003-04,FUL,Fulham,29,39
2003-04,FUL,Fulham,30,40
2003-04,FUL,Fulham,31,41
2003-04,FUL,Fulham,32,44
2003-04,FUL,Fulham,33,44
2003-04,FUL,Fulham,34,45
2003-04,FUL,Fulham,35,48
2003-04,FUL,Fulham,36,49
2003-04,FUL,Fulham,37,49
2003-04,FUL,Fulham,38,52
2003-04,LEE,Leeds United,1,1
2003-04,LEE,Leeds United,2,1
2003-04,LEE,Leeds United,3,2
2003-04,LEE,Leeds United,4,5
2003-04,LEE,Leeds United,5,5
2003-04,LEE,Leeds United,6,5
2003-04,LEE,Leeds United,7,5
2003-04,LEE,Leeds United,8,8
2003-04,LEE,Leeds United,9,8
2003-04,LEE,Leeds United,10,8
2003-04,LEE,Leeds United,11,8
2003-04,LEE,Leeds United,12,8
2003-04,LEE,Leeds United,13,8
2003-04,LEE,Leeds United,14,11
2003-04,LEE,Leeds United,15,12
2003-04,LEE,Leeds United,16,15
2003-04,LEE,Leeds United,17,16
2003-04,LEE,Leeds United,18,17
2003-04,LEE,Leeds United,19,17
2003-04,LEE,Leeds United,20,17
2003-04,LEE,Leeds United,21,17
2003-04,LEE,Leeds United,22,17
2003-04,LEE,Leeds United,23,17
2003-04,LEE,Leeds United,24,17
2003-04,LEE,Leeds United,25,20
2003-04,LEE,Leeds United,26,21
2003-04,LEE,Leeds United,27,22
2003-04,LEE,Leeds United,28,22
2003-04,LEE,Leeds United,29,25
2003-04,LEE,Leeds United,30,25
2003-04,LEE,Leeds United,31,28
2003-04,LEE,Leeds United,32,31
2003-04,LEE,Leeds United,33,32
2003-04,LEE,Leeds United,34,32
2003-04,LEE,Leeds United,35,32
2003-04,LEE,Leeds United,36,32
2003-04,LEE,Leeds United,37,33
2003-04,LEE,Leeds United,38,33
2003-04,LEI,Leicester City,1,1
2003-04,LEI,Leicester City,2,1
2003-04,LEI,Leicester City,3,2
2003-04,LEI,Leicester City,4,2
2003-04,LEI,Leicester City,5,5
2003-04,LEI,Leicester City,6,5
2003-04,LEI,Leicester City,7,5
2003-04,LEI,Leicester City,8,5
2003-04,LEI,Leicester City,9,5
2003-04,LEI,Leicester City,10,5
2003-04,LEI,Leicester City,11,8
2003-04,LEI,Leicester City,12,11
2003-04,LEI,Leicester City,13,12
2003-04,LEI,Leicester City,14,15
2003-04,LEI,Leicester City,15,16
2003-04,LEI,Leicester City,16,16
2003-04,LEI,Leicester City,17,16
2003-04,LEI,Leicester City,18,17
2003-04,LEI,Leicester City,19,18
2003-04,LEI,Leicester City,20,19
2003-04,LEI,Leicester City,21,19
2003-04,LEI,Leicester City,22,20
2003-04,LEI,Leicester City,23,20
2003-04,LEI,Leicester City,24,20
2003-04,LEI,Leicester City,25,21
2003-04,LEI,Leicester City,26,22
2003-04,LEI,Leicester City,27,23
2003-04,LEI,Leicester City,28,26
2003-04,LEI,Leicester City,29,27
2003-04,LEI,Leicester City,30,28
2003-04,LEI,Leicester City,31,28
2003-04,LEI,Leicester City,32,28
2003-04,LEI,Leicester City,33,28
2003-04,LEI,Leicester City,34,28
2003-04,LEI,Leicester City,35,29
2003-04,LEI,Leicester City,36,30
2003-04,LEI,Leicester City,37,33
2003-04,LEI,Leicester City,38,33
2003-04,LIV,Liverpool,1,0
2003-04,LIV,Liverpool,2,1
2003-04,LIV,Liverpool,3,2
2003-04,LIV,Liverpool,4,5
2003-04,LIV,Liverpool,5,8
2003-04,LIV,Liverpool,6,11
2003-04,LIV,Liverpool,7,11
2003-04,LIV,Liverpool,8,11
2003-04,LIV,Liverpool,9,11
2003-04,LIV,Liverpool,10,14
2003-04,LIV,Liverpool,11,17
2003-04,LIV,Liverpool,12,17
2003-04,LIV,Liverpool,13,18
2003-04,LIV,Liverpool,14,21
2003-04,LIV,Liverpool,15,22
2003-04,LIV,Liverpool,16,22
2003-04,LIV,Liverpool,17,25
2003-04,LIV,Liverpool,18,26
2003-04,LIV,Liverpool,19,29
2003-04,LIV,Liverpool,20,32
2003-04,LIV,Liverpool,21,32
2003-04,LIV,Liverpool,22,33
2003-04,LIV,Liverpool,23,34
2003-04,LIV,Liverpool,24,35
2003-04,LIV,Liverpool,25,38
2003-04,LIV,Liverpool,26,39
2003-04,LIV,Liverpool,27,39
2003-04,LIV,Liverpool,28,42
2003-04,LIV,Liverpool,29,45
2003-04,LIV,Liverpool,30,46
2003-04,LIV,Liverpool,31,49
2003-04,LIV,Liverpool,32,49
2003-04,LIV,Liverpool,33,49
2003-04,LIV,Liverpool,34,50
2003-04,LIV,Liverpool,35,53
2003-04,LIV,Liverpool,36,56
2003-04,LIV,Liverpool,37,59
2003-04,LIV,Liverpool,38,60
2003-04,MCI,Manchester City,1,3
2003-04,MCI,Manchester City,2,4
2003-04,MCI,Manchester City,3,7
2003-04,MCI,Manchester City,4,7
2003-04,MCI,Manchester City,5,10
2003-04,MCI,Manchester City,6,11
2003-04,MCI,Manchester City,7,12
2003-04,MCI,Manchester City,8,12
2003-04,MCI,Manchester City,9,15
2003-04,MCI,Manchester City,10,15
2003-04,MCI,Manchester City,11,18
2003-04,MCI,Manchester City,12,18
2003-04,MCI,Manchester City,13,18
2003-04,MCI,Manchester City,14,18
2003-04,MCI,Manchester City,15,19
2003-04,MCI,Manchester City,16,19
2003-04,MCI,Manchester City,17,20
2003-04,MCI,Manchester City,18,20
2003-04,MCI,Manchester City,19,21
2003-04,MCI,Manchester City,20,22
2003-04,MCI,Manchester City,21,22
2003-04,MCI,Manchester City,22,23
2003-04,MCI,Manchester City,23,23
2003-04,MCI,Manchester City,24,24
2003-04,MCI,Manchester City,25,24
2003-04,MCI,Manchester City,26,27
2003-04,MCI,Manchester City,27,27
2003-04,MCI,Manchester City,28,30
2003-04,MCI,Manchester City,29,30
2003-04,MCI,Manchester City,30,31
2003-04,MCI,Manchester City,31,32
2003-04,MCI,Manchester City,32,33
2003-04,MCI,Manchester City,33,34
2003-04,MCI,Manchester City,34,34
2003-04,MCI,Manchester City,35,35
2003-04,MCI,Manchester City,36,38
2003-04,MCI,Manchester City,37,38
2003-04,MCI,Manchester City,38,41
2003-04,MID,Middlesbrough,1,0
2003-04,MID,Middlesbrough,2,0
2003-04,MID,Middlesbrough,3,1
2003-04,MID,Middlesbrough,4,1
2003-04,MID,Middlesbrough,5,1
2003-04,MID,Middlesbrough,6,4
2003-04,MID,Middlesbrough,7,7
2003-04,MID,Middlesbrough,8,7
2003-04,MID,Middlesbrough,9,7
2003-04,MID,Middlesbrough,10,8
2003-04,MID,Middlesbrough,11,11
2003-04,MID,Middlesbrough,12,14
2003-04,MID,Middlesbrough,13,15
2003-04,MID,Middlesbrough,14,18
2003-04,MID,Middlesbrough,15,19
2003-04,MID,Middlesbrough,16,20
2003-04,MID,Middlesbrough,17,21
2003-04,MID,Middlesbrough,18,21
2003-04,MID,Middlesbrough,19,24
2003-04,MID,Middlesbrough,20,24
2003-04,MID,Middlesbrough,21,25
2003-04,MID,Middlesbrough,22,28
2003-04,MID,Middlesbrough,23,28
2003-04,MID,Middlesbrough,24,31
2003-04,MID,Middlesbrough,25,31
2003-04,MID,Middlesbrough,26,31
2003-04,MID,Middlesbrough,27,34
2003-04,MID,Middlesbrough,28,34
2003-04,MID,Middlesbrough,29,37
2003-04,MID,Middlesbrough,30,38
2003-04,MID,Middlesbrough,31,41
2003-04,MID,Middlesbrough,32,42
2003-04,MID,Middlesbrough,33,45
2003-04,MID,Middlesbrough,34,45
2003-04,MID,Middlesbrough,35,45
2003-04,MID,Middlesbrough,36,45
2003-04,MID,Middlesbrough,37,48
2003-04,MID,Middlesbrough,38,48
2003-04,MUN,Manchester United,1,3
2003-04,MUN,Manchester United,2,6
2003-04,MUN,Manchester United,3,9
2003-04,MUN,Manchester United,4,9
2003-04,MUN,Manchester United,5,12
2003-04,MUN,Manchester United,6,13
2003-04,MUN,Manchester United,7,16
2003-04,MUN,Manchester United,8,19
2003-04,MUN,Manchester United,9,22
2003-04,MUN,Manchester United,10,22
2003-04,MUN,Manchester United,11,25
2003-04,MUN,Manchester United,12,28
2003-04,MUN,Manchester United,13,31
2003-04,MUN,Manchester United,14,31
2003-04,MUN,Manchester United,15,34
2003-04,MUN,Manchester United,16,37
2003-04,MUN,Manchester United,17,40
2003-04,MUN,Manchester United,18,43
2003-04,MUN,Manchester United,19,46
2003-04,MUN,Manchester United,20,49
2003-04,MUN,Manchester United,21,50
2003-04,MUN,Manchester United,22,50
2003-04,MUN,Manchester United,23,53
2003-04,MUN,Manchester United,24,56
2003-04,MUN,Manchester United,25,56
2003-04,MUN,Manchester United,26,57
2003-04,MUN,Manchester United,27,58
2003-04,MUN,Manchester United,28,58
2003-04,MUN,Manchester United,29,61
2003-04,MUN,Manchester United,30,62
2003-04,MUN,Manchester United,31,65
2003-04,MUN,Manchester United,32,68
2003-04,MUN,Manchester United,33,68
2003-04,MUN,Manchester United,34,71
2003-04,MUN,Manchester United,35,71
2003-04,MUN,Manchester United,36,71
2003-04,MUN,Manchester United,37,72
2003-04,MUN,Manchester United,38,75
2003-04,NEW,Newcastle United,1,1
2003-04,NEW,Newcastle United,2,1
2003-04,NEW,Newcastle United,3,1
2003-04,NEW,Newcastle United,4,2
2003-04,NEW,Newcastle United,5,3
2003-04,NEW,Newcastle United,6,3
2003-04,NEW,Newcastle United,7,6
2003-04,NEW,Newcastle United,8,9
2003-04,NEW,Newcastle United,9,12
2003-04,NEW,Newcastle United,10,15
2003-04,NEW,Newcastle United,11,16
2003-04,NEW,Newcastle United,12,16
2003-04,NEW,Newcastle United,13,19
2003-04,NEW,Newcastle United,14,20
2003-04,NEW,Newcastle United,15,21
2003-04,NEW,Newcastle United,16,24
2003-04,NEW,Newcastle United,17,25
2003-04,NEW,Newcastle United,18,26
2003-04,NEW,Newcastle United,19,26
2003-04,NEW,Newcastle United,20,29
2003-04,NEW,Newcastle United,21,30
2003-04,NEW,Newcastle United,22,33
2003-04,NEW,Newcastle United,23,34
2003-04,NEW,Newcastle United,24,37
2003-04,NEW,Newcastle United,25,38
2003-04,NEW,Newcastle United,26,41
2003-04,NEW,Newcastle United,27,42
2003-04,NEW,Newcastle United,28,42
2003-04,NEW,Newcastle United,29,45
2003-04,NEW,Newcastle United,30,45
2003-04,NEW,Newcastle United,31,48
2003-04,NEW,Newcastle United,32,49
2003-04,NEW,Newcastle United,33,50
2003-04,NEW,Newcastle United,34,53
2003-04,NEW,Newcastle United,35,53
2003-04,NEW,Newcastle United,36,54
2003-04,NEW,Newcastle United,37,55
2003-04,NEW,Newcastle United,38,56
2003-04,POR,Portsmouth,1,3
2003-04,POR,Portsmouth,2,4
2003-04,POR,Portsmouth,3,7
2003-04,POR,Portsmouth,4,8
2003-04,POR,Portsmouth,5,9
2003-04,POR,Portsmouth,6,9
2003-04,POR,Portsmouth,7,9
2003-04,POR,Portsmouth,8,9
2003-04,POR,Portsmouth,9,12
2003-04,POR,Portsmouth,10,12
2003-04,POR,Portsmouth,11,12
2003-04,POR,Portsmouth,12,15
2003-04,POR,Portsmouth,13,15
2003-04,POR,Portsmouth,14,15
2003-04,POR,Portsmouth,15,16
2003-04,POR,Portsmouth,16,16
2003-04,POR,Portsmouth,17,16
2003-04,POR,Portsmouth,18,19
2003-04,POR,Portsmouth,19,19
2003-04,POR,Portsmouth,20,19
2003-04,POR,Portsmouth,21,22
2003-04,POR,Portsmouth,22,22
2003-04,POR,Portsmouth,23,23
2003-04,POR,Portsmouth,24,23
2003-04,POR,Portsmouth,25,23
2003-04,POR,Portsmouth,26,24
2003-04,POR,Portsmouth,27,24
2003-04,POR,Portsmouth,28,24
2003-04,POR,Portsmouth,29,27
2003-04,POR,Portsmouth,30,30
2003-04,POR,Portsmouth,31,31
2003-04,POR,Portsmouth,32,34
2003-04,POR,Portsmouth,33,37
2003-04,POR,Portsmouth,34,40
2003-04,POR,Portsmouth,35,41
2003-04,POR,Portsmouth,36,42
2003-04,POR,Portsmouth,37,42
2003-04,POR,Portsmouth,38,45
2003-04,SOU,Southampton,1,1
2003-04,SOU,Southampton,2,2
2003-04,SOU,Southampton,3,3
2003-04,SOU,Southampton,4,6
2003-04,SOU,Southampton,5,9
2003-04,SOU,Southampton,6,12
2003-04,SOU,Southampton,7,12
2003-04,SOU,Southampton,8,12
2003-04,SOU,Southampton,9,13
2003-04,SOU,Southampton,10,16
2003-04,SOU,Southampton,11,16
2003-04,SOU,Southampton,12,17
2003-04,SOU,Southampton,13,17
2003-04,SOU,Southampton,14,17
2003-04,SOU,Southampton,15,20
2003-04,SOU,Southampton,16,23
2003-04,SOU,Southampton,17,26
2003-04,SOU,Southampton,18,26
2003-04,SOU,Southampton,19,26
2003-04,SOU,Southampton,20,27
2003-04,SOU,Southampton,21,27
2003-04,SOU,Southampton,22,30
2003-04,SOU,Southampton,23,30
2003-04,SOU,Southampton,24,31
2003-04,SOU,Southampton,25,31
2003-04,SOU,Southampton,26,32
2003-04,SOU,Southampton,27,33
2003-04,SOU,Southampton,28,36
2003-04,SOU,Southampton,29,36
2003-04,SOU,Southampton,30,39
2003-04,SOU,Southampton,31,42
2003-04,SOU,Southampton,32,42
2003-04,SOU,Southampton,33,45
2003-04,SOU,Southampton,34,45
2003-04,SOU,Southampton,35,45
2003-04,SOU,Southampton,36,46
2003-04,SOU,Southampton,37,47
2003-04,SOU,Southampton,38,47
2003-04,TOT,Tottenham Hotspur,1,0
2003-04,TOT,Tottenham Hotspur,2,3
2003-04,TOT,Tottenham Hotspur,3,4
2003-04,TOT,Tottenham Hotspur,4,4
2003-04,TOT,Tottenham Hotspur,5,4
2003-04,TOT,Tottenham Hotspur,6,4
2003-04,TOT,Tottenham Hotspur,7,5
2003-04,TOT,Tottenham Hotspur,8,8
2003-04,TOT,Tottenham Hotspur,9,11
2003-04,TOT,Tottenham Hotspur,10,12
2003-04,TOT,Tottenham Hotspur,11,12
2003-04,TOT,Tottenham Hotspur,12,12
2003-04,TOT,Tottenham Hotspur,13,15
2003-04,TOT,Tottenham Hotspur,14,15
2003-04,TOT,Tottenham Hotspur,15,18
2003-04,TOT,Tottenham Hotspur,16,18
2003-04,TOT,Tottenham Hotspur,17,18
2003-04,TOT,Tottenham Hotspur,18,18
2003-04,TOT,Tottenham Hotspur,19,18
2003-04,TOT,Tottenham Hotspur,20,21
2003-04,TOT,Tottenham Hotspur,21,24
2003-04,TOT,Tottenham Hotspur,22,27
2003-04,TOT,Tottenham Hotspur,23,27
2003-04,TOT,Tottenham Hotspur,24,30
2003-04,TOT,Tottenham Hotspur,25,33
2003-04,TOT,Tottenham Hotspur,26,34
2003-04,TOT,Tottenham Hotspur,27,34
2003-04,TOT,Tottenham Hotspur,28,37
2003-04,TOT,Tottenham Hotspur,29,37
2003-04,TOT,Tottenham Hotspur,30,37
2003-04,TOT,Tottenham Hotspur,31,37
2003-04,TOT,Tottenham Hotspur,32,37
2003-04,TOT,Tottenham Hotspur,33,38
2003-04,TOT,Tottenham Hotspur,34,38
2003-04,TOT,Tottenham Hotspur,35,39
2003-04,TOT,Tottenham Hotspur,36,39
2003-04,TOT,Tottenham Hotspur,37,42
2003-04,TOT,Tottenham Hotspur,38,45
2003-04,WOL,Wolverhampton Wanderers,1,0
2003-04,WOL,Wolverhampton Wanderers,2,0
2003-04,WOL,Wolverhampton Wanderers,3,0
2003-04,WOL,Wolverhampton Wanderers,4,1
2003-04,WOL,Wolverhampton Wanderers,5,1
2003-04,WOL,Wolverhampton Wanderers,6,1
2003-04,WOL,Wolverhampton Wanderers,7,2
2003-04,WOL,Wolverhampton Wanderers,8,5
2003-04,WOL,Wolverhampton Wanderers,9,6
2003-04,WOL,Wolverhampton Wanderers,10,9
2003-04,WOL,Wolverhampton Wanderers,11,9
2003-04,WOL,Wolverhampton Wanderers,12,10
2003-04,WOL,Wolverhampton Wanderers,13,10
2003-04,WOL,Wolverhampton Wanderers,14,11
2003-04,WOL,Wolverhampton Wanderers,15,11
2003-04,WOL,Wolverhampton Wanderers,16,11
2003-04,WOL,Wolverhampton Wanderers,17,11
2003-04,WOL,Wolverhampton Wanderers,18,14
2003-04,WOL,Wolverhampton Wanderers,19,15
2003-04,WOL,Wolverhampton Wanderers,20,15
2003-04,WOL,Wolverhampton Wanderers,21,18
2003-04,WOL,Wolverhampton Wanderers,22,19
2003-04,WOL,Wolverhampton Wanderers,23,20
2003-04,WOL,Wolverhampton Wanderers,24,20
2003-04,WOL,Wolverhampton Wanderers,25,20
2003-04,WOL,Wolverhampton Wanderers,26,23
2003-04,WOL,Wolverhampton Wanderers,27,24
2003-04,WOL,Wolverhampton Wanderers,28,24
2003-04,WOL,Wolverhampton Wanderers,29,24
2003-04,WOL,Wolverhampton Wanderers,30,24
2003-04,WOL,Wolverhampton Wanderers,31,24
2003-04,WOL,Wolverhampton Wanderers,32,25
2003-04,WOL,Wolverhampton Wanderers,33,25
2003-04,WOL,Wolverhampton Wanderers,34,28
2003-04,WOL,Wolverhampton Wanderers,35,29
2003-04,WOL,Wolverhampton Wanderers,36,32
2003-04,WOL,Wolverhampton Wanderers,37,33
2003-04,WOL,Wolverhampton Wanderers,38,33
2004-05,ARS,Arsenal,1,3
2004-05,ARS,Arsenal,2,6
2004-05,ARS,Arsenal,3,9
2004-05,ARS,Arsenal,4,12
2004-05,ARS,Arsenal,5,15
2004-05,ARS,Arsenal,6,16
2004-05,ARS,Arsenal,7,19
2004-05,ARS,Arsenal,8,22
2004-05,ARS,Arsenal,9,25
2004-05,ARS,Arsenal,10,25
2004-05,ARS,Arsenal,11,26
2004-05,ARS,Arsenal,12,27
2004-05,ARS,Arsenal,13,30
2004-05,ARS,Arsenal,14,31
2004-05,ARS,Arsenal,15,31
2004-05,ARS,Arsenal,16,34
2004-05,ARS,Arsenal,17,35
2004-05,ARS,Arsenal,18,38
2004-05,ARS,Arsenal,19,41
2004-05,ARS,Arsenal,20,44
2004-05,ARS,Arsenal,21,47
2004-05,ARS,Arsenal,22,48
2004-05,ARS,Arsenal,23,48
2004-05,ARS,Arsenal,24,51
2004-05,ARS,Arsenal,25,51
2004-05,ARS,Arsenal,26,54
2004-05,ARS,Arsenal,27,57
2004-05,ARS,Arsenal,28,58
2004-05,ARS,Arsenal,29,61
2004-05,ARS,Arsenal,30,64
2004-05,ARS,Arsenal,31,67
2004-05,ARS,Arsenal,32,70
2004-05,ARS,Arsenal,33,71
2004-05,ARS,Arsenal,34,74
2004-05,ARS,Arsenal,35,77
2004-05,ARS,Arsenal,36,80
2004-05,ARS,Arsenal,37,83
2004-05,ARS,Arsenal,38,83
2004-05,AVL,Aston Villa,1,3
2004-05,AVL,Aston Villa,2,4
2004-05,AVL,Aston Villa,3,4
2004-05,AVL,Aston Villa,4,7
2004-05,AVL,Aston Villa,5,8
2004-05,AVL,Aston Villa,6,9
2004-05,AVL,Aston Villa,7,10
2004-05,AVL,Aston Villa,8,11
2004-05,AVL,Aston Villa,9,11
2004-05,AVL,Aston Villa,10,14
2004-05,AVL,Aston Villa,11,15
2004-05,AVL,Aston Villa,12,18
2004-05,AVL,Aston Villa,13,21
2004-05,AVL,Aston Villa,14,24
2004-05,AVL,Aston Villa,15,24
2004-05,AVL,Aston Villa,16,25
2004-05,AVL,Aston Villa,17,25
2004-05,AVL,Aston Villa,18,25
2004-05,AVL,Aston Villa,19,25
2004-05,AVL,Aston Villa,20,25
2004-05,AVL,Aston Villa,21,28
2004-05,AVL,Aston Villa,22,28
2004-05,AVL,Aston Villa,23,31
2004-05,AVL,Aston Villa,24,31
2004-05,AVL,Aston Villa,25,32
2004-05,AVL,Aston Villa,26,32
2004-05,AVL,Aston Villa,27,35
2004-05,AVL,Aston Villa,28,35
2004-05,AVL,Aston Villa,29,38
2004-05,AVL,Aston Villa,30,38
2004-05,AVL,Aston Villa,31,41
2004-05,AVL,Aston Villa,32,42
2004-05,AVL,Aston Villa,33,45
2004-05,AVL,Aston Villa,34,46
2004-05,AVL,Aston Villa,35,47
2004-05,AVL,Aston Villa,36,47
2004-05,AVL,Aston Villa,37,47
2004-05,AVL,Aston Villa,38,47
2004-05,BIR,Birmingham City,1,1
2004-05,BIR,Birmingham City,2,1
2004-05,BIR,Birmingham City,3,4
2004-05,BIR,Birmingham City,4,4
2004-05,BIR,Birmingham City,5,4
2004-05,BIR,Birmingham City,6,5
2004-05,BIR,Birmingham City,7,6
2004-05,BIR,Birmingham City,8,7
2004-05,BIR,Birmingham City,9,8
2004-05,BIR,Birmingham City,10,9
2004-05,BIR,Birmingham City,11,9
2004-05,BIR,Birmingham City,12,12
2004-05,BIR,Birmingham City,13,12
2004-05,BIR,Birmingham City,14,13
2004-05,BIR,Birmingham City,15,14
2004-05,BIR,Birmingham City,16,14
2004-05,BIR,Birmingham City,17,17
2004-05,BIR,Birmingham City,18,20
2004-05,BIR,Birmingham City,19,23
2004-05,BIR,Birmingham City,20,26
2004-05,BIR,Birmingham City,21,26
2004-05,BIR,Birmingham City,22,26
2004-05,BIR,Birmingham City,23,26
2004-05,BIR,Birmingham City,24,26
2004-05,BIR,Birmingham City,25,29
2004-05,BIR,Birmingham City,26,29
2004-05,BIR,Birmingham City,27,32
2004-05,BIR,Birmingham City,28,32
2004-05,BIR,Birmingham City,29,32
2004-05,BIR,Birmingham City,30,35
2004-05,BIR,Birmingham City,31,36
2004-05,BIR,Birmingham City,32,37
2004-05,BIR,Birmingham City,33,38
2004-05,BIR,Birmingham City,34,38
2004-05,BIR,Birmingham City,35,39
2004-05,BIR,Birmingham City,36,42
2004-05,BIR,Birmingham City,37,42
2004-05,BIR,Birmingham City,38,45
2004-05,BLA,Blackburn Rovers,1,1
2004-05,BLA,Blackburn Rovers,2,1
2004-05,BLA,Blackburn Rovers,3,1
2004-05,BLA,Blackburn Rovers,4,2
2004-05,BLA,Blackburn Rovers,5,2
2004-05,BLA,Blackburn Rovers,6,5
2004-05,BLA,Blackburn Rovers,7,5
2004-05,BLA,Blackburn Rovers,8,6
2004-05,BLA,Blackburn Rovers,9,6
2004-05,BLA,Blackburn Rovers,10,6
2004-05,BLA,Blackburn Rovers,11,7
2004-05,BLA,Blackburn Rovers,12,8
2004-05,BLA,Blackburn Rovers,13,9
2004-05,BLA,Blackburn Rovers,14,10
2004-05,BLA,Blackburn Rovers,15,13
2004-05,BLA,Blackburn Rovers,16,13
2004-05,BLA,Blackburn Rovers,17,14
2004-05,BLA,Blackburn Rovers,18,15
2004-05,BLA,Blackburn Rovers,19,16
2004-05,BLA,Blackburn Rovers,20,19
2004-05,BLA,Blackburn Rovers,21,19
2004-05,BLA,Blackburn Rovers,22,22
2004-05,BLA,Blackburn Rovers,23,25
2004-05,BLA,Blackburn Rovers,24,25
2004-05,BLA,Blackburn Rovers,25,25
2004-05,BLA,Blackburn Rovers,26,25
2004-05,BLA,Blackburn Rovers,27,28
2004-05,BLA,Blackburn Rovers,28,31
2004-05,BLA,Blackburn Rovers,29,32
2004-05,BLA,Blackburn Rovers,30,32
2004-05,BLA,Blackburn Rovers,31,33
2004-05,BLA,Blackburn Rovers,32,36
2004-05,BLA,Blackburn Rovers,33,39
2004-05,BLA,Blackburn Rovers,34,40
2004-05,BLA,Blackburn Rovers,35,41
2004-05,BLA,Blackburn Rovers,36,41
2004-05,BLA,Blackburn Rovers,37,41
2004-05,BLA,Blackburn Rovers,38,42
2004-05,BOL,Bolton Wanderers,1,3
2004-05,BOL,Bolton Wanderers,2,3
2004-05,BOL,Bolton Wanderers,3,6
2004-05,BOL,Bolton Wanderers,4,9
2004-05,BOL,Bolton Wanderers,5,10
2004-05,BOL,Bolton Wanderers,6,11
2004-05,BOL,Bolton Wanderers,7,12
2004-05,BOL,Bolton Wanderers,8,12
2004-05,BOL,Bolton Wanderers,9,15
2004-05,BOL,Bolton Wanderers,10,18
2004-05,BOL,Bolton Wanderers,11,21
2004-05,BOL,Bolton Wanderers,12,22
2004-05,BOL,Bolton Wanderers,13,22
2004-05,BOL,Bolton Wanderers,14,23
2004-05,BOL,Bolton Wanderers,15,23
2004-05,BOL,Bolton Wanderers,16,23
2004-05,BOL,Bolton Wanderers,17,23
2004-05,BOL,Bolton Wanderers,18,23
2004-05,BOL,Bolton Wanderers,19,23
2004-05,BOL,Bolton Wanderers,20,23
2004-05,BOL,Bolton Wanderers,21,24
2004-05,BOL,Bolton Wanderers,22,27
2004-05,BOL,Bolton Wanderers,23,30
2004-05,BOL,Bolton Wanderers,24,33
2004-05,BOL,Bolton Wanderers,25,36
2004-05,BOL,Bolton Wanderers,26,39
2004-05,BOL,Bolton Wanderers,27,40
2004-05,BOL,Bolton Wanderers,28,40
2004-05,BOL,Bolton Wanderers,29,43
2004-05,BOL,Bolton Wanderers,30,46
2004-05,BOL,Bolton Wanderers,31,46
2004-05,BOL,Bolton Wanderers,32,49
2004-05,BOL,Bolton Wanderers,33,52
2004-05,BOL,Bolton Wanderers,34,53
2004-05,BOL,Bolton Wanderers,35,54
2004-05,BOL,Bolton Wanderers,36,54
2004-05,BOL,Bolton Wanderers,37,55
2004-05,BOL,Bolton Wanderers,38,58
2004-05,CHA,Charlton Athletic,1,0
2004-05,CHA,Charlton Athletic,2,3
2004-05,CHA,Charlton Athletic,3,6
2004-05,CHA,Charlton Athletic,4,6
2004-05,CHA,Charlton Athletic,5,7
2004-05,CHA,Charlton Athletic,6,8
2004-05,CHA,Charlton Athletic,7,11
2004-05,CHA,Charlton Athletic,8,11
2004-05,CHA,Charlton Athletic,9,12
2004-05,CHA,Charlton Athletic,10,12
2004-05,CHA,Charlton Athletic,11,12
2004-05,CHA,Charlton Athletic,12,15
2004-05,CHA,Charlton Athletic,13,18
2004-05,CHA,Charlton Athletic,14,18
2004-05,CHA,Charlton Athletic,15,18
2004-05,CHA,Charlton Athletic,16,21
2004-05,CHA,Charlton Athletic,17,24
2004-05,CHA,Charlton Athletic,18,27
2004-05,CHA,Charlton Athletic,19,28
2004-05,CHA,Charlton Athletic,20,31
2004-05,CHA,Charlton Athletic,21,31
2004-05,CHA,Charlton Athletic,22,31
2004-05,CHA,Charlton Athletic,23,34
2004-05,CHA,Charlton Athletic,24,37
2004-05,CHA,Charlton Athletic,25,37
2004-05,CHA,Charlton Athletic,26,38
2004-05,CHA,Charlton Athletic,27,39
2004-05,CHA,Charlton Athletic,28,40
2004-05,CHA,Charlton Athletic,29,43
2004-05,CHA,Charlton Athletic,30,43
2004-05,CHA,Charlton Athletic,31,44
2004-05,CHA,Charlton Athletic,32,44
2004-05,CHA,Charlton Athletic,33,44
2004-05,CHA,Charlton Athletic,34,45
2004-05,CHA,Charlton Athletic,35,45
2004-05,CHA,Charlton Athletic,36,45
2004-05,CHA,Charlton Athletic,37,45
2004-05,CHA,Charlton Athletic,38,46
2004-05,CHE,Chelsea,1,3
2004-05,CHE,Chelsea,2,6
2004-05,CHE,Chelsea,3,9
2004-05,CHE,Chelsea,4,12
2004-05,CHE,Chelsea,5,13
2004-05,CHE,Chelsea,6,14
2004-05,CHE,Chelsea,7,17
2004-05,CHE,Chelsea,8,20
2004-05,CHE,Chelsea,9,20
2004-05,CHE,Chelsea,10,23
2004-05,CHE,Chelsea,11,26
2004-05,CHE,Chelsea,12,29
2004-05,CHE,Chelsea,13,32
2004-05,CHE,Chelsea,14,33
2004-05,CHE,Chelsea,15,36
2004-05,CHE,Chelsea,16,39
2004-05,CHE,Chelsea,17,40
2004-05,CHE,Chelsea,18,43
2004-05,CHE,Chelsea,19,46
2004-05,CHE,Chelsea,20,49
2004-05,CHE,Chelsea,21,52
2004-05,CHE,Chelsea,22,55
2004-05,CHE,Chelsea,23,58
2004-05,CHE,Chelsea,24,61
2004-05,CHE,Chelsea,25,64
2004-05,CHE,Chelsea,26,65
2004-05,CHE,Chelsea,27,68
2004-05,CHE,Chelsea,28,71
2004-05,CHE,Chelsea,29,74
2004-05,CHE,Chelsea,30,77
2004-05,CHE,Chelsea,31,80
2004-05,CHE,Chelsea,32,81
2004-05,CHE,Chelsea,33,82
2004-05,CHE,Chelsea,34,85
2004-05,CHE,Chelsea,35,88
2004-05,CHE,Chelsea,36,91
2004-05,CHE,Chelsea,37,94
2004-05,CHE,Chelsea,38,95
2004-05,CRY,Crystal Palace,1,1
2004-05,CRY,Crystal Palace,2,1
2004-05,CRY,Crystal Palace,3,1
2004-05,CRY,Crystal Palace,4,1
2004-05,CRY,Crystal Palace,5,1
2004-05,CRY,Crystal Palace,6,1
2004-05,CRY,Crystal Palace,7,2
2004-05,CRY,Crystal Palace,8,5
2004-05,CRY,Crystal Palace,9,5
2004-05,CRY,Crystal Palace,10,8
2004-05,CRY,Crystal Palace,11,11
2004-05,CRY,Crystal Palace,12,12
2004-05,CRY,Crystal Palace,13,12
2004-05,CRY,Crystal Palace,14,12
2004-05,CRY,Crystal Palace,15,13
2004-05,CRY,Crystal Palace,16,13
2004-05,CRY,Crystal Palace,17,14
2004-05,CRY,Crystal Palace,18,14
2004-05,CRY,Crystal Palace,19,14
2004-05,CRY,Crystal Palace,20,15
2004-05,CRY,Crystal Palace,21,15
2004-05,CRY,Crystal Palace,22,18
2004-05,CRY,Crystal Palace,23,18
2004-05,CRY,Crystal Palace,24,21
2004-05,CRY,Crystal Palace,25,22
2004-05,CRY,Crystal Palace,26,22
2004-05,CRY,Crystal Palace,27,22
2004-05,CRY,Crystal Palace,28,25
2004-05,CRY,Crystal Palace,29,26
2004-05,CRY,Crystal Palace,30,26
2004-05,CRY,Crystal Palace,31,26
2004-05,CRY,Crystal Palace,32,26
2004-05,CRY,Crystal Palace,33,27
2004-05,CRY,Crystal Palace,34,27
2004-05,CRY,Crystal Palace,35,30
2004-05,CRY,Crystal Palace,36,31
2004-05,CRY,Crystal Palace,37,32
2004-05,CRY,Crystal Palace,38,33
2004-05,EVE,Everton,1,0
2004-05,EVE,Everton,2,3
2004-05,EVE,Everton,3,6
2004-05,EVE,Everton,4,7
2004-05,EVE,Everton,5,10
2004-05,EVE,Everton,6,13
2004-05,EVE,Everton,7,16
2004-05,EVE,Everton,8,16
2004-05,EVE,Everton,9,19
2004-05,EVE,Everton,10,22
2004-05,EVE,Everton,11,23
2004-05,EVE,Everton,12,23
2004-05,EVE,Everton,13,26
2004-05,EVE,Everton,14,29
2004-05,EVE,Everton,15,30
2004-05,EVE,Everton,16,33
2004-05,EVE,Everton,17,36
2004-05,EVE,Everton,18,37
2004-05,EVE,Everton,19,40
2004-05,EVE,Everton,20,40
2004-05,EVE,Everton,21,40
2004-05,EVE,Everton,22,43
2004-05,EVE,Everton,23,44
2004-05,EVE,Everton,24,44
2004-05,EVE,Everton,25,47
2004-05,EVE,Everton,26,48
2004-05,EVE,Everton,27,48
2004-05,EVE,Everton,28,51
2004-05,EVE,Everton,29,51
2004-05,EVE,Everton,30,51
2004-05,EVE,Everton,31,51
2004-05,EVE,Everton,32,54
2004-05,EVE,Everton,33,57
2004-05,EVE,Everton,34,58
2004-05,EVE,Everton,35,58
2004-05,EVE,Everton,36,61
2004-05,EVE,Everton,37,61
2004-05,EVE,Everton,38,61
2004-05,FUL,Fulham,1,1
2004-05,FUL,Fulham,2,4
2004-05,FUL,Fulham,3,4
2004-05,FUL,Fulham,4,4
2004-05,FUL,Fulham,5,4
2004-05,FUL,Fulham,6,5
2004-05,FUL,Fulham,7,8
2004-05,FUL,Fulham,8,8
2004-05,FUL,Fulham,9,8
2004-05,FUL,Fulham,10,8
2004-05,FUL,Fulham,11,11
2004-05,FUL,Fulham,12,14
2004-05,FUL,Fulham,13,14
2004-05,FUL,Fulham,14,14
2004-05,FUL,Fulham,15,14
2004-05,FUL,Fulham,16,17
2004-05,FUL,Fulham,17,18
2004-05,FUL,Fulham,18,18
2004-05,FUL,Fulham,19,18
2004-05,FUL,Fulham,20,18
2004-05,FUL,Fulham,21,21
2004-05,FUL,Fulham,22,22
2004-05,FUL,Fulham,23,25
2004-05,FUL,Fulham,24,28
2004-05,FUL,Fulham,25,29
2004-05,FUL,Fulham,26,29
2004-05,FUL,Fulham,27,29
2004-05,FUL,Fulham,28,30
2004-05,FUL,Fulham,29,30
2004-05,FUL,Fulham,30,33
2004-05,FUL,Fulham,31,33
2004-05,FUL,Fulham,32,34
2004-05,FUL,Fulham,33,35
2004-05,FUL,Fulham,34,35
2004-05,FUL,Fulham,35,38
2004-05,FUL,Fulham,36,38
2004-05,FUL,Fulham,37,41
2004-05,FUL,Fulham,38,44
2004-05,LIV,Liverpool,1,1
2004-05,LIV,Liverpool,2,4
2004-05,LIV,Liverpool,3,4
2004-05,LIV,Liverpool,4,7
2004-05,LIV,Liverpool,5,7
2004-05,LIV,Liverpool,6,10
2004-05,LIV,Liverpool,7,10
2004-05,LIV,Liverpool,8,13
2004-05,LIV,Liverpool,9,16
2004-05,LIV,Liverpool,10,17
2004-05,LIV,Liverpool,11,17
2004-05,LIV,Liverpool,12,20
2004-05,LIV,Liverpool,13,20
2004-05,LIV,Liverpool,14,23
2004-05,LIV,Liverpool,15,24
2004-05,LIV,Liverpool,16,24
2004-05,LIV,Liverpool,17,25
2004-05,LIV,Liverpool,18,28
2004-05,LIV,Liverpool,19,31
2004-05,LIV,Liverpool,20,34
2004-05,LIV,Liverpool,21,34
2004-05,LIV,Liverpool,22,37
2004-05,LIV,Liverpool,23,37
2004-05,LIV,Liverpool,24,37
2004-05,LIV,Liverpool,25,40
2004-05,LIV,Liverpool,26,43
2004-05,LIV,Liverpool,27,43
2004-05,LIV,Liverpool,28,43
2004-05,LIV,Liverpool,29,44
2004-05,LIV,Liverpool,30,47
2004-05,LIV,Liverpool,31,50
2004-05,LIV,Liverpool,32,50
2004-05,LIV,Liverpool,33,51
2004-05,LIV,Liverpool,34,54
2004-05,LIV,Liverpool,35,54
2004-05,LIV,Liverpool,36,55
2004-05,LIV,Liverpool,37,55
2004-05,LIV,Liverpool,38,58
2004-05,MCI,Manchester City,1,1
2004-05,MCI,Manchester City,2,1
2004-05,MCI,Manchester City,3,1
2004-05,MCI,Manchester City,4,4
2004-05,MCI,Manchester City,5,4
2004-05,MCI,Manchester City,6,7
2004-05,MCI,Manchester City,7,7
2004-05,MCI,Manchester City,8,8
2004-05,MCI,Manchester City,9,11
2004-05,MCI,Manchester City,10,11
2004-05,MCI,Manchester City,11,12
2004-05,MCI,Manchester City,12,13
2004-05,MCI,Manchester City,13,14
2004-05,MCI,Manchester City,14,17
2004-05,MCI,Manchester City,15,20
2004-05,MCI,Manchester City,16,20
2004-05,MCI,Manchester City,17,20
2004-05,MCI,Manchester City,18,23
2004-05,MCI,Manchester City,19,23
2004-05,MCI,Manchester City,20,24
2004-05,MCI,Manchester City,21,27
2004-05,MCI,Manchester City,22,28
2004-05,MCI,Manchester City,23,31
2004-05,MCI,Manchester City,24,31
2004-05,MCI,Manchester City,25,32
2004-05,MCI,Manchester City,26,33
2004-05,MCI,Manchester City,27,33
2004-05,MCI,Manchester City,28,36
2004-05,MCI,Manchester City,29,36
2004-05,MCI,Manchester City,30,36
2004-05,MCI,Manchester City,31,37
2004-05,MCI,Manchester City,32,40
2004-05,MCI,Manchester City,33,41
2004-05,MCI,Manchester City,34,44
2004-05,MCI,Manchester City,35,45
2004-05,MCI,Manchester City,36,48
2004-05,MCI,Manchester City,37,51
2004-05,MCI,Manchester City,38,52
2004-05,MID,Middlesbrough,1,1
2004-05,MID,Middlesbrough,2,1
2004-05,MID,Middlesbrough,3,4
2004-05,MID,Middlesbrough,4,7
2004-05,MID,Middlesbrough,5,10
2004-05,MID,Middlesbrough,6,10
2004-05,MID,Middlesbrough,7,10
2004-05,MID,Middlesbrough,8,11
2004-05,MID,Middlesbrough,9,14
2004-05,MID,Middlesbrough,10,15
2004-05,MID,Middlesbrough,11,18
2004-05,MID,Middlesbrough,12,19
2004-05,MID,Middlesbrough,13,22
2004-05,MID,Middlesbrough,14,25
2004-05,MID,Middlesbrough,15,25
2004-05,MID,Middlesbrough,16,28
2004-05,MID,Middlesbrough,17,29
2004-05,MID,Middlesbrough,18,32
2004-05,MID,Middlesbrough,19,32
2004-05,MID,Middlesbrough,20,35
2004-05,MID,Middlesbrough,21,35
2004-05,MID,Middlesbrough,22,35
2004-05,MID,Middlesbrough,23,36
2004-05,MID,Middlesbrough,24,37
2004-05,MID,Middlesbrough,25,37
2004-05,MID,Middlesbrough,26,40
2004-05,MID,Middlesbrough,27,41
2004-05,MID,Middlesbrough,28,42
2004-05,MID,Middlesbrough,29,42
2004-05,MID,Middlesbrough,30,42
2004-05,MID,Middlesbrough,31,45
2004-05,MID,Middlesbrough,32,45
2004-05,MID,Middlesbrough,33,46
2004-05,MID,Middlesbrough,34,49
2004-05,MID,Middlesbrough,35,50
2004-05,MID,Middlesbrough,36,51
2004-05,MID,Middlesbrough,37,54
2004-05,MID,Middlesbrough,38,55
2004-05,MUN,Manchester United,1,0
2004-05,MUN,Manchester United,2,3
2004-05,MUN,Manchester United,3,4
2004-05,MUN,Manchester United,4,5
2004-05,MUN,Manchester United,5,6
2004-05,MUN,Manchester United,6,9
2004-05,MUN,Manchester United,7,12
2004-05,MUN,Manchester United,8,13
2004-05,MUN,Manchester United,9,14
2004-05,MUN,Manchester United,10,17
2004-05,MUN,Manchester United,11,17
2004-05,MUN,Manchester United,12,18
2004-05,MUN,Manchester United,13,21
2004-05,MUN,Manchester United,14,24
2004-05,MUN,Manchester United,15,27
2004-05,MUN,Manchester United,16,30
2004-05,MUN,Manchester United,17,31
2004-05,MUN,Manchester United,18,34
2004-05,MUN,Manchester United,19,37
2004-05,MUN,Manchester United,20,40
2004-05,MUN,Manchester United,21,43
2004-05,MUN,Manchester United,22,44
2004-05,MUN,Manchester United,23,47
2004-05,MUN,Manchester United,24,50
2004-05,MUN,Manchester United,25,53
2004-05,MUN,Manchester United,26,56
2004-05,MUN,Manchester United,27,59
2004-05,MUN,Manchester United,28,62
2004-05,MUN,Manchester United,29,63
2004-05,MUN,Manchester United,30,66
2004-05,MUN,Manchester United,31,67
2004-05,MUN,Manchester United,32,67
2004-05,MUN,Manchester United,33,67
2004-05,MUN,Manchester United,34,70
2004-05,MUN,Manchester United,35,73
2004-05,MUN,Manchester United,36,74
2004-05,MUN,Manchester United,37,74
2004-05,MUN,Manchester United,38,77
2004-05,NEW,Newcastle United,1,1
2004-05,NEW,Newcastle United,2,1
2004-05,NEW,Newcastle United,3,2
2004-05,NEW,Newcastle United,4,2
2004-05,NEW,Newcastle United,5,5
2004-05,NEW,Newcastle United,6,8
2004-05,NEW,Newcastle United,7,11
2004-05,NEW,Newcastle United,8,12
2004-05,NEW,Newcastle United,9,13
2004-05,NEW,Newcastle United,10,16
2004-05,NEW,Newcastle United,11,16
2004-05,NEW,Newcastle United,12,16
2004-05,NEW,Newcastle United,13,16
2004-05,NEW,Newcastle United,14,19
2004-05,NEW,Newcastle United,15,20
2004-05,NEW,Newcastle United,16,20
2004-05,NEW,Newcastle United,17,21
2004-05,NEW,Newcastle United,18,21
2004-05,NEW,Newcastle United,19,22
2004-05,NEW,Newcastle United,20,22
2004-05,NEW,Newcastle United,21,25
2004-05,NEW,Newcastle United,22,26
2004-05,NEW,Newcastle United,23,29
2004-05,NEW,Newcastle United,24,29
2004-05,NEW,Newcastle United,25,30
2004-05,NEW,Newcastle United,26,31
2004-05,NEW,Newcastle United,27,34
2004-05,NEW,Newcastle United,28,37
2004-05,NEW,Newcastle United,29,38
2004-05,NEW,Newcastle United,30,38
2004-05,NEW,Newcastle United,31,38
2004-05,NEW,Newcastle United,32,38
2004-05,NEW,Newcastle United,33,38
2004-05,NEW,Newcastle United,34,39
2004-05,NEW,Newcastle United,35,40
2004-05,NEW,Newcastle United,36,43
2004-05,NEW,Newcastle United,37,43
2004-05,NEW,Newcastle United,38,44
2004-05,NOR,Norwich City,1,1
2004-05,NOR,Norwich City,2,1
2004-05,NOR,Norwich City,3,2
2004-05,NOR,Norwich City,4,2
2004-05,NOR,Norwich City,5,3
2004-05,NOR,Norwich City,6,4
2004-05,NOR,Norwich City,7,4
2004-05,NOR,Norwich City,8,5
2004-05,NOR,Norwich City,9,6
2004-05,NOR,Norwich City,10,6
2004-05,NOR,Norwich City,11,7
2004-05,NOR,Norwich City,12,8
2004-05,NOR,Norwich City,13,8
2004-05,NOR,Norwich City,14,11
2004-05,NOR,Norwich City,15,12
2004-05,NOR,Norwich City,16,12
2004-05,NOR,Norwich City,17,15
2004-05,NOR,Norwich City,18,15
2004-05,NOR,Norwich City,19,15
2004-05,NOR,Norwich City,20,15
2004-05,NOR,Norwich City,21,16
2004-05,NOR,Norwich City,22,16
2004-05,NOR,Norwich City,23,16
2004-05,NOR,Norwich City,24,17
2004-05,NOR,Norwich City,25,17
2004-05,NOR,Norwich City,26,20
2004-05,NOR,Norwich City,27,20
2004-05,NOR,Norwich City,28,20
2004-05,NOR,Norwich City,29,20
2004-05,NOR,Norwich City,30,20
2004-05,NOR,Norwich City,31,20
2004-05,NOR,Norwich City,32,23
2004-05,NOR,Norwich City,33,24
2004-05,NOR,Norwich City,34,27
2004-05,NOR,Norwich City,35,30
2004-05,NOR,Norwich City,36,30
2004-05,NOR,Norwich City,37,33
2004-05,NOR,Norwich City,38,33
2004-05,POR,Portsmouth,1,1
2004-05,POR,Portsmouth,2,1
2004-05,POR,Portsmouth,3,4
2004-05,POR,Portsmouth,4,7
2004-05,POR,Portsmouth,5,7
2004-05,POR,Portsmouth,6,7
2004-05,POR,Portsmouth,7,8
2004-05,POR,Portsmouth,8,11
2004-05,POR,Portsmouth,9,12
2004-05,POR,Portsmouth,10,15
2004-05,POR,Portsmouth,11,15
2004-05,POR,Portsmouth,12,15
2004-05,POR,Portsmouth,13,15
2004-05,POR,Portsmouth,14,18
2004-05,POR,Portsmouth,15,21
2004-05,POR,Portsmouth,16,22
2004-05,POR,Portsmouth,17,23
2004-05,POR,Portsmouth,18,23
2004-05,POR,Portsmouth,19,26
2004-05,POR,Portsmouth,20,26
2004-05,POR,Portsmouth,21,27
2004-05,POR,Portsmouth,22,27
2004-05,POR,Portsmouth,23,27
2004-05,POR,Portsmouth,24,27
2004-05,POR,Portsmouth,25,30
2004-05,POR,Portsmouth,26,30
2004-05,POR,Portsmouth,27,30
2004-05,POR,Portsmouth,28,30
2004-05,POR,Portsmouth,29,30
2004-05,POR,Portsmouth,30,31
2004-05,POR,Portsmouth,31,31
2004-05,POR,Portsmouth,32,34
2004-05,POR,Portsmouth,33,35
2004-05,POR,Portsmouth,34,35
2004-05,POR,Portsmouth,35,38
2004-05,POR,Portsmouth,36,38
2004-05,POR,Portsmouth,37,39
2004-05,POR,Portsmouth,38,39
2004-05,SOU,Southampton,1,0
2004-05,SOU,Southampton,2,3
2004-05,SOU,Southampton,3,3
2004-05,SOU,Southampton,4,3
2004-05,SOU,Southampton,5,4
2004-05,SOU,Southampton,6,4
2004-05,SOU,Southampton,7,4
2004-05,SOU,Southampton,8,5
2004-05,SOU,Southampton,9,5
2004-05,SOU,Southampton,10,6
2004-05,SOU,Southampton,11,7
2004-05,SOU,Southampton,12,8
2004-05,SOU,Southampton,13,11
2004-05,SOU,Southampton,14,11
2004-05,SOU,Southampton,15,12
2004-05,SOU,Southampton,16,12
2004-05,SOU,Southampton,17,13
2004-05,SOU,Southampton,18,13
2004-05,SOU,Southampton,19,14
2004-05,SOU,Southampton,20,14
2004-05,SOU,Southampton,21,14
2004-05,SOU,Southampton,22,15
2004-05,SOU,Southampton,23,15
2004-05,SOU,Southampton,24,18
2004-05,SOU,Southampton,25,18
2004-05,SOU,Southampton,26,19
2004-05,SOU,Southampton,27,20
2004-05,SOU,Southampton,28,21
2004-05,SOU,Southampton,29,24
2004-05,SOU,Southampton,30,27
2004-05,SOU,Southampton,31,27
2004-05,SOU,Southampton,32,27
2004-05,SOU,Southampton,33,27
2004-05,SOU,Southampton,34,28
2004-05,SOU,Southampton,35,28
2004-05,SOU,Southampton,36,31
2004-05,SOU,Southampton,37,32
2004-05,SOU,Southampton,38,32
2004-05,TOT,Tottenham Hotspur,1,1
2004-05,TOT,Tottenham Hotspur,2,4
2004-05,TOT,Tottenham Hotspur,3,5
2004-05,TOT,Tottenham Hotspur,4,8
2004-05,TOT,Tottenham Hotspur,5,9
2004-05,TOT,Tottenham Hotspur,6,10
2004-05,TOT,Tottenham Hotspur,7,10
2004-05,TOT,Tottenham Hotspur,8,13
2004-05,TOT,Tottenham Hotspur,9,13
2004-05,TOT,Tottenham Hotspur,10,13
2004-05,TOT,Tottenham Hotspur,11,13
2004-05,TOT,Tottenham Hotspur,12,13
2004-05,TOT,Tottenham Hotspur,13,13
2004-05,TOT,Tottenham Hotspur,14,13
2004-05,TOT,Tottenham Hotspur,15,16
2004-05,TOT,Tottenham Hotspur,16,19
2004-05,TOT,Tottenham Hotspur,17,22
2004-05,TOT,Tottenham Hotspur,18,25
2004-05,TOT,Tottenham Hotspur,19,28
2004-05,TOT,Tottenham Hotspur,20,29
2004-05,TOT,Tottenham Hotspur,21,32
2004-05,TOT,Tottenham Hotspur,22,33
2004-05,TOT,Tottenham Hotspur,23,33
2004-05,TOT,Tottenham Hotspur,24,33
2004-05,TOT,Tottenham Hotspur,25,33
2004-05,TOT,Tottenham Hotspur,26,36
2004-05,TOT,Tottenham Hotspur,27,39
2004-05,TOT,Tottenham Hotspur,28,39
2004-05,TOT,Tottenham Hotspur,29,39
2004-05,TOT,Tottenham Hotspur,30,42
2004-05,TOT,Tottenham Hotspur,31,43
2004-05,TOT,Tottenham Hotspur,32,46
2004-05,TOT,Tottenham Hotspur,33,47
2004-05,TOT,Tottenham Hotspur,34,48
2004-05,TOT,Tottenham Hotspur,35,48
2004-05,TOT,Tottenham Hotspur,36,51
2004-05,TOT,Tottenham Hotspur,37,51
2004-05,TOT,Tottenham Hotspur,38,52
2004-05,WBA,West Bromwich Albion,1,1
2004-05,WBA,West Bromwich Albion,2,2
2004-05,WBA,West Bromwich Albion,3,3
2004-05,WBA,West Bromwich Albion,4,3
2004-05,WBA,West Bromwich Albion,5,3
2004-05,WBA,West Bromwich Albion,6,4
2004-05,WBA,West Bromwich Albion,7,4
2004-05,WBA,West Bromwich Albion,8,7
2004-05,WBA,West Bromwich Albion,9,8
2004-05,WBA,West Bromwich Albion,10,8
2004-05,WBA,West Bromwich Albion,11,8
2004-05,WBA,West Bromwich Albion,12,9
2004-05,WBA,West Bromwich Albion,13,9
2004-05,WBA,West Bromwich Albion,14,10
2004-05,WBA,West Bromwich Albion,15,10
2004-05,WBA,West Bromwich Albion,16,10
2004-05,WBA,West Bromwich Albion,17,10
2004-05,WBA,West Bromwich Albion,18,10
2004-05,WBA,West Bromwich Albion,19,10
2004-05,WBA,West Bromwich Albion,20,11
2004-05,WBA,West Bromwich Albion,21,12
2004-05,WBA,West Bromwich Albion,22,13
2004-05,WBA,West Bromwich Albion,23,13
2004-05,WBA,West Bromwich Albion,24,16
2004-05,WBA,West Bromwich Albion,25,17
2004-05,WBA,West Bromwich Albion,26,17
2004-05,WBA,West Bromwich Albion,27,18
2004-05,WBA,West Bromwich Albion,28,21
2004-05,WBA,West Bromwich Albion,29,21
2004-05,WBA,West Bromwich Albion,30,24
2004-05,WBA,West Bromwich Albion,31,27
2004-05,WBA,West Bromwich Albion,32,28
2004-05,WBA,West Bromwich Albion,33,29
2004-05,WBA,West Bromwich Albion,34,29
2004-05,WBA,West Bromwich Albion,35,30
2004-05,WBA,West Bromwich Albion,36,30
2004-05,WBA,West Bromwich Albion,37,31
2004-05,WBA,West Bromwich Albion,38,34
2005-06,ARS,Arsenal,1,3
2005-06,ARS,Arsenal,2,3
2005-06,ARS,Arsenal,3,6
2005-06,ARS,Arsenal,4,6
2005-06,ARS,Arsenal,5,9
2005-06,ARS,Arsenal,6,10
2005-06,ARS,Arsenal,7,13
2005-06,ARS,Arsenal,8,13
2005-06,ARS,Arsenal,9,16
2005-06,ARS,Arsenal,10,17
2005-06,ARS,Arsenal,11,20
2005-06,ARS,Arsenal,12,23
2005-06,ARS,Arsenal,13,26
2005-06,ARS,Arsenal,14,26
2005-06,ARS,Arsenal,15,26
2005-06,ARS,Arsenal,16,26
2005-06,ARS,Arsenal,17,29
2005-06,ARS,Arsenal,18,32
2005-06,ARS,Arsenal,19,33
2005-06,ARS,Arsenal,20,34
2005-06,ARS,Arsenal,21,37
2005-06,ARS,Arsenal,22,37
2005-06,ARS,Arsenal,23,37
2005-06,ARS,Arsenal,24,40
2005-06,ARS,Arsenal,25,41
2005-06,ARS,Arsenal,26,41
2005-06,ARS,Arsenal,27,41
2005-06,ARS,Arsenal,28,44
2005-06,ARS,Arsenal,29,47
2005-06,ARS,Arsenal,30,50
2005-06,ARS,Arsenal,31,53
2005-06,ARS,Arsenal,32,53
2005-06,ARS,Arsenal,33,54
2005-06,ARS,Arsenal,34,57
2005-06,ARS,Arsenal,35,58
2005-06,ARS,Arsenal,36,61
2005-06,ARS,Arsenal,37,64
2005-06,ARS,Arsenal,38,67
2005-06,AVL,Aston Villa,1,1
2005-06,AVL,Aston Villa,2,1
2005-06,AVL,Aston Villa,3,2
2005-06,AVL,Aston Villa,4,5
2005-06,AVL,Aston Villa,5,5
2005-06,AVL,Aston Villa,6,6
2005-06,AVL,Aston Villa,7,6
2005-06,AVL,Aston Villa,8,6
2005-06,AVL,Aston Villa,9,9
2005-06,AVL,Aston Villa,10,9
2005-06,AVL,Aston Villa,11,9
2005-06,AVL,Aston Villa,12,9
2005-06,AVL,Aston Villa,13,12
2005-06,AVL,Aston Villa,14,15
2005-06,AVL,Aston Villa,15,16
2005-06,AVL,Aston Villa,16,17
2005-06,AVL,Aston Villa,17,17
2005-06,AVL,Aston Villa,18,20
2005-06,AVL,Aston Villa,19,21
2005-06,AVL,Aston Villa,20,22
2005-06,AVL,Aston Villa,21,25
2005-06,AVL,Aston Villa,22,25
2005-06,AVL,Aston Villa,23,26
2005-06,AVL,Aston Villa,24,27
2005-06,AVL,Aston Villa,25,30
2005-06,AVL,Aston Villa,26,30
2005-06,AVL,Aston Villa,27,31
2005-06,AVL,Aston Villa,28,34
2005-06,AVL,Aston Villa,29,34
2005-06,AVL,Aston Villa,30,34
2005-06,AVL,Aston Villa,31,35
2005-06,AVL,Aston Villa,32,35
2005-06,AVL,Aston Villa,33,36
2005-06,AVL,Aston Villa,34,39
2005-06,AVL,Aston Villa,35,39
2005-06,AVL,Aston Villa,36,39
2005-06,AVL,Aston Villa,37,39
2005-06,AVL,Aston Villa,38,42
2005-06,BIR,Birmingham City,1,1
2005-06,BIR,Birmingham City,2,1
2005-06,BIR,Birmingham City,3,1
2005-06,BIR,Birmingham City,4,4
2005-06,BIR,Birmingham City,5,4
2005-06,BIR,Birmingham City,6,5
2005-06,BIR,Birmingham City,7,6
2005-06,BIR,Birmingham City,8,6
2005-06,BIR,Birmingham City,9,6
2005-06,BIR,Birmingham City,10,6
2005-06,BIR,Birmingham City,11,6
2005-06,BIR,Birmingham City,12,6
2005-06,BIR,Birmingham City,13,9
2005-06,BIR,Birmingham City,14,9
2005-06,BIR,Birmingham City,15,12
2005-06,BIR,Birmingham City,16,12
2005-06,BIR,Birmingham City,17,12
2005-06,BIR,Birmingham City,18,13
2005-06,BIR,Birmingham City,19,13
2005-06,BIR,Birmingham City,20,16
2005-06,BIR,Birmingham City,21,16
2005-06,BIR,Birmingham City,22,19
2005-06,BIR,Birmingham City,23,20
2005-06,BIR,Birmingham City,24,20
2005-06,BIR,Birmingham City,25,20
2005-06,BIR,Birmingham City,26,23
2005-06,BIR,Birmingham City,27,23
2005-06,BIR,Birmingham City,28,24
2005-06,BIR,Birmingham City,29,24
2005-06,BIR,Birmingham City,30,24
2005-06,BIR,Birmingham City,31,25
2005-06,BIR,Birmingham City,32,28
2005-06,BIR,Birmingham City,33,29
2005-06,BIR,Birmingham City,34,29
2005-06,BIR,Birmingham City,35,32
2005-06,BIR,Birmingham City,36,33
2005-06,BIR,Birmingham City,37,34
2005-06,BIR,Birmingham City,38,34
2005-06,BLA,Blackburn Rovers,1,0
2005-06,BLA,Blackburn Rovers,2,3
2005-06,BLA,Blackburn Rovers,3,4
2005-06,BLA,Blackburn Rovers,4,4
2005-06,BLA,Blackburn Rovers,5,5
2005-06,BLA,Blackburn Rovers,6,5
2005-06,BLA,Blackburn Rovers,7,8
2005-06,BLA,Blackburn Rovers,8,11
2005-06,BLA,Blackburn Rovers,9,11
2005-06,BLA,Blackburn Rovers,10,14
2005-06,BLA,Blackburn Rovers,11,14
2005-06,BLA,Blackburn Rovers,12,17
2005-06,BLA,Blackburn Rovers,13,18
2005-06,BLA,Blackburn Rovers,14,18
2005-06,BLA,Blackburn Rovers,15,18
2005-06,BLA,Blackburn Rovers,16,21
2005-06,BLA,Blackburn Rovers,17,21
2005-06,BLA,Blackburn Rovers,18,24
2005-06,BLA,Blackburn Rovers,19,27
2005-06,BLA,Blackburn Rovers,20,30
2005-06,BLA,Blackburn Rovers,21,31
2005-06,BLA,Blackburn Rovers,22,34
2005-06,BLA,Blackburn Rovers,23,37
2005-06,BLA,Blackburn Rovers,24,37
2005-06,BLA,Blackburn Rovers,25,37
2005-06,BLA,Blackburn Rovers,26,40
2005-06,BLA,Blackburn Rovers,27,43
2005-06,BLA,Blackburn Rovers,28,43
2005-06,BLA,Blackburn Rovers,29,46
2005-06,BLA,Blackburn Rovers,30,49
2005-06,BLA,Blackburn Rovers,31,52
2005-06,BLA,Blackburn Rovers,32,53
2005-06,BLA,Blackburn Rovers,33,54
2005-06,BLA,Blackburn Rovers,34,54
2005-06,BLA,Blackburn Rovers,35,54
2005-06,BLA,Blackburn Rovers,36,57
2005-06,BLA,Blackburn Rovers,37,60
2005-06,BLA,Blackburn Rovers,38,63
2005-06,BOL,Bolton Wanderers,1,1
2005-06,BOL,Bolton Wanderers,2,1
2005-06,BOL,Bolton Wanderers,3,4
2005-06,BOL,Bolton Wanderers,4,7
2005-06,BOL,Bolton Wanderers,5,8
2005-06,BOL,Bolton Wanderers,6,11
2005-06,BOL,Bolton Wanderers,7,14
2005-06,BOL,Bolton Wanderers,8,14
2005-06,BOL,Bolton Wanderers,9,14
2005-06,BOL,Bolton Wanderers,10,17
2005-06,BOL,Bolton Wanderers,11,20
2005-06,BOL,Bolton Wanderers,12,23
2005-06,BOL,Bolton Wanderers,13,23
2005-06,BOL,Bolton Wanderers,14,26
2005-06,BOL,Bolton Wanderers,15,27
2005-06,BOL,Bolton Wanderers,16,30
2005-06,BOL,Bolton Wanderers,17,31
2005-06,BOL,Bolton Wanderers,18,31
2005-06,BOL,Bolton Wanderers,19,32
2005-06,BOL,Bolton Wanderers,20,33
2005-06,BOL,Bolton Wanderers,21,36
2005-06,BOL,Bolton Wanderers,22,37
2005-06,BOL,Bolton Wanderers,23,38
2005-06,BOL,Bolton Wanderers,24,39
2005-06,BOL,Bolton Wanderers,25,42
2005-06,BOL,Bolton Wanderers,26,42
2005-06,BOL,Bolton Wanderers,27,45
2005-06,BOL,Bolton Wanderers,28,48
2005-06,BOL,Bolton Wanderers,29,48
2005-06,BOL,Bolton Wanderers,30,48
2005-06,BOL,Bolton Wanderers,31,48
2005-06,BOL,Bolton Wanderers,32,48
2005-06,BOL,Bolton Wanderers,33,48
2005-06,BOL,Bolton Wanderers,34,49
2005-06,BOL,Bolton Wanderers,35,52
2005-06,BOL,Bolton Wanderers,36,52
2005-06,BOL,Bolton Wanderers,37,53
2005-06,BOL,Bolton Wanderers,38,56
2005-06,CHA,Charlton Athletic,1,3
2005-06,CHA,Charlton Athletic,2,6
2005-06,CHA,Charlton Athletic,3,9
2005-06,CHA,Charlton Athletic,4,12
2005-06,CHA,Charlton Athletic,5,12
2005-06,CHA,Charlton Athletic,6,15
2005-06,CHA,Charlton Athletic,7,15
2005-06,CHA,Charlton Athletic,8,16
2005-06,CHA,Charlton Athletic,9,19
2005-06,CHA,Charlton Athletic,10,19
2005-06,CHA,Charlton Athletic,11,19
2005-06,CHA,Charlton Athletic,12,19
2005-06,CHA,Charlton Athletic,13,19
2005-06,CHA,Charlton Athletic,14,19
2005-06,CHA,Charlton Athletic,15,22
2005-06,CHA,Charlton Athletic,16,22
2005-06,CHA,Charlton Athletic,17,22
2005-06,CHA,Charlton Athletic,18,25
2005-06,CHA,Charlton Athletic,19,25
2005-06,CHA,Charlton Athletic,20,28
2005-06,CHA,Charlton Athletic,21,29
2005-06,CHA,Charlton Athletic,22,30
2005-06,CHA,Charlton Athletic,23,30
2005-06,CHA,Charlton Athletic,24,33
2005-06,CHA,Charlton Athletic,25,33
2005-06,CHA,Charlton Athletic,26,34
2005-06,CHA,Charlton Athletic,27,35
2005-06,CHA,Charlton Athletic,28,36
2005-06,CHA,Charlton Athletic,29,39
2005-06,CHA,Charlton Athletic,30,39
2005-06,CHA,Charlton Athletic,31,42
2005-06,CHA,Charlton Athletic,32,43
2005-06,CHA,Charlton Athletic,33,44
2005-06,CHA,Charlton Athletic,34,44
2005-06,CHA,Charlton Athletic,35,47
2005-06,CHA,Charlton Athletic,36,47
2005-06,CHA,Charlton Athletic,37,47
2005-06,CHA,Charlton Athletic,38,47
2005-06,CHE,Chelsea,1,3
2005-06,CHE,Chelsea,2,6
2005-06,CHE,Chelsea,3,9
2005-06,CHE,Chelsea,4,12
2005-06,CHE,Chelsea,5,15
2005-06,CHE,Chelsea,6,18
2005-06,CHE,Chelsea,7,21
2005-06,CHE,Chelsea,8,24
2005-06,CHE,Chelsea,9,27
2005-06,CHE,Chelsea,10,28
2005-06,CHE,Chelsea,11,31
2005-06,CHE,Chelsea,12,31
2005-06,CHE,Chelsea,13,34
2005-06,CHE,Chelsea,14,37
2005-06,CHE,Chelsea,15,40
2005-06,CHE,Chelsea,16,43
2005-06,CHE,Chelsea,17,46
2005-06,CHE,Chelsea,18,49
2005-06,CHE,Chelsea,19,52
2005-06,CHE,Chelsea,20,55
2005-06,CHE,Chelsea,21,58
2005-06,CHE,Chelsea,22,61
2005-06,CHE,Chelsea,23,62
2005-06,CHE,Chelsea,24,63
2005-06,CHE,Chelsea,25,66
2005-06,CHE,Chelsea,26,66
2005-06,CHE,Chelsea,27,69
2005-06,CHE,Chelsea,28,72
2005-06,CHE,Chelsea,29,75
2005-06,CHE,Chelsea,30,75
2005-06,CHE,Chelsea,31,78
2005-06,CHE,Chelsea,32,79
2005-06,CHE,Chelsea,33,82
2005-06,CHE,Chelsea,34,85
2005-06,CHE,Chelsea,35,88
2005-06,CHE,Chelsea,36,91
2005-06,CHE,Chelsea,37,91
2005-06,CHE,Chelsea,38,91
2005-06,EVE,Everton,1,0
2005-06,EVE,Everton,2,3
2005-06,EVE,Everton,3,3
2005-06,EVE,Everton,4,3
2005-06,EVE,Everton,5,3
2005-06,EVE,Everton,6,3
2005-06,EVE,Everton,7,3
2005-06,EVE,Everton,8,3
2005-06,EVE,Everton,9,4
2005-06,EVE,Everton,10,7
2005-06,EVE,Everton,11,10
2005-06,EVE,Everton,12,10
2005-06,EVE,Everton,13,13
2005-06,EVE,Everton,14,16
2005-06,EVE,Everton,15,17
2005-06,EVE,Everton,16,17
2005-06,EVE,Everton,17,17
2005-06,EVE,Everton,18,17
2005-06,EVE,Everton,19,17
2005-06,EVE,Everton,20,20
2005-06,EVE,Everton,21,23
2005-06,EVE,Everton,22,26
2005-06,EVE,Everton,23,29
2005-06,EVE,Everton,24,30
2005-06,EVE,Everton,25,33
2005-06,EVE,Everton,26,36
2005-06,EVE,Everton,27,36
2005-06,EVE,Everton,28,37
2005-06,EVE,Everton,29,40
2005-06,EVE,Everton,30,43
2005-06,EVE,Everton,31,43
2005-06,EVE,Everton,32,44
2005-06,EVE,Everton,33,45
2005-06,EVE,Everton,34,45
2005-06,EVE,Everton,35,45
2005-06,EVE,Everton,36,46
2005-06,EVE,Everton,37,49
2005-06,EVE,Everton,38,50
2005-06,FUL,Fulham,1,1
2005-06,FUL,Fulham,2,1
2005-06,FUL,Fulham,3,1
2005-06,FUL,Fulham,4,4
2005-06,FUL,Fulham,5,5
2005-06,FUL,Fulham,6,5
2005-06,FUL,Fulham,7,5
2005-06,FUL,Fulham,8,5
2005-06,FUL,Fulham,9,6
2005-06,FUL,Fulham,10,9
2005-06,FUL,Fulham,11,9
2005-06,FUL,Fulham,12,12
2005-06,FUL,Fulham,13,12
2005-06,FUL,Fulham,14,15
2005-06,FUL,Fulham,15,16
2005-06,FUL,Fulham,16,16
2005-06,FUL,Fulham,17,19
2005-06,FUL,Fulham,18,19
2005-06,FUL,Fulham,19,20
2005-06,FUL,Fulham,20,20
2005-06,FUL,Fulham,21,23
2005-06,FUL,Fulham,22,26
2005-06,FUL,Fulham,23,26
2005-06,FUL,Fulham,24,29
2005-06,FUL,Fulham,25,29
2005-06,FUL,Fulham,26,32
2005-06,FUL,Fulham,27,32
2005-06,FUL,Fulham,28,32
2005-06,FUL,Fulham,29,32
2005-06,FUL,Fulham,30,32
2005-06,FUL,Fulham,31,35
2005-06,FUL,Fulham,32,36
2005-06,FUL,Fulham,33,36
2005-06,FUL,Fulham,34,39
2005-06,FUL,Fulham,35,42
2005-06,FUL,Fulham,36,45
2005-06,FUL,Fulham,37,45
2005-06,FUL,Fulham,38,48
2005-06,LIV,Liverpool,1,1
2005-06,LIV,Liverpool,2,4
2005-06,LIV,Liverpool,3,5
2005-06,LIV,Liverpool,4,6
2005-06,LIV,Liverpool,5,7
2005-06,LIV,Liverpool,6,7
2005-06,LIV,Liverpool,7,10
2005-06,LIV,Liverpool,8,10
2005-06,LIV,Liverpool,9,13
2005-06,LIV,Liverpool,10,16
2005-06,LIV,Liverpool,11,19
2005-06,LIV,Liverpool,12,22
2005-06,LIV,Liverpool,13,25
2005-06,LIV,Liverpool,14,28
2005-06,LIV,Liverpool,15,31
2005-06,LIV,Liverpool,16,34
2005-06,LIV,Liverpool,17,37
2005-06,LIV,Liverpool,18,40
2005-06,LIV,Liverpool,19,41
2005-06,LIV,Liverpool,20,44
2005-06,LIV,Liverpool,21,44
2005-06,LIV,Liverpool,22,45
2005-06,LIV,Liverpool,23,45
2005-06,LIV,Liverpool,24,45
2005-06,LIV,Liverpool,25,48
2005-06,LIV,Liverpool,26,51
2005-06,LIV,Liverpool,27,54
2005-06,LIV,Liverpool,28,55
2005-06,LIV,Liverpool,29,55
2005-06,LIV,Liverpool,30,58
2005-06,LIV,Liverpool,31,61
2005-06,LIV,Liverpool,32,64
2005-06,LIV,Liverpool,33,67
2005-06,LIV,Liverpool,34,70
2005-06,LIV,Liverpool,35,73
2005-06,LIV,Liverpool,36,76
2005-06,LIV,Liverpool,37,79
2005-06,LIV,Liverpool,38,82
2005-06,MCI,Manchester City,1,1
2005-06,MCI,Manchester City,2,4
2005-06,MCI,Manchester City,3,7
2005-06,MCI,Manchester City,4,10
2005-06,MCI,Manchester City,5,11
2005-06,MCI,Manchester City,6,11
2005-06,MCI,Manchester City,7,11
2005-06,MCI,Manchester City,8,14
2005-06,MCI,Manchester City,9,17
2005-06,MCI,Manchester City,10,17
2005-06,MCI,Manchester City,11,20
2005-06,MCI,Manchester City,12,20
2005-06,MCI,Manchester City,13,21
2005-06,MCI,Manchester City,14,21
2005-06,MCI,Manchester City,15,24
2005-06,MCI,Manchester City,16,24
2005-06,MCI,Manchester City,17,27
2005-06,MCI,Manchester City,18,27
2005-06,MCI,Manchester City,19,27
2005-06,MCI,Manchester City,20,28
2005-06,MCI,Manchester City,21,28
2005-06,MCI,Manchester City,22,31
2005-06,MCI,Manchester City,23,31
2005-06,MCI,Manchester City,24,34
2005-06,MCI,Manchester City,25,34
2005-06,MCI,Manchester City,26,37
2005-06,MCI,Manchester City,27,37
2005-06,MCI,Manchester City,28,40
2005-06,MCI,Manchester City,29,40
2005-06,MCI,Manchester City,30,40
2005-06,MCI,Manchester City,31,40
2005-06,MCI,Manchester City,32,40
2005-06,MCI,Manchester City,33,40
2005-06,MCI,Manchester City,34,40
2005-06,MCI,Manchester City,35,43
2005-06,MCI,Manchester City,36,43
2005-06,MCI,Manchester City,37,43
2005-06,MCI,Manchester City,38,43
2005-06,MID,Middlesbrough,1,1
2005-06,MID,Middlesbrough,2,1
2005-06,MID,Middlesbrough,3,4
2005-06,MID,Middlesbrough,4,4
2005-06,MID,Middlesbrough,5,7
2005-06,MID,Middlesbrough,6,8
2005-06,MID,Middlesbrough,7,8
2005-06,MID,Middlesbrough,8,11
2005-06,MID,Middlesbrough,9,12
2005-06,MID,Middlesbrough,10,12
2005-06,MID,Middlesbrough,11,15
2005-06,MID,Middlesbrough,12,15
2005-06,MID,Middlesbrough,13,18
2005-06,MID,Middlesbrough,14,19
2005-06,MID,Middlesbrough,15,19
2005-06,MID,Middlesbrough,16,19
2005-06,MID,Middlesbrough,17,20
2005-06,MID,Middlesbrough,18,20
2005-06,MID,Middlesbrough,19,21
2005-06,MID,Middlesbrough,20,22
2005-06,MID,Middlesbrough,21,22
2005-06,MID,Middlesbrough,22,22
2005-06,MID,Middlesbrough,23,25
2005-06,MID,Middlesbrough,24,25
2005-06,MID,Middlesbrough,25,28
2005-06,MID,Middlesbrough,26,31
2005-06,MID,Middlesbrough,27,34
2005-06,MID,Middlesbrough,28,34
2005-06,MID,Middlesbrough,29,34
2005-06,MID,Middlesbrough,30,37
2005-06,MID,Middlesbrough,31,40
2005-06,MID,Middlesbrough,32,40
2005-06,MID,Middlesbrough,33,40
2005-06,MID,Middlesbrough,34,43
2005-06,MID,Middlesbrough,35,43
2005-06,MID,Middlesbrough,36,44
2005-06,MID,Middlesbrough,37,45
2005-06,MID,Middlesbrough,38,45
2005-06,MUN,Manchester United,1,3
2005-06,MUN,Manchester United,2,6
2005-06,MUN,Manchester United,3,9
2005-06,MUN,Manchester United,4,10
2005-06,MUN,Manchester United,5,11
2005-06,MUN,Manchester United,6,11
2005-06,MUN,Manchester United,7,14
2005-06,MUN,Manchester United,8,17
2005-06,MUN,Manchester United,9,18
2005-06,MUN,Manchester United,10,18
2005-06,MUN,Manchester United,11,21
2005-06,MUN,Manchester United,12,24
2005-06,MUN,Manchester United,13,27
2005-06,MUN,Manchester United,14,30
2005-06,MUN,Manchester United,15,31
2005-06,MUN,Manchester United,16,34
2005-06,MUN,Manchester United,17,37
2005-06,MUN,Manchester United,18,40
2005-06,MUN,Manchester United,19,41
2005-06,MUN,Manchester United,20,44
2005-06,MUN,Manchester United,21,45
2005-06,MUN,Manchester United,22,45
2005-06,MUN,Manchester United,23,48
2005-06,MUN,Manchester United,24,48
2005-06,MUN,Manchester United,25,51
2005-06,MUN,Manchester United,26,54
2005-06,MUN,Manchester United,27,57
2005-06,MUN,Manchester United,28,60
2005-06,MUN,Manchester United,29,63
2005-06,MUN,Manchester United,30,66
2005-06,MUN,Manchester United,31,69
2005-06,MUN,Manchester United,32,72
2005-06,MUN,Manchester United,33,75
2005-06,MUN,Manchester United,34,76
2005-06,MUN,Manchester United,35,79
2005-06,MUN,Manchester United,36,79
2005-06,MUN,Manchester United,37,80
2005-06,MUN,Manchester United,38,83
2005-06,NEW,Newcastle United,1,0
2005-06,NEW,Newcastle United,2,1
2005-06,NEW,Newcastle United,3,1
2005-06,NEW,Newcastle United,4,1
2005-06,NEW,Newcastle United,5,2
2005-06,NEW,Newcastle United,6,5
2005-06,NEW,Newcastle United,7,8
2005-06,NEW,Newcastle United,8,9
2005-06,NEW,Newcastle United,9,9
2005-06,NEW,Newcastle United,10,12
2005-06,NEW,Newcastle United,11,15
2005-06,NEW,Newcastle United,12,18
2005-06,NEW,Newcastle United,13,18
2005-06,NEW,Newcastle United,14,18
2005-06,NEW,Newcastle United,15,19
2005-06,NEW,Newcastle United,16,22
2005-06,NEW,Newcastle United,17,25
2005-06,NEW,Newcastle United,18,25
2005-06,NEW,Newcastle United,19,25
2005-06,NEW,Newcastle United,20,26
2005-06,NEW,Newcastle United,21,26
2005-06,NEW,Newcastle United,22,26
2005-06,NEW,Newcastle United,23,26
2005-06,NEW,Newcastle United,24,29
2005-06,NEW,Newcastle United,25,32
2005-06,NEW,Newcastle United,26,33
2005-06,NEW,Newcastle United,27,36
2005-06,NEW,Newcastle United,28,39
2005-06,NEW,Newcastle United,29,39
2005-06,NEW,Newcastle United,30,39
2005-06,NEW,Newcastle United,31,39
2005-06,NEW,Newcastle United,32,42
2005-06,NEW,Newcastle United,33,45
2005-06,NEW,Newcastle United,34,48
2005-06,NEW,Newcastle United,35,51
2005-06,NEW,Newcastle United,36,54
2005-06,NEW,Newcastle United,37,55
2005-06,NEW,Newcastle United,38,58
2005-06,POR,Portsmouth,1,0
2005-06,POR,Portsmouth,2,0
2005-06,POR,Portsmouth,3,1
2005-06,POR,Portsmouth,4,1
2005-06,POR,Portsmouth,5,4
2005-06,POR,Portsmouth,6,5
2005-06,POR,Portsmouth,7,5
2005-06,POR,Portsmouth,8,6
2005-06,POR,Portsmouth,9,7
2005-06,POR,Portsmouth,10,7
2005-06,POR,Portsmouth,11,10
2005-06,POR,Portsmouth,12,10
2005-06,POR,Portsmouth,13,10
2005-06,POR,Portsmouth,14,10
2005-06,POR,Portsmouth,15,10
2005-06,POR,Portsmouth,16,10
2005-06,POR,Portsmouth,17,13
2005-06,POR,Portsmouth,18,14
2005-06,POR,Portsmouth,19,14
2005-06,POR,Portsmouth,20,17
2005-06,POR,Portsmouth,21,17
2005-06,POR,Portsmouth,22,17
2005-06,POR,Portsmouth,23,17
2005-06,POR,Portsmouth,24,18
2005-06,POR,Portsmouth,25,18
2005-06,POR,Portsmouth,26,18
2005-06,POR,Portsmouth,27,18
2005-06,POR,Portsmouth,28,18
2005-06,POR,Portsmouth,29,21
2005-06,POR,Portsmouth,30,24
2005-06,POR,Portsmouth,31,27
2005-06,POR,Portsmouth,32,28
2005-06,POR,Portsmouth,33,29
2005-06,POR,Portsmouth,34,32
2005-06,POR,Portsmouth,35,32
2005-06,POR,Portsmouth,36,35
2005-06,POR,Portsmouth,37,38
2005-06,POR,Portsmouth,38,38
2005-06,SUN,Sunderland,1,0
2005-06,SUN,Sunderland,2,0
2005-06,SUN,Sunderland,3,0
2005-06,SUN,Sunderland,4,0
2005-06,SUN,Sunderland,5,0
2005-06,SUN,Sunderland,6,1
2005-06,SUN,Sunderland,7,4
2005-06,SUN,Sunderland,8,5
2005-06,SUN,Sunderland,9,5
2005-06,SUN,Sunderland,10,5
2005-06,SUN,Sunderland,11,5
2005-06,SUN,Sunderland,12,5
2005-06,SUN,Sunderland,13,5
2005-06,SUN,Sunderland,14,5
2005-06,SUN,Sunderland,15,5
2005-06,SUN,Sunderland,16,5
2005-06,SUN,Sunderland,17,5
2005-06,SUN,Sunderland,18,6
2005-06,SUN,Sunderland,19,6
2005-06,SUN,Sunderland,20,6
2005-06,SUN,Sunderland,21,6
2005-06,SUN,Sunderland,22,9
2005-06,SUN,Sunderland,23,9
2005-06,SUN,Sunderland,24,9
2005-06,SUN,Sunderland,25,10
2005-06,SUN,Sunderland,26,10
2005-06,SUN,Sunderland,27,10
2005-06,SUN,Sunderland,28,10
2005-06,SUN,Sunderland,29,10
2005-06,SUN,Sunderland,30,10
2005-06,SUN,Sunderland,31,10
2005-06,SUN,Sunderland,32,11
2005-06,SUN,Sunderland,33,12
2005-06,SUN,Sunderland,34,12
2005-06,SUN,Sunderland,35,12
2005-06,SUN,Sunderland,36,12
2005-06,SUN,Sunderland,37,15
2005-06,SUN,Sunderland,38,15
2005-06,TOT,Tottenham Hotspur,1,3
2005-06,TOT,Tottenham Hotspur,2,6
2005-06,TOT,Tottenham Hotspur,3,7
2005-06,TOT,Tottenham Hotspur,4,7
2005-06,TOT,Tottenham Hotspur,5,8
2005-06,TOT,Tottenham Hotspur,6,9
2005-06,TOT,Tottenham Hotspur,7,12
2005-06,TOT,Tottenham Hotspur,8,15
2005-06,TOT,Tottenham Hotspur,9,18
2005-06,TOT,Tottenham Hotspur,10,19
2005-06,TOT,Tottenham Hotspur,11,20
2005-06,TOT,Tottenham Hotspur,12,20
2005-06,TOT,Tottenham Hotspur,13,21
2005-06,TOT,Tottenham Hotspur,14,24
2005-06,TOT,Tottenham Hotspur,15,27
2005-06,TOT,Tottenham Hotspur,16,30
2005-06,TOT,Tottenham Hotspur,17,31
2005-06,TOT,Tottenham Hotspur,18,34
2005-06,TOT,Tottenham Hotspur,19,34
2005-06,TOT,Tottenham Hotspur,20,37
2005-06,TOT,Tottenham Hotspur,21,40
2005-06,TOT,Tottenham Hotspur,22,40
2005-06,TOT,Tottenham Hotspur,23,41
2005-06,TOT,Tottenham Hotspur,24,41
2005-06,TOT,Tottenham Hotspur,25,44
2005-06,TOT,Tottenham Hotspur,26,45
2005-06,TOT,Tottenham Hotspur,27,46
2005-06,TOT,Tottenham Hotspur,28,49
2005-06,TOT,Tottenham Hotspur,29,49
2005-06,TOT,Tottenham Hotspur,30,52
2005-06,TOT,Tottenham Hotspur,31,55
2005-06,TOT,Tottenham Hotspur,32,55
2005-06,TOT,Tottenham Hotspur,33,58
2005-06,TOT,Tottenham Hotspur,34,61
2005-06,TOT,Tottenham Hotspur,35,61
2005-06,TOT,Tottenham Hotspur,36,62
2005-06,TOT,Tottenham Hotspur,37,65
2005-06,TOT,Tottenham Hotspur,38,65
2005-06,WBA,West Bromwich Albion,1,1
2005-06,WBA,West Bromwich Albion,2,4
2005-06,WBA,West Bromwich Albion,3,4
2005-06,WBA,West Bromwich Albion,4,4
2005-06,WBA,West Bromwich Albion,5,4
2005-06,WBA,West Bromwich Albion,6,5
2005-06,WBA,West Bromwich Albion,7,5
2005-06,WBA,West Bromwich Albion,8,5
2005-06,WBA,West Bromwich Albion,9,8
2005-06,WBA,West Bromwich Albion,10,8
2005-06,WBA,West Bromwich Albion,11,8
2005-06,WBA,West Bromwich Albion,12,8
2005-06,WBA,West Bromwich Albion,13,11
2005-06,WBA,West Bromwich Albion,14,12
2005-06,WBA,West Bromwich Albion,15,13
2005-06,WBA,West Bromwich Albion,16,16
2005-06,WBA,West Bromwich Albion,17,16
2005-06,WBA,West Bromwich Albion,18,16
2005-06,WBA,West Bromwich Albion,19,19
2005-06,WBA,West Bromwich Albion,20,19
2005-06,WBA,West Bromwich Albion,21,19
2005-06,WBA,West Bromwich Albion,22,22
2005-06,WBA,West Bromwich Albion,23,22
2005-06,WBA,West Bromwich Albion,24,23
2005-06,WBA,West Bromwich Albion,25,26
2005-06,WBA,West Bromwich Albion,26,26
2005-06,WBA,West Bromwich Albion,27,26
2005-06,WBA,West Bromwich Albion,28,26
2005-06,WBA,West Bromwich Albion,29,27
2005-06,WBA,West Bromwich Albion,30,27
2005-06,WBA,West Bromwich Albion,31,27
2005-06,WBA,West Bromwich Albion,32,27
2005-06,WBA,West Bromwich Albion,33,28
2005-06,WBA,West Bromwich Albion,34,28
2005-06,WBA,West Bromwich Albion,35,29
2005-06,WBA,West Bromwich Albion,36,29
2005-06,WBA,West Bromwich Albion,37,29
2005-06,WBA,West Bromwich Albion,38,30
2005-06,WHU,West Ham United,1,3
2005-06,WHU,West Ham United,2,4
2005-06,WHU,West Ham United,3,4
2005-06,WHU,West Ham United,4,7
2005-06,WHU,West Ham United,5,10
2005-06,WHU,West Ham United,6,11
2005-06,WHU,West Ham United,7,12
2005-06,WHU,West Ham United,8,12
2005-06,WHU,West Ham United,9,15
2005-06,WHU,West Ham United,10,15
2005-06,WHU,West Ham United,11,18
2005-06,WHU,West Ham United,12,19
2005-06,WHU,West Ham United,13,19
2005-06,WHU,West Ham United,14,22
2005-06,WHU,West Ham United,15,22
2005-06,WHU,West Ham United,16,25
2005-06,WHU,West Ham United,17,25
2005-06,WHU,West Ham United,18,26
2005-06,WHU,West Ham United,19,26
2005-06,WHU,West Ham United,20,26
2005-06,WHU,West Ham United,21,26
2005-06,WHU,West Ham United,22,29
2005-06,WHU,West Ham United,23,32
2005-06,WHU,West Ham United,24,35
2005-06,WHU,West Ham United,25,38
2005-06,WHU,West Ham United,26,41
2005-06,WHU,West Ham United,27,42
2005-06,WHU,West Ham United,28,42
2005-06,WHU,West Ham United,29,42
2005-06,WHU,West Ham United,30,45
2005-06,WHU,West Ham United,31,45
2005-06,WHU,West Ham United,32,46
2005-06,WHU,West Ham United,33,46
2005-06,WHU,West Ham United,34,49
2005-06,WHU,West Ham United,35,49
2005-06,WHU,West Ham United,36,49
2005-06,WHU,West Ham United,37,52
2005-06,WHU,West Ham United,38,55
2005-06,WIG,Wigan Athletic,1,0
2005-06,WIG,Wigan Athletic,2,0
2005-06,WIG,Wigan Athletic,3,3
2005-06,WIG,Wigan Athletic,4,6
2005-06,WIG,Wigan Athletic,5,7
2005-06,WIG,Wigan Athletic,6,10
2005-06,WIG,Wigan Athletic,7,13
2005-06,WIG,Wigan Athletic,8,16
2005-06,WIG,Wigan Athletic,9,19
2005-06,WIG,Wigan Athletic,10,22
2005-06,WIG,Wigan Athletic,11,25
2005-06,WIG,Wigan Athletic,12,25
2005-06,WIG,Wigan Athletic,13,25
2005-06,WIG,Wigan Athletic,14,25
2005-06,WIG,Wigan Athletic,15,25
2005-06,WIG,Wigan Athletic,16,25
2005-06,WIG,Wigan Athletic,17,28
2005-06,WIG,Wigan Athletic,18,31
2005-06,WIG,Wigan Athletic,19,34
2005-06,WIG,Wigan Athletic,20,34
2005-06,WIG,Wigan Athletic,21,34
2005-06,WIG,Wigan Athletic,22,34
2005-06,WIG,Wigan Athletic,23,37
2005-06,WIG,Wigan Athletic,24,38
2005-06,WIG,Wigan Athletic,25,39
2005-06,WIG,Wigan Athletic,26,39
2005-06,WIG,Wigan Athletic,27,40
2005-06,WIG,Wigan Athletic,28,40
2005-06,WIG,Wigan Athletic,29,43
2005-06,WIG,Wigan Athletic,30,46
2005-06,WIG,Wigan Athletic,31,46
2005-06,WIG,Wigan Athletic,32,47
2005-06,WIG,Wigan Athletic,33,48
2005-06,WIG,Wigan Athletic,34,48
2005-06,WIG,Wigan Athletic,35,51
2005-06,WIG,Wigan Athletic,36,51
2005-06,WIG,Wigan Athletic,37,51
2005-06,WIG,Wigan Athletic,38,51
2006-07,ARS,Arsenal,1,1
2006-07,ARS,Arsenal,2,1
2006-07,ARS,Arsenal,3,2
2006-07,ARS,Arsenal,4,5
2006-07,ARS,Arsenal,5,8
2006-07,ARS,Arsenal,6,11
2006-07,ARS,Arsenal,7,14
2006-07,ARS,Arsenal,8,17
2006-07,ARS,Arsenal,9,18
2006-07,ARS,Arsenal,10,18
2006-07,ARS,Arsenal,11,21
2006-07,ARS,Arsenal,12,22
2006-07,ARS,Arsenal,13,22
2006-07,ARS,Arsenal,14,22
2006-07,ARS,Arsenal,15,25
2006-07,ARS,Arsenal,16,26
2006-07,ARS,Arsenal,17,29
2006-07,ARS,Arsenal,18,30
2006-07,ARS,Arsenal,19,33
2006-07,ARS,Arsenal,20,36
2006-07,ARS,Arsenal,21,36
2006-07,ARS,Arsenal,22,39
2006-07,ARS,Arsenal,23,42
2006-07,ARS,Arsenal,24,45
2006-07,ARS,Arsenal,25,46
2006-07,ARS,Arsenal,26,49
2006-07,ARS,Arsenal,27,52
2006-07,ARS,Arsenal,28,55
2006-07,ARS,Arsenal,29,55
2006-07,ARS,Arsenal,30,55
2006-07,ARS,Arsenal,31,55
2006-07,ARS,Arsenal,32,56
2006-07,ARS,Arsenal,33,59
2006-07,ARS,Arsenal,34,62
2006-07,ARS,Arsenal,35,63
2006-07,ARS,Arsenal,36,66
2006-07,ARS,Arsenal,37,67
2006-07,ARS,Arsenal,38,68
2006-07,AVL,Aston Villa,1,1
2006-07,AVL,Aston Villa,2,4
2006-07,AVL,Aston Villa,3,7
2006-07,AVL,Aston Villa,4,8
2006-07,AVL,Aston Villa,5,9
2006-07,AVL,Aston Villa,6,12
2006-07,AVL,Aston Villa,7,13
2006-07,AVL,Aston Villa,8,14
2006-07,AVL,Aston Villa,9,15
2006-07,AVL,Aston Villa,10,15
2006-07,AVL,Aston Villa,11,18
2006-07,AVL,Aston Villa,12,21
2006-07,AVL,Aston Villa,13,22
2006-07,AVL,Aston Villa,14,23
2006-07,AVL,Aston Villa,15,23
2006-07,AVL,Aston Villa,16,24
2006-07,AVL,Aston Villa,17,25
2006-07,AVL,Aston Villa,18,25
2006-07,AVL,Aston Villa,19,25
2006-07,AVL,Aston Villa,20,25
2006-07,AVL,Aston Villa,21,25
2006-07,AVL,Aston Villa,22,26
2006-07,AVL,Aston Villa,23,26
2006-07,AVL,Aston Villa,24,29
2006-07,AVL,Aston Villa,25,29
2006-07,AVL,Aston Villa,26,32
2006-07,AVL,Aston Villa,27,32
2006-07,AVL,Aston Villa,28,33
2006-07,AVL,Aston Villa,29,33
2006-07,AVL,Aston Villa,30,34
2006-07,AVL,Aston Villa,31,35
2006-07,AVL,Aston Villa,32,38
2006-07,AVL,Aston Villa,33,39
2006-07,AVL,Aston Villa,34,42
2006-07,AVL,Aston Villa,35,43
2006-07,AVL,Aston Villa,36,46
2006-07,AVL,Aston Villa,37,49
2006-07,AVL,Aston Villa,38,50
2006-07,BLA,Blackburn Rovers,1,0
2006-07,BLA,Blackburn Rovers,2,1
2006-07,BLA,Blackburn Rovers,3,1
2006-07,BLA,Blackburn Rovers,4,2
2006-07,BLA,Blackburn Rovers,5,5
2006-07,BLA,Blackburn Rovers,6,8
2006-07,BLA,Blackburn Rovers,7,11
2006-07,BLA,Blackburn Rovers,8,12
2006-07,BLA,Blackburn Rovers,9,12
2006-07,BLA,Blackburn Rovers,10,12
2006-07,BLA,Blackburn Rovers,11,12
2006-07,BLA,Blackburn Rovers,12,12
2006-07,BLA,Blackburn Rovers,13,13
2006-07,BLA,Blackburn Rovers,14,16
2006-07,BLA,Blackburn Rovers,15,16
2006-07,BLA,Blackburn Rovers,16,16
2006-07,BLA,Blackburn Rovers,17,19
2006-07,BLA,Blackburn Rovers,18,19
2006-07,BLA,Blackburn Rovers,19,22
2006-07,BLA,Blackburn Rovers,20,25
2006-07,BLA,Blackburn Rovers,21,28
2006-07,BLA,Blackburn Rovers,22,28
2006-07,BLA,Blackburn Rovers,23,31
2006-07,BLA,Blackburn Rovers,24,31
2006-07,BLA,Blackburn Rovers,25,31
2006-07,BLA,Blackburn Rovers,26,34
2006-07,BLA,Blackburn Rovers,27,34
2006-07,BLA,Blackburn Rovers,28,37
2006-07,BLA,Blackburn Rovers,29,40
2006-07,BLA,Blackburn Rovers,30,40
2006-07,BLA,Blackburn Rovers,31,40
2006-07,BLA,Blackburn Rovers,32,40
2006-07,BLA,Blackburn Rovers,33,43
2006-07,BLA,Blackburn Rovers,34,44
2006-07,BLA,Blackburn Rovers,35,47
2006-07,BLA,Blackburn Rovers,36,50
2006-07,BLA,Blackburn Rovers,37,51
2006-07,BLA,Blackburn Rovers,38,52
2006-07,BOL,Bolton Wanderers,1,3
2006-07,BOL,Bolton Wanderers,2,4
2006-07,BOL,Bolton Wanderers,3,4
2006-07,BOL,Bolton Wanderers,4,7
2006-07,BOL,Bolton Wanderers,5,8
2006-07,BOL,Bolton Wanderers,6,11
2006-07,BOL,Bolton Wanderers,7,14
2006-07,BOL,Bolton Wanderers,8,17
2006-07,BOL,Bolton Wanderers,9,20
2006-07,BOL,Bolton Wanderers,10,20
2006-07,BOL,Bolton Wanderers,11,20
2006-07,BOL,Bolton Wanderers,12,21
2006-07,BOL,Bolton Wanderers,13,21
2006-07,BOL,Bolton Wanderers,14,24
2006-07,BOL,Bolton Wanderers,15,24
2006-07,BOL,Bolton Wanderers,16,24
2006-07,BOL,Bolton Wanderers,17,27
2006-07,BOL,Bolton Wanderers,18,30
2006-07,BOL,Bolton Wanderers,19,33
2006-07,BOL,Bolton Wanderers,20,36
2006-07,BOL,Bolton Wanderers,21,39
2006-07,BOL,Bolton Wanderers,22,39
2006-07,BOL,Bolton Wanderers,23,40
2006-07,BOL,Bolton Wanderers,24,40
2006-07,BOL,Bolton Wanderers,25,41
2006-07,BOL,Bolton Wanderers,26,44
2006-07,BOL,Bolton Wanderers,27,47
2006-07,BOL,Bolton Wanderers,28,47
2006-07,BOL,Bolton Wanderers,29,47
2006-07,BOL,Bolton Wanderers,30,47
2006-07,BOL,Bolton Wanderers,31,50
2006-07,BOL,Bolton Wanderers,32,53
2006-07,BOL,Bolton Wanderers,33,54
2006-07,BOL,Bolton Wanderers,34,54
2006-07,BOL,Bolton Wanderers,35,54
2006-07,BOL,Bolton Wanderers,36,55
2006-07,BOL,Bolton Wanderers,37,55
2006-07,BOL,Bolton Wanderers,38,56
2006-07,CHA,Charlton Athletic,1,0
2006-07,CHA,Charlton Athletic,2,0
2006-07,CHA,Charlton Athletic,3,3
2006-07,CHA,Charlton Athletic,4,3
2006-07,CHA,Charlton Athletic,5,3
2006-07,CHA,Charlton Athletic,6,3
2006-07,CHA,Charlton Athletic,7,3
2006-07,CHA,Charlton Athletic,8,3
2006-07,CHA,Charlton Athletic,9,4
2006-07,CHA,Charlton Athletic,10,5
2006-07,CHA,Charlton Athletic,11,8
2006-07,CHA,Charlton Athletic,12,8
2006-07,CHA,Charlton Athletic,13,8
2006-07,CHA,Charlton Athletic,14,9
2006-07,CHA,Charlton Athletic,15,9
2006-07,CHA,Charlton Athletic,16,12
2006-07,CHA,Charlton Athletic,17,12
2006-07,CHA,Charlton Athletic,18,12
2006-07,CHA,Charlton Athletic,19,12
2006-07,CHA,Charlton Athletic,20,13
2006-07,CHA,Charlton Athletic,21,16
2006-07,CHA,Charlton Athletic,22,16
2006-07,CHA,Charlton Athletic,23,16
2006-07,CHA,Charlton Athletic,24,19
2006-07,CHA,Charlton Athletic,25,20
2006-07,CHA,Charlton Athletic,26,20
2006-07,CHA,Charlton Athletic,27,20
2006-07,CHA,Charlton Athletic,28,23
2006-07,CHA,Charlton Athletic,29,24
2006-07,CHA,Charlton Athletic,30,27
2006-07,CHA,Charlton Athletic,31,30
2006-07,CHA,Charlton Athletic,32,31
2006-07,CHA,Charlton Athletic,33,32
2006-07,CHA,Charlton Athletic,34,32
2006-07,CHA,Charlton Athletic,35,33
2006-07,CHA,Charlton Athletic,36,33
2006-07,CHA,Charlton Athletic,37,33
2006-07,CHA,Charlton Athletic,38,34
2006-07,CHE,Chelsea,1,3
2006-07,CHE,Chelsea,2,3
2006-07,CHE,Chelsea,3,6
2006-07,CHE,Chelsea,4,9
2006-07,CHE,Chelsea,5,12
2006-07,CHE,Chelsea,6,15
2006-07,CHE,Chelsea,7,16
2006-07,CHE,Chelsea,8,19
2006-07,CHE,Chelsea,9,22
2006-07,CHE,Chelsea,10,25
2006-07,CHE,Chelsea,11,25
2006-07,CHE,Chelsea,12,28
2006-07,CHE,Chelsea,13,31
2006-07,CHE,Chelsea,14,32
2006-07,CHE,Chelsea,15,35
2006-07,CHE,Chelsea,16,36
2006-07,CHE,Chelsea,17,39
2006-07,CHE,Chelsea,18,42
2006-07,CHE,Chelsea,19,45
2006-07,CHE,Chelsea,20,46
2006-07,CHE,Chelsea,21,47
2006-07,CHE,Chelsea,22,48
2006-07,CHE,Chelsea,23,51
2006-07,CHE,Chelsea,24,51
2006-07,CHE,Chelsea,25,54
2006-07,CHE,Chelsea,26,57
2006-07,CHE,Chelsea,27,60
2006-07,CHE,Chelsea,28,63
2006-07,CHE,Chelsea,29,66
2006-07,CHE,Chelsea,30,69
2006-07,CHE,Chelsea,31,72
2006-07,CHE,Chelsea,32,75
2006-07,CHE,Chelsea,33,78
2006-07,CHE,Chelsea,34,79
2006-07,CHE,Chelsea,35,80
2006-07,CHE,Chelsea,36,81
2006-07,CHE,Chelsea,37,82
2006-07,CHE,Chelsea,38,83
2006-07,EVE,Everton,1,3
2006-07,EVE,Everton,2,4
2006-07,EVE,Everton,3,7
2006-07,EVE,Everton,4,10
2006-07,EVE,Everton,5,11
2006-07,EVE,Everton,6,12
2006-07,EVE,Everton,7,13
2006-07,EVE,Everton,8,13
2006-07,EVE,Everton,9,16
2006-07,EVE,Everton,10,17
2006-07,EVE,Everton,11,17
2006-07,EVE,Everton,12,17
2006-07,EVE,Everton,13,20
2006-07,EVE,Everton,14,21
2006-07,EVE,Everton,15,21
2006-07,EVE,Everton,16,24
2006-07,EVE,Everton,17,24
2006-07,EVE,Everton,18,24
2006-07,EVE,Everton,19,27
2006-07,EVE,Everton,20,28
2006-07,EVE,Everton,21,31
2006-07,EVE,Everton,22,31
2006-07,EVE,Everton,23,32
2006-07,EVE,Everton,24,35
2006-07,EVE,Everton,25,36
2006-07,EVE,Everton,26,39
2006-07,EVE,Everton,27,39
2006-07,EVE,Everton,28,42
2006-07,EVE,Everton,29,43
2006-07,EVE,Everton,30,46
2006-07,EVE,Everton,31,47
2006-07,EVE,Everton,32,50
2006-07,EVE,Everton,33,51
2006-07,EVE,Everton,34,54
2006-07,EVE,Everton,35,54
2006-07,EVE,Everton,36,54
2006-07,EVE,Everton,37,57
2006-07,EVE,Everton,38,58
2006-07,FUL,Fulham,1,0
2006-07,FUL,Fulham,2,1
2006-07,FUL,Fulham,3,4
2006-07,FUL,Fulham,4,7
2006-07,FUL,Fulham,5,8
2006-07,FUL,Fulham,6,8
2006-07,FUL,Fulham,7,9
2006-07,FUL,Fulham,8,12
2006-07,FUL,Fulham,9,13
2006-07,FUL,Fulham,10,13
2006-07,FUL,Fulham,11,16
2006-07,FUL,Fulham,12,17
2006-07,FUL,Fulham,13,17
2006-07,FUL,Fulham,14,17
2006-07,FUL,Fulham,15,20
2006-07,FUL,Fulham,16,20
2006-07,FUL,Fulham,17,20
2006-07,FUL,Fulham,18,23
2006-07,FUL,Fulham,19,24
2006-07,FUL,Fulham,20,25
2006-07,FUL,Fulham,21,26
2006-07,FUL,Fulham,22,27
2006-07,FUL,Fulham,23,28
2006-07,FUL,Fulham,24,29
2006-07,FUL,Fulham,25,29
2006-07,FUL,Fulham,26,32
2006-07,FUL,Fulham,27,32
2006-07,FUL,Fulham,28,32
2006-07,FUL,Fulham,29,33
2006-07,FUL,Fulham,30,34
2006-07,FUL,Fulham,31,35
2006-07,FUL,Fulham,32,35
2006-07,FUL,Fulham,33,35
2006-07,FUL,Fulham,34,35
2006-07,FUL,Fulham,35,36
2006-07,FUL,Fulham,36,36
2006-07,FUL,Fulham,37,39
2006-07,FUL,Fulham,38,39
2006-07,LIV,Liverpool,1,1
2006-07,LIV,Liverpool,2,4
2006-07,LIV,Liverpool,3,4
2006-07,LIV,Liverpool,4,4
2006-07,LIV,Liverpool,5,7
2006-07,LIV,Liverpool,6,10
2006-07,LIV,Liverpool,7,10
2006-07,LIV,Liverpool,8,11
2006-07,LIV,Liverpool,9,11
2006-07,LIV,Liverpool,10,14
2006-07,LIV,Liverpool,11,17
2006-07,LIV,Liverpool,12,17
2006-07,LIV,Liverpool,13,18
2006-07,LIV,Liverpool,14,21
2006-07,LIV,Liverpool,15,22
2006-07,LIV,Liverpool,16,25
2006-07,LIV,Liverpool,17,28
2006-07,LIV,Liverpool,18,31
2006-07,LIV,Liverpool,19,34
2006-07,LIV,Liverpool,20,34
2006-07,LIV,Liverpool,21,37
2006-07,LIV,Liverpool,22,40
2006-07,LIV,Liverpool,23,43
2006-07,LIV,Liverpool,24,46
2006-07,LIV,Liverpool,25,49
2006-07,LIV,Liverpool,26,50
2006-07,LIV,Liverpool,27,50
2006-07,LIV,Liverpool,28,53
2006-07,LIV,Liverpool,29,53
2006-07,LIV,Liverpool,30,54
2006-07,LIV,Liverpool,31,57
2006-07,LIV,Liverpool,32,60
2006-07,LIV,Liverpool,33,61
2006-07,LIV,Liverpool,34,64
2006-07,LIV,Liverpool,35,67
2006-07,LIV,Liverpool,36,67
2006-07,LIV,Liverpool,37,67
2006-07,LIV,Liverpool,38,68
2006-07,MCI,Manchester City,1,0
2006-07,MCI,Manchester City,2,1
2006-07,MCI,Manchester City,3,4
2006-07,MCI,Manchester City,4,4
2006-07,MCI,Manchester City,5,4
2006-07,MCI,Manchester City,6,7
2006-07,MCI,Manchester City,7,8
2006-07,MCI,Manchester City,8,9
2006-07,MCI,Manchester City,9,9
2006-07,MCI,Manchester City,10,12
2006-07,MCI,Manchester City,11,12
2006-07,MCI,Manchester City,12,13
2006-07,MCI,Manchester City,13,16
2006-07,MCI,Manchester City,14,16
2006-07,MCI,Manchester City,15,19
2006-07,MCI,Manchester City,16,20
2006-07,MCI,Manchester City,17,20
2006-07,MCI,Manchester City,18,20
2006-07,MCI,Manchester City,19,20
2006-07,MCI,Manchester City,20,23
2006-07,MCI,Manchester City,21,26
2006-07,MCI,Manchester City,22,29
2006-07,MCI,Manchester City,23,30
2006-07,MCI,Manchester City,24,30
2006-07,MCI,Manchester City,25,30
2006-07,MCI,Manchester City,26,30
2006-07,MCI,Manchester City,27,30
2006-07,MCI,Manchester City,28,30
2006-07,MCI,Manchester City,29,33
2006-07,MCI,Manchester City,30,36
2006-07,MCI,Manchester City,31,37
2006-07,MCI,Manchester City,32,40
2006-07,MCI,Manchester City,33,41
2006-07,MCI,Manchester City,34,41
2006-07,MCI,Manchester City,35,42
2006-07,MCI,Manchester City,36,42
2006-07,MCI,Manchester City,37,42
2006-07,MCI,Manchester City,38,42
2006-07,MID,Middlesbrough,1,0
2006-07,MID,Middlesbrough,2,3
2006-07,MID,Middlesbrough,3,3
2006-07,MID,Middlesbrough,4,4
2006-07,MID,Middlesbrough,5,5
2006-07,MID,Middlesbrough,6,5
2006-07,MID,Middlesbrough,7,5
2006-07,MID,Middlesbrough,8,8
2006-07,MID,Middlesbrough,9,11
2006-07,MID,Middlesbrough,10,11
2006-07,MID,Middlesbrough,11,11
2006-07,MID,Middlesbrough,12,14
2006-07,MID,Middlesbrough,13,15
2006-07,MID,Middlesbrough,14,16
2006-07,MID,Middlesbrough,15,16
2006-07,MID,Middlesbrough,16,16
2006-07,MID,Middlesbrough,17,17
2006-07,MID,Middlesbrough,18,17
2006-07,MID,Middlesbrough,19,20
2006-07,MID,Middlesbrough,20,21
2006-07,MID,Middlesbrough,21,21
2006-07,MID,Middlesbrough,22,24
2006-07,MID,Middlesbrough,23,27
2006-07,MID,Middlesbrough,24,30
2006-07,MID,Middlesbrough,25,31
2006-07,MID,Middlesbrough,26,32
2006-07,MID,Middlesbrough,27,32
2006-07,MID,Middlesbrough,28,35
2006-07,MID,Middlesbrough,29,36
2006-07,MID,Middlesbrough,30,36
2006-07,MID,Middlesbrough,31,36
2006-07,MID,Middlesbrough,32,39
2006-07,MID,Middlesbrough,33,39
2006-07,MID,Middlesbrough,34,39
2006-07,MID,Middlesbrough,35,40
2006-07,MID,Middlesbrough,36,40
2006-07,MID,Middlesbrough,37,43
2006-07,MID,Middlesbrough,38,46
2006-07,MUN,Manchester United,1,3
2006-07,MUN,Manchester United,2,6
2006-07,MUN,Manchester United,3,9
2006-07,MUN,Manchester United,4,12
2006-07,MUN,Manchester United,5,12
2006-07,MUN,Manchester United,6,13
2006-07,MUN,Manchester United,7,16
2006-07,MUN,Manchester United,8,19
2006-07,MUN,Manchester United,9,22
2006-07,MUN,Manchester United,10,25
2006-07,MUN,Manchester United,11,28
2006-07,MUN,Manchester United,12,31
2006-07,MUN,Manchester United,13,34
2006-07,MUN,Manchester United,14,35
2006-07,MUN,Manchester United,15,38
2006-07,MUN,Manchester United,16,41
2006-07,MUN,Manchester United,17,44
2006-07,MUN,Manchester United,18,44
2006-07,MUN,Manchester United,19,47
2006-07,MUN,Manchester United,20,50
2006-07,MUN,Manchester United,21,53
2006-07,MUN,Manchester United,22,54
2006-07,MUN,Manchester United,23,57
2006-07,MUN,Manchester United,24,57
2006-07,MUN,Manchester United,25,60
2006-07,MUN,Manchester United,26,63
2006-07,MUN,Manchester United,27,66
2006-07,MUN,Manchester United,28,69
2006-07,MUN,Manchester United,29,72
2006-07,MUN,Manchester United,30,75
2006-07,MUN,Manchester United,31,78
2006-07,MUN,Manchester United,32,78
2006-07,MUN,Manchester United,33,81
2006-07,MUN,Manchester United,34,82
2006-07,MUN,Manchester United,35,85
2006-07,MUN,Manchester United,36,88
2006-07,MUN,Manchester United,37,89
2006-07,MUN,Manchester United,38,89
2006-07,NEW,Newcastle United,1,3
2006-07,NEW,Newcastle United,2,3
2006-07,NEW,Newcastle United,3,3
2006-07,NEW,Newcastle United,4,6
2006-07,NEW,Newcastle United,5,6
2006-07,NEW,Newcastle United,6,7
2006-07,NEW,Newcastle United,7,7
2006-07,NEW,Newcastle United,8,7
2006-07,NEW,Newcastle United,9,7
2006-07,NEW,Newcastle United,10,8
2006-07,NEW,Newcastle United,11,8
2006-07,NEW,Newcastle United,12,9
2006-07,NEW,Newcastle United,13,10
2006-07,NEW,Newcastle United,14,13
2006-07,NEW,Newcastle United,15,16
2006-07,NEW,Newcastle United,16,19
2006-07,NEW,Newcastle United,17,19
2006-07,NEW,Newcastle United,18,22
2006-07,NEW,Newcastle United,19,25
2006-07,NEW,Newcastle United,20,25
2006-07,NEW,Newcastle United,21,25
2006-07,NEW,Newcastle United,22,26
2006-07,NEW,Newcastle United,23,29
2006-07,NEW,Newcastle United,24,30
2006-07,NEW,Newcastle United,25,33
2006-07,NEW,Newcastle United,26,33
2006-07,NEW,Newcastle United,27,36
2006-07,NEW,Newcastle United,28,36
2006-07,NEW,Newcastle United,29,37
2006-07,NEW,Newcastle United,30,37
2006-07,NEW,Newcastle United,31,37
2006-07,NEW,Newcastle United,32,40
2006-07,NEW,Newcastle United,33,41
2006-07,NEW,Newcastle United,34,41
2006-07,NEW,Newcastle United,35,42
2006-07,NEW,Newcastle United,36,42
2006-07,NEW,Newcastle United,37,42
2006-07,NEW,Newcastle United,38,43
2006-07,POR,Portsmouth,1,3
2006-07,POR,Portsmouth,2,4
2006-07,POR,Portsmouth,3,7
2006-07,POR,Portsmouth,4,10
2006-07,POR,Portsmouth,5,13
2006-07,POR,Portsmouth,6,13
2006-07,POR,Portsmouth,7,13
2006-07,POR,Portsmouth,8,16
2006-07,POR,Portsmouth,9,16
2006-07,POR,Portsmouth,10,19
2006-07,POR,Portsmouth,11,19
2006-07,POR,Portsmouth,12,20
2006-07,POR,Portsmouth,13,23
2006-07,POR,Portsmouth,14,23
2006-07,POR,Portsmouth,15,24
2006-07,POR,Portsmouth,16,25
2006-07,POR,Portsmouth,17,28
2006-07,POR,Portsmouth,18,29
2006-07,POR,Portsmouth,19,32
2006-07,POR,Portsmouth,20,35
2006-07,POR,Portsmouth,21,35
2006-07,POR,Portsmouth,22,36
2006-07,POR,Portsmouth,23,37
2006-07,POR,Portsmouth,24,37
2006-07,POR,Portsmouth,25,38
2006-07,POR,Portsmouth,26,38
2006-07,POR,Portsmouth,27,41
2006-07,POR,Portsmouth,28,41
2006-07,POR,Portsmouth,29,41
2006-07,POR,Portsmouth,30,42
2006-07,POR,Portsmouth,31,43
2006-07,POR,Portsmouth,32,46
2006-07,POR,Portsmouth,33,46
2006-07,POR,Portsmouth,34,49
2006-07,POR,Portsmouth,35,50
2006-07,POR,Portsmouth,36,53
2006-07,POR,Portsmouth,37,53
2006-07,POR,Portsmouth,38,54
2006-07,REA,Reading,1,3
2006-07,REA,Reading,2,3
2006-07,REA,Reading,3,3
2006-07,REA,Reading,4,6
2006-07,REA,Reading,5,9
2006-07,REA,Reading,6,10
2006-07,REA,Reading,7,13
2006-07,REA,Reading,8,13
2006-07,REA,Reading,9,13
2006-07,REA,Reading,10,13
2006-07,REA,Reading,11,13
2006-07,REA,Reading,12,16
2006-07,REA,Reading,13,19
2006-07,REA,Reading,14,22
2006-07,REA,Reading,15,25
2006-07,REA,Reading,16,25
2006-07,REA,Reading,17,26
2006-07,REA,Reading,18,26
2006-07,REA,Reading,19,26
2006-07,REA,Reading,20,27
2006-07,REA,Reading,21,27
2006-07,REA,Reading,22,30
2006-07,REA,Reading,23,31
2006-07,REA,Reading,24,34
2006-07,REA,Reading,25,37
2006-07,REA,Reading,26,40
2006-07,REA,Reading,27,43
2006-07,REA,Reading,28,43
2006-07,REA,Reading,29,43
2006-07,REA,Reading,30,44
2006-07,REA,Reading,31,44
2006-07,REA,Reading,32,44
2006-07,REA,Reading,33,45
2006-07,REA,Reading,34,48
2006-07,REA,Reading,35,51
2006-07,REA,Reading,36,54
2006-07,REA,Reading,37,54
2006-07,REA,Reading,38,55
2006-07,SHU,Sheffield United,1,1
2006-07,SHU,Sheffield United,2,1
2006-07,SHU,Sheffield United,3,1
2006-07,SHU,Sheffield United,4,2
2006-07,SHU,Sheffield United,5,2
2006-07,SHU,Sheffield United,6,2
2006-07,SHU,Sheffield United,7,5
2006-07,SHU,Sheffield United,8,6
2006-07,SHU,Sheffield United,9,6
2006-07,SHU,Sheffield United,10,6
2006-07,SHU,Sheffield United,11,9
2006-07,SHU,Sheffield United,12,10
2006-07,SHU,Sheffield United,13,10
2006-07,SHU,Sheffield United,14,10
2006-07,SHU,Sheffield United,15,13
2006-07,SHU,Sheffield United,16,16
2006-07,SHU,Sheffield United,17,17
2006-07,SHU,Sheffield United,18,20
2006-07,SHU,Sheffield United,19,20
2006-07,SHU,Sheffield United,20,20
2006-07,SHU,Sheffield United,21,23
2006-07,SHU,Sheffield United,22,23
2006-07,SHU,Sheffield United,23,24
2006-07,SHU,Sheffield United,24,24
2006-07,SHU,Sheffield United,25,27
2006-07,SHU,Sheffield United,26,27
2006-07,SHU,Sheffield United,27,30
2006-07,SHU,Sheffield United,28,30
2006-07,SHU,Sheffield United,29,31
2006-07,SHU,Sheffield United,30,31
2006-07,SHU,Sheffield United,31,31
2006-07,SHU,Sheffield United,32,31
2006-07,SHU,Sheffield United,33,34
2006-07,SHU,Sheffield United,34,34
2006-07,SHU,Sheffield United,35,35
2006-07,SHU,Sheffield United,36,38
2006-07,SHU,Sheffield United,37,38
2006-07,SHU,Sheffield United,38,38
2006-07,TOT,Tottenham Hotspur,1,0
2006-07,TOT,Tottenham Hotspur,2,3
2006-07,TOT,Tottenham Hotspur,3,3
2006-07,TOT,Tottenham Hotspur,4,3
2006-07,TOT,Tottenham Hotspur,5,4
2006-07,TOT,Tottenham Hotspur,6,4
2006-07,TOT,Tottenham Hotspur,7,7
2006-07,TOT,Tottenham Hotspur,8,8
2006-07,TOT,Tottenham Hotspur,9,11
2006-07,TOT,Tottenham Hotspur,10,12
2006-07,TOT,Tottenham Hotspur,11,15
2006-07,TOT,Tottenham Hotspur,12,15
2006-07,TOT,Tottenham Hotspur,13,16
2006-07,TOT,Tottenham Hotspur,14,19
2006-07,TOT,Tottenham Hotspur,15,19
2006-07,TOT,Tottenham Hotspur,16,22
2006-07,TOT,Tottenham Hotspur,17,25
2006-07,TOT,Tottenham Hotspur,18,28
2006-07,TOT,Tottenham Hotspur,19,28
2006-07,TOT,Tottenham Hotspur,20,31
2006-07,TOT,Tottenham Hotspur,21,31
2006-07,TOT,Tottenham Hotspur,22,32
2006-07,TOT,Tottenham Hotspur,23,32
2006-07,TOT,Tottenham Hotspur,24,33
2006-07,TOT,Tottenham Hotspur,25,33
2006-07,TOT,Tottenham Hotspur,26,33
2006-07,TOT,Tottenham Hotspur,27,36
2006-07,TOT,Tottenham Hotspur,28,39
2006-07,TOT,Tottenham Hotspur,29,42
2006-07,TOT,Tottenham Hotspur,30,45
2006-07,TOT,Tottenham Hotspur,31,48
2006-07,TOT,Tottenham Hotspur,32,48
2006-07,TOT,Tottenham Hotspur,33,49
2006-07,TOT,Tottenham Hotspur,34,50
2006-07,TOT,Tottenham Hotspur,35,53
2006-07,TOT,Tottenham Hotspur,36,56
2006-07,TOT,Tottenham Hotspur,37,57
2006-07,TOT,Tottenham Hotspur,38,60
2006-07,WAT,Watford,1,0
2006-07,WAT,Watford,2,1
2006-07,WAT,Watford,3,1
2006-07,WAT,Watford,4,1
2006-07,WAT,Watford,5,2
2006-07,WAT,Watford,6,3
2006-07,WAT,Watford,7,4
2006-07,WAT,Watford,8,4
2006-07,WAT,Watford,9,5
2006-07,WAT,Watford,10,6
2006-07,WAT,Watford,11,9
2006-07,WAT,Watford,12,9
2006-07,WAT,Watford,13,9
2006-07,WAT,Watford,14,9
2006-07,WAT,Watford,15,10
2006-07,WAT,Watford,16,11
2006-07,WAT,Watford,17,11
2006-07,WAT,Watford,18,11
2006-07,WAT,Watford,19,11
2006-07,WAT,Watford,20,12
2006-07,WAT,Watford,21,12
2006-07,WAT,Watford,22,12
2006-07,WAT,Watford,23,15
2006-07,WAT,Watford,24,15
2006-07,WAT,Watford,25,15
2006-07,WAT,Watford,26,18
2006-07,WAT,Watford,27,19
2006-07,WAT,Watford,28,19
2006-07,WAT,Watford,29,20
2006-07,WAT,Watford,30,20
2006-07,WAT,Watford,31,20
2006-07,WAT,Watford,32,20
2006-07,WAT,Watford,33,23
2006-07,WAT,Watford,34,23
2006-07,WAT,Watford,35,24
2006-07,WAT,Watford,36,24
2006-07,WAT,Watford,37,27
2006-07,WAT,Watford,38,28
2006-07,WHU,West Ham United,1,3
2006-07,WHU,West Ham United,2,4
2006-07,WHU,West Ham United,3,4
2006-07,WHU,West Ham United,4,5
2006-07,WHU,West Ham United,5,5
2006-07,WHU,West Ham United,6,5
2006-07,WHU,West Ham United,7,5
2006-07,WHU,West Ham United,8,5
2006-07,WHU,West Ham United,9,5
2006-07,WHU,West Ham United,10,8
2006-07,WHU,West Ham United,11,11
2006-07,WHU,West Ham United,12,11
2006-07,WHU,West Ham United,13,11
2006-07,WHU,West Ham United,14,14
2006-07,WHU,West Ham United,15,14
2006-07,WHU,West Ham United,16,14
2006-07,WHU,West Ham United,17,14
2006-07,WHU,West Ham United,18,17
2006-07,WHU,West Ham United,19,18
2006-07,WHU,West Ham United,20,18
2006-07,WHU,West Ham United,21,18
2006-07,WHU,West Ham United,22,18
2006-07,WHU,West Ham United,23,19
2006-07,WHU,West Ham United,24,20
2006-07,WHU,West Ham United,25,20
2006-07,WHU,West Ham United,26,20
2006-07,WHU,West Ham United,27,20
2006-07,WHU,West Ham United,28,20
2006-07,WHU,West Ham United,29,20
2006-07,WHU,West Ham United,30,23
2006-07,WHU,West Ham United,31,26
2006-07,WHU,West Ham United,32,29
2006-07,WHU,West Ham United,33,29
2006-07,WHU,West Ham United,34,29
2006-07,WHU,West Ham United,35,32
2006-07,WHU,West Ham United,36,35
2006-07,WHU,West Ham United,37,38
2006-07,WHU,West Ham United,38,41
2006-07,WIG,Wigan Athletic,1,0
2006-07,WIG,Wigan Athletic,2,3
2006-07,WIG,Wigan Athletic,3,3
2006-07,WIG,Wigan Athletic,4,4
2006-07,WIG,Wigan Athletic,5,5
2006-07,WIG,Wigan Athletic,6,5
2006-07,WIG,Wigan Athletic,7,5
2006-07,WIG,Wigan Athletic,8,8
2006-07,WIG,Wigan Athletic,9,11
2006-07,WIG,Wigan Athletic,10,14
2006-07,WIG,Wigan Athletic,11,17
2006-07,WIG,Wigan Athletic,12,18
2006-07,WIG,Wigan Athletic,13,18
2006-07,WIG,Wigan Athletic,14,18
2006-07,WIG,Wigan Athletic,15,21
2006-07,WIG,Wigan Athletic,16,22
2006-07,WIG,Wigan Athletic,17,22
2006-07,WIG,Wigan Athletic,18,22
2006-07,WIG,Wigan Athletic,19,22
2006-07,WIG,Wigan Athletic,20,22
2006-07,WIG,Wigan Athletic,21,22
2006-07,WIG,Wigan Athletic,22,22
2006-07,WIG,Wigan Athletic,23,22
2006-07,WIG,Wigan Athletic,24,22
2006-07,WIG,Wigan Athletic,25,25
2006-07,WIG,Wigan Athletic,26,25
2006-07,WIG,Wigan Athletic,27,26
2006-07,WIG,Wigan Athletic,28,29
2006-07,WIG,Wigan Athletic,29,32
2006-07,WIG,Wigan Athletic,30,33
2006-07,WIG,Wigan Athletic,31,33
2006-07,WIG,Wigan Athletic,32,33
2006-07,WIG,Wigan Athletic,33,34
2006-07,WIG,Wigan Athletic,34,35
2006-07,WIG,Wigan Athletic,35,35
2006-07,WIG,Wigan Athletic,36,35
2006-07,WIG,Wigan Athletic,37,35
2006-07,WIG,Wigan Athletic,38,38
2007-08,ARS,Arsenal,1,3
2007-08,ARS,Arsenal,2,4
2007-08,ARS,Arsenal,3,7
2007-08,ARS,Arsenal,4,10
2007-08,ARS,Arsenal,5,13
2007-08,ARS,Arsenal,6,16
2007-08,ARS,Arsenal,7,19
2007-08,ARS,Arsenal,8,22
2007-08,ARS,Arsenal,9,25
2007-08,ARS,Arsenal,10,26
2007-08,ARS,Arsenal,11,27
2007-08,ARS,Arsenal,12,30
2007-08,ARS,Arsenal,13,33
2007-08,ARS,Arsenal,14,36
2007-08,ARS,Arsenal,15,37
2007-08,ARS,Arsenal,16,37
2007-08,ARS,Arsenal,17,40
2007-08,ARS,Arsenal,18,43
2007-08,ARS,Arsenal,19,44
2007-08,ARS,Arsenal,20,47
2007-08,ARS,Arsenal,21,50
2007-08,ARS,Arsenal,22,51
2007-08,ARS,Arsenal,23,54
2007-08,ARS,Arsenal,24,57
2007-08,ARS,Arsenal,25,60
2007-08,ARS,Arsenal,26,63
2007-08,ARS,Arsenal,27,64
2007-08,ARS,Arsenal,28,65
2007-08,ARS,Arsenal,29,66
2007-08,ARS,Arsenal,30,67
2007-08,ARS,Arsenal,31,67
2007-08,ARS,Arsenal,32,70
2007-08,ARS,Arsenal,33,71
2007-08,ARS,Arsenal,34,71
2007-08,ARS,Arsenal,35,74
2007-08,ARS,Arsenal,36,77
2007-08,ARS,Arsenal,37,80
2007-08,ARS,Arsenal,38,83
2007-08,AVL,Aston Villa,1,0
2007-08,AVL,Aston Villa,2,1
2007-08,AVL,Aston Villa,3,4
2007-08,AVL,Aston Villa,4,7
2007-08,AVL,Aston Villa,5,7
2007-08,AVL,Aston Villa,6,10
2007-08,AVL,Aston Villa,7,11
2007-08,AVL,Aston Villa,8,14
2007-08,AVL,Aston Villa,9,14
2007-08,AVL,Aston Villa,10,15
2007-08,AVL,Aston Villa,11,18
2007-08,AVL,Aston Villa,12,21
2007-08,AVL,Aston Villa,13,24
2007-08,AVL,Aston Villa,14,27
2007-08,AVL,Aston Villa,15,27
2007-08,AVL,Aston Villa,16,27
2007-08,AVL,Aston Villa,17,28
2007-08,AVL,Aston Villa,18,29
2007-08,AVL,Aston Villa,19,30
2007-08,AVL,Aston Villa,20,33
2007-08,AVL,Aston Villa,21,36
2007-08,AVL,Aston Villa,22,39
2007-08,AVL,Aston Villa,23,40
2007-08,AVL,Aston Villa,24,41
2007-08,AVL,Aston Villa,25,41
2007-08,AVL,Aston Villa,26,44
2007-08,AVL,Aston Villa,27,47
2007-08,AVL,Aston Villa,28,48
2007-08,AVL,Aston Villa,29,49
2007-08,AVL,Aston Villa,30,49
2007-08,AVL,Aston Villa,31,49
2007-08,AVL,Aston Villa,32,49
2007-08,AVL,Aston Villa,33,52
2007-08,AVL,Aston Villa,34,55
2007-08,AVL,Aston Villa,35,58
2007-08,AVL,Aston Villa,36,59
2007-08,AVL,Aston Villa,37,59
2007-08,AVL,Aston Villa,38,60
2007-08,BIR,Birmingham City,1,0
2007-08,BIR,Birmingham City,2,1
2007-08,BIR,Birmingham City,3,1
2007-08,BIR,Birmingham City,4,4
2007-08,BIR,Birmingham City,5,4
2007-08,BIR,Birmingham City,6,7
2007-08,BIR,Birmingham City,7,8
2007-08,BIR,Birmingham City,8,8
2007-08,BIR,Birmingham City,9,8
2007-08,BIR,Birmingham City,10,8
2007-08,BIR,Birmingham City,11,11
2007-08,BIR,Birmingham City,12,11
2007-08,BIR,Birmingham City,13,11
2007-08,BIR,Birmingham City,14,11
2007-08,BIR,Birmingham City,15,14
2007-08,BIR,Birmingham City,16,14
2007-08,BIR,Birmingham City,17,15
2007-08,BIR,Birmingham City,18,15
2007-08,BIR,Birmingham City,19,18
2007-08,BIR,Birmingham City,20,19
2007-08,BIR,Birmingham City,21,19
2007-08,BIR,Birmingham City,22,20
2007-08,BIR,Birmingham City,23,20
2007-08,BIR,Birmingham City,24,20
2007-08,BIR,Birmingham City,25,21
2007-08,BIR,Birmingham City,26,22
2007-08,BIR,Birmingham City,27,23
2007-08,BIR,Birmingham City,28,26
2007-08,BIR,Birmingham City,29,26
2007-08,BIR,Birmingham City,30,27
2007-08,BIR,Birmingham City,31,27
2007-08,BIR,Birmingham City,32,30
2007-08,BIR,Birmingham City,33,30
2007-08,BIR,Birmingham City,34,31
2007-08,BIR,Birmingham City,35,31
2007-08,BIR,Birmingham City,36,32
2007-08,BIR,Birmingham City,37,32
2007-08,BIR,Birmingham City,38,35
2007-08,BLA,Blackburn Rovers,1,3
2007-08,BLA,Blackburn Rovers,2,4
2007-08,BLA,Blackburn Rovers,3,5
2007-08,BLA,Blackburn Rovers,4,8
2007-08,BLA,Blackburn Rovers,5,9
2007-08,BLA,Blackburn Rovers,6,9
2007-08,BLA,Blackburn Rovers,7,12
2007-08,BLA,Blackburn Rovers,8,15
2007-08,BLA,Blackburn Rovers,9,18
2007-08,BLA,Blackburn Rovers,10,21
2007-08,BLA,Blackburn Rovers,11,22
2007-08,BLA,Blackburn Rovers,12,22
2007-08,BLA,Blackburn Rovers,13,23
2007-08,BLA,Blackburn Rovers,14,23
2007-08,BLA,Blackburn Rovers,15,26
2007-08,BLA,Blackburn Rovers,16,26
2007-08,BLA,Blackburn Rovers,17,26
2007-08,BLA,Blackburn Rovers,18,26
2007-08,BLA,Blackburn Rovers,19,27
2007-08,BLA,Blackburn Rovers,20,30
2007-08,BLA,Blackburn Rovers,21,33
2007-08,BLA,Blackburn Rovers,22,36
2007-08,BLA,Blackburn Rovers,23,37
2007-08,BLA,Blackburn Rovers,24,38
2007-08,BLA,Blackburn Rovers,25,39
2007-08,BLA,Blackburn Rovers,26,39
2007-08,BLA,Blackburn Rovers,27,42
2007-08,BLA,Blackburn Rovers,28,45
2007-08,BLA,Blackburn Rovers,29,46
2007-08,BLA,Blackburn Rovers,30,46
2007-08,BLA,Blackburn Rovers,31,49
2007-08,BLA,Blackburn Rovers,32,50
2007-08,BLA,Blackburn Rovers,33,51
2007-08,BLA,Blackburn Rovers,34,51
2007-08,BLA,Blackburn Rovers,35,52
2007-08,BLA,Blackburn Rovers,36,55
2007-08,BLA,Blackburn Rovers,37,58
2007-08,BLA,Blackburn Rovers,38,58
2007-08,BOL,Bolton Wanderers,1,0
2007-08,BOL,Bolton Wanderers,2,0
2007-08,BOL,Bolton Wanderers,3,0
2007-08,BOL,Bolton Wanderers,4,3
2007-08,BOL,Bolton Wanderers,5,3
2007-08,BOL,Bolton Wanderers,6,3
2007-08,BOL,Bolton Wanderers,7,4
2007-08,BOL,Bolton Wanderers,8,5
2007-08,BOL,Bolton Wanderers,9,5
2007-08,BOL,Bolton Wanderers,10,5
2007-08,BOL,Bolton Wanderers,11,6
2007-08,BOL,Bolton Wanderers,12,7
2007-08,BOL,Bolton Wanderers,13,8
2007-08,BOL,Bolton Wanderers,14,11
2007-08,BOL,Bolton Wanderers,15,11
2007-08,BOL,Bolton Wanderers,16,14
2007-08,BOL,Bolton Wanderers,17,14
2007-08,BOL,Bolton Wanderers,18,17
2007-08,BOL,Bolton Wanderers,19,17
2007-08,BOL,Bolton Wanderers,20,17
2007-08,BOL,Bolton Wanderers,21,20
2007-08,BOL,Bolton Wanderers,22,20
2007-08,BOL,Bolton Wanderers,23,21
2007-08,BOL,Bolton Wanderers,24,22
2007-08,BOL,Bolton Wanderers,25,25
2007-08,BOL,Bolton Wanderers,26,25
2007-08,BOL,Bolton Wanderers,27,25
2007-08,BOL,Bolton Wanderers,28,25
2007-08,BOL,Bolton Wanderers,29,25
2007-08,BOL,Bolton Wanderers,30,25
2007-08,BOL,Bolton Wanderers,31,26
2007-08,BOL,Bolton Wanderers,32,26
2007-08,BOL,Bolton Wanderers,33,26
2007-08,BOL,Bolton Wanderers,34,29
2007-08,BOL,Bolton Wanderers,35,32
2007-08,BOL,Bolton Wanderers,36,33
2007-08,BOL,Bolton Wanderers,37,36
2007-08,BOL,Bolton Wanderers,38,37
2007-08,CHE,Chelsea,1,3
2007-08,CHE,Chelsea,2,6
2007-08,CHE,Chelsea,3,7
2007-08,CHE,Chelsea,4,10
2007-08,CHE,Chelsea,5,10
2007-08,CHE,Chelsea,6,11
2007-08,CHE,Chelsea,7,11
2007-08,CHE,Chelsea,8,12
2007-08,CHE,Chelsea,9,15
2007-08,CHE,Chelsea,10,18
2007-08,CHE,Chelsea,11,21
2007-08,CHE,Chelsea,12,24
2007-08,CHE,Chelsea,13,25
2007-08,CHE,Chelsea,14,28
2007-08,CHE,Chelsea,15,31
2007-08,CHE,Chelsea,16,34
2007-08,CHE,Chelsea,17,34
2007-08,CHE,Chelsea,18,37
2007-08,CHE,Chelsea,19,38
2007-08,CHE,Chelsea,20,41
2007-08,CHE,Chelsea,21,44
2007-08,CHE,Chelsea,22,47
2007-08,CHE,Chelsea,23,50
2007-08,CHE,Chelsea,24,53
2007-08,CHE,Chelsea,25,54
2007-08,CHE,Chelsea,26,55
2007-08,CHE,Chelsea,27,58
2007-08,CHE,Chelsea,28,61
2007-08,CHE,Chelsea,29,64
2007-08,CHE,Chelsea,30,65
2007-08,CHE,Chelsea,31,68
2007-08,CHE,Chelsea,32,71
2007-08,CHE,Chelsea,33,74
2007-08,CHE,Chelsea,34,75
2007-08,CHE,Chelsea,35,78
2007-08,CHE,Chelsea,36,81
2007-08,CHE,Chelsea,37,84
2007-08,CHE,Chelsea,38,85
2007-08,DER,Derby County,1,1
2007-08,DER,Derby County,2,1
2007-08,DER,Derby County,3,1
2007-08,DER,Derby County,4,1
2007-08,DER,Derby County,5,1
2007-08,DER,Derby County,6,4
2007-08,DER,Derby County,7,4
2007-08,DER,Derby County,8,5
2007-08,DER,Derby County,9,5
2007-08,DER,Derby County,10,6
2007-08,DER,Derby County,11,6
2007-08,DER,Derby County,12,6
2007-08,DER,Derby County,13,6
2007-08,DER,Derby County,14,6
2007-08,DER,Derby County,15,6
2007-08,DER,Derby County,16,6
2007-08,DER,Derby County,17,6
2007-08,DER,Derby County,18,7
2007-08,DER,Derby County,19,7
2007-08,DER,Derby County,20,7
2007-08,DER,Derby County,21,7
2007-08,DER,Derby County,22,7
2007-08,DER,Derby County,23,7
2007-08,DER,Derby County,24,8
2007-08,DER,Derby County,25,9
2007-08,DER,Derby County,26,9
2007-08,DER,Derby County,27,9
2007-08,DER,Derby County,28,10
2007-08,DER,Derby County,29,10
2007-08,DER,Derby County,30,10
2007-08,DER,Derby County,31,10
2007-08,DER,Derby County,32,11
2007-08,DER,Derby County,33,11
2007-08,DER,Derby County,34,11
2007-08,DER,Derby County,35,11
2007-08,DER,Derby County,36,11
2007-08,DER,Derby County,37,11
2007-08,DER,Derby County,38,11
2007-08,EVE,Everton,1,3
2007-08,EVE,Everton,2,6
2007-08,EVE,Everton,3,6
2007-08,EVE,Everton,4,7
2007-08,EVE,Everton,5,10
2007-08,EVE,Everton,6,10
2007-08,EVE,Everton,7,10
2007-08,EVE,Everton,8,13
2007-08,EVE,Everton,9,13
2007-08,EVE,Everton,10,13
2007-08,EVE,Everton,11,16
2007-08,EVE,Everton,12,19
2007-08,EVE,Everton,13,20
2007-08,EVE,Everton,14,23
2007-08,EVE,Everton,15,24
2007-08,EVE,Everton,16,27
2007-08,EVE,Everton,17,30
2007-08,EVE,Everton,18,30
2007-08,EVE,Everton,19,33
2007-08,EVE,Everton,20,33
2007-08,EVE,Everton,21,36
2007-08,EVE,Everton,22,39
2007-08,EVE,Everton,23,42
2007-08,EVE,Everton,24,43
2007-08,EVE,Everton,25,44
2007-08,EVE,Everton,26,47
2007-08,EVE,Everton,27,50
2007-08,EVE,Everton,28,53
2007-08,EVE,Everton,29,56
2007-08,EVE,Everton,30,56
2007-08,EVE,Everton,31,57
2007-08,EVE,Everton,32,57
2007-08,EVE,Everton,33,60
2007-08,EVE,Everton,34,61
2007-08,EVE,Everton,35,61
2007-08,EVE,Everton,36,62
2007-08,EVE,Everton,37,62
2007-08,EVE,Everton,38,65
2007-08,FUL,Fulham,1,0
2007-08,FUL,Fulham,2,3
2007-08,FUL,Fulham,3,3
2007-08,FUL,Fulham,4,3
2007-08,FUL,Fulham,5,4
2007-08,FUL,Fulham,6,5
2007-08,FUL,Fulham,7,6
2007-08,FUL,Fulham,8,7
2007-08,FUL,Fulham,9,7
2007-08,FUL,Fulham,10,8
2007-08,FUL,Fulham,11,9
2007-08,FUL,Fulham,12,12
2007-08,FUL,Fulham,13,12
2007-08,FUL,Fulham,14,13
2007-08,FUL,Fulham,15,13
2007-08,FUL,Fulham,16,13
2007-08,FUL,Fulham,17,13
2007-08,FUL,Fulham,18,14
2007-08,FUL,Fulham,19,14
2007-08,FUL,Fulham,20,15
2007-08,FUL,Fulham,21,15
2007-08,FUL,Fulham,22,15
2007-08,FUL,Fulham,23,15
2007-08,FUL,Fulham,24,16
2007-08,FUL,Fulham,25,19
2007-08,FUL,Fulham,26,19
2007-08,FUL,Fulham,27,19
2007-08,FUL,Fulham,28,19
2007-08,FUL,Fulham,29,20
2007-08,FUL,Fulham,30,23
2007-08,FUL,Fulham,31,23
2007-08,FUL,Fulham,32,24
2007-08,FUL,Fulham,33,24
2007-08,FUL,Fulham,34,27
2007-08,FUL,Fulham,35,27
2007-08,FUL,Fulham,36,30
2007-08,FUL,Fulham,37,33
2007-08,FUL,Fulham,38,36
2007-08,LIV,Liverpool,1,3
2007-08,LIV,Liverpool,2,4
2007-08,LIV,Liverpool,3,7
2007-08,LIV,Liverpool,4,10
2007-08,LIV,Liverpool,5,11
2007-08,LIV,Liverpool,6,12
2007-08,LIV,Liverpool,7,15
2007-08,LIV,Liverpool,8,16
2007-08,LIV,Liverpool,9,19
2007-08,LIV,Liverpool,10,20
2007-08,LIV,Liverpool,11,21
2007-08,LIV,Liverpool,12,24
2007-08,LIV,Liverpool,13,27
2007-08,LIV,Liverpool,14,30
2007-08,LIV,Liverpool,15,30
2007-08,LIV,Liverpool,16,30
2007-08,LIV,Liverpool,17,33
2007-08,LIV,Liverpool,18,36
2007-08,LIV,Liverpool,19,37
2007-08,LIV,Liverpool,20,38
2007-08,LIV,Liverpool,21,39
2007-08,LIV,Liverpool,22,40
2007-08,LIV,Liverpool,23,40
2007-08,LIV,Liverpool,24,43
2007-08,LIV,Liverpool,25,44
2007-08,LIV,Liverpool,26,47
2007-08,LIV,Liverpool,27,50
2007-08,LIV,Liverpool,28,53
2007-08,LIV,Liverpool,29,56
2007-08,LIV,Liverpool,30,59
2007-08,LIV,Liverpool,31,59
2007-08,LIV,Liverpool,32,62
2007-08,LIV,Liverpool,33,63
2007-08,LIV,Liverpool,34,66
2007-08,LIV,Liverpool,35,69
2007-08,LIV,Liverpool,36,70
2007-08,LIV,Liverpool,37,73
2007-08,LIV,Liverpool,38,76
2007-08,MCI,Manchester City,1,3
2007-08,MCI,Manchester City,2,6
2007-08,MCI,Manchester City,3,9
2007-08,MCI,Manchester City,4,9
2007-08,MCI,Manchester City,5,9
2007-08,MCI,Manchester City,6,12
2007-08,MCI,Manchester City,7,13
2007-08,MCI,Manchester City,8,16
2007-08,MCI,Manchester City,9,19
2007-08,MCI,Manchester City,10,22
2007-08,MCI,Manchester City,11,22
2007-08,MCI,Manchester City,12,25
2007-08,MCI,Manchester City,13,26
2007-08,MCI,Manchester City,14,29
2007-08,MCI,Manchester City,15,30
2007-08,MCI,Manchester City,16,30
2007-08,MCI,Manchester City,17,33
2007-08,MCI,Manchester City,18,34
2007-08,MCI,Manchester City,19,35
2007-08,MCI,Manchester City,20,36
2007-08,MCI,Manchester City,21,39
2007-08,MCI,Manchester City,22,39
2007-08,MCI,Manchester City,23,40
2007-08,MCI,Manchester City,24,41
2007-08,MCI,Manchester City,25,41
2007-08,MCI,Manchester City,26,44
2007-08,MCI,Manchester City,27,44
2007-08,MCI,Manchester City,28,45
2007-08,MCI,Manchester City,29,45
2007-08,MCI,Manchester City,30,48
2007-08,MCI,Manchester City,31,49
2007-08,MCI,Manchester City,32,49
2007-08,MCI,Manchester City,33,49
2007-08,MCI,Manchester City,34,52
2007-08,MCI,Manchester City,35,55
2007-08,MCI,Manchester City,36,55
2007-08,MCI,Manchester City,37,55
2007-08,MCI,Manchester City,38,55
2007-08,MID,Middlesbrough,1,0
2007-08,MID,Middlesbrough,2,0
2007-08,MID,Middlesbrough,3,3
2007-08,MID,Middlesbrough,4,4
2007-08,MID,Middlesbrough,5,7
2007-08,MID,Middlesbrough,6,7
2007-08,MID,Middlesbrough,7,8
2007-08,MID,Middlesbrough,8,8
2007-08,MID,Middlesbrough,9,8
2007-08,MID,Middlesbrough,10,8
2007-08,MID,Middlesbrough,11,8
2007-08,MID,Middlesbrough,12,9
2007-08,MID,Middlesbrough,13,10
2007-08,MID,Middlesbrough,14,10
2007-08,MID,Middlesbrough,15,11
2007-08,MID,Middlesbrough,16,14
2007-08,MID,Middlesbrough,17,17
2007-08,MID,Middlesbrough,18,17
2007-08,MID,Middlesbrough,19,17
2007-08,MID,Middlesbrough,20,20
2007-08,MID,Middlesbrough,21,20
2007-08,MID,Middlesbrough,22,21
2007-08,MID,Middlesbrough,23,22
2007-08,MID,Middlesbrough,24,25
2007-08,MID,Middlesbrough,25,26
2007-08,MID,Middlesbrough,26,29
2007-08,MID,Middlesbrough,27,29
2007-08,MID,Middlesbrough,28,29
2007-08,MID,Middlesbrough,29,30
2007-08,MID,Middlesbrough,30,31
2007-08,MID,Middlesbrough,31,34
2007-08,MID,Middlesbrough,32,34
2007-08,MID,Middlesbrough,33,35
2007-08,MID,Middlesbrough,34,36
2007-08,MID,Middlesbrough,35,36
2007-08,MID,Middlesbrough,36,36
2007-08,MID,Middlesbrough,37,39
2007-08,MID,Middlesbrough,38,42
2007-08,MUN,Manchester United,1,1
2007-08,MUN,Manchester United,2,2
2007-08,MUN,Manchester United,3,2
2007-08,MUN,Manchester United,4,5
2007-08,MUN,Manchester United,5,8
2007-08,MUN,Manchester United,6,11
2007-08,MUN,Manchester United,7,14
2007-08,MUN,Manchester United,8,17
2007-08,MUN,Manchester United,9,20
2007-08,MUN,Manchester United,10,23
2007-08,MUN,Manchester United,11,26
2007-08,MUN,Manchester United,12,27
2007-08,MUN,Manchester United,13,30
2007-08,MUN,Manchester United,14,30
2007-08,MUN,Manchester United,15,33
2007-08,MUN,Manchester United,16,36
2007-08,MUN,Manchester United,17,39
2007-08,MUN,Manchester United,18,42
2007-08,MUN,Manchester United,19,45
2007-08,MUN,Manchester United,20,45
2007-08,MUN,Manchester United,21,48
2007-08,MUN,Manchester United,22,51
2007-08,MUN,Manchester United,23,54
2007-08,MUN,Manchester United,24,57
2007-08,MUN,Manchester United,25,58
2007-08,MUN,Manchester United,26,58
2007-08,MUN,Manchester United,27,61
2007-08,MUN,Manchester United,28,64
2007-08,MUN,Manchester United,29,67
2007-08,MUN,Manchester United,30,70
2007-08,MUN,Manchester United,31,73
2007-08,MUN,Manchester United,32,76
2007-08,MUN,Manchester United,33,77
2007-08,MUN,Manchester United,34,80
2007-08,MUN,Manchester United,35,81
2007-08,MUN,Manchester United,36,81
2007-08,MUN,Manchester United,37,84
2007-08,MUN,Manchester United,38,87
2007-08,NEW,Newcastle United,1,3
2007-08,NEW,Newcastle United,2,4
2007-08,NEW,Newcastle United,3,5
2007-08,NEW,Newcastle United,4,8
2007-08,NEW,Newcastle United,5,8
2007-08,NEW,Newcastle United,6,11
2007-08,NEW,Newcastle United,7,11
2007-08,NEW,Newcastle United,8,14
2007-08,NEW,Newcastle United,9,17
2007-08,NEW,Newcastle United,10,17
2007-08,NEW,Newcastle United,11,17
2007-08,NEW,Newcastle United,12,18
2007-08,NEW,Newcastle United,13,18
2007-08,NEW,Newcastle United,14,18
2007-08,NEW,Newcastle United,15,19
2007-08,NEW,Newcastle United,16,22
2007-08,NEW,Newcastle United,17,25
2007-08,NEW,Newcastle United,18,26
2007-08,NEW,Newcastle United,19,26
2007-08,NEW,Newcastle United,20,26
2007-08,NEW,Newcastle United,21,26
2007-08,NEW,Newcastle United,22,26
2007-08,NEW,Newcastle United,23,27
2007-08,NEW,Newcastle United,24,27
2007-08,NEW,Newcastle United,25,28
2007-08,NEW,Newcastle United,26,28
2007-08,NEW,Newcastle United,27,28
2007-08,NEW,Newcastle United,28,28
2007-08,NEW,Newcastle United,29,28
2007-08,NEW,Newcastle United,30,29
2007-08,NEW,Newcastle United,31,32
2007-08,NEW,Newcastle United,32,35
2007-08,NEW,Newcastle United,33,38
2007-08,NEW,Newcastle United,34,39
2007-08,NEW,Newcastle United,35,42
2007-08,NEW,Newcastle United,36,43
2007-08,NEW,Newcastle United,37,43
2007-08,NEW,Newcastle United,38,43
2007-08,POR,Portsmouth,1,1
2007-08,POR,Portsmouth,2,2
2007-08,POR,Portsmouth,3,5
2007-08,POR,Portsmouth,4,5
2007-08,POR,Portsmouth,5,5
2007-08,POR,Portsmouth,6,6
2007-08,POR,Portsmouth,7,9
2007-08,POR,Portsmouth,8,12
2007-08,POR,Portsmouth,9,15
2007-08,POR,Portsmouth,10,18
2007-08,POR,Portsmouth,11,19
2007-08,POR,Portsmouth,12,22
2007-08,POR,Portsmouth,13,23
2007-08,POR,Portsmouth,14,26
2007-08,POR,Portsmouth,15,27
2007-08,POR,Portsmouth,16,30
2007-08,POR,Portsmouth,17,30
2007-08,POR,Portsmouth,18,30
2007-08,POR,Portsmouth,19,31
2007-08,POR,Portsmouth,20,31
2007-08,POR,Portsmouth,21,34
2007-08,POR,Portsmouth,22,34
2007-08,POR,Portsmouth,23,37
2007-08,POR,Portsmouth,24,37
2007-08,POR,Portsmouth,25,38
2007-08,POR,Portsmouth,26,41
2007-08,POR,Portsmouth,27,44
2007-08,POR,Portsmouth,28,44
2007-08,POR,Portsmouth,29,47
2007-08,POR,Portsmouth,30,50
2007-08,POR,Portsmouth,31,50
2007-08,POR,Portsmouth,32,53
2007-08,POR,Portsmouth,33,56
2007-08,POR,Portsmouth,34,57
2007-08,POR,Portsmouth,35,57
2007-08,POR,Portsmouth,36,57
2007-08,POR,Portsmouth,37,57
2007-08,POR,Portsmouth,38,57
2007-08,REA,Reading,1,1
2007-08,REA,Reading,2,1
2007-08,REA,Reading,3,4
2007-08,REA,Reading,4,4
2007-08,REA,Reading,5,4
2007-08,REA,Reading,6,4
2007-08,REA,Reading,7,7
2007-08,REA,Reading,8,7
2007-08,REA,Reading,9,10
2007-08,REA,Reading,10,10
2007-08,REA,Reading,11,13
2007-08,REA,Reading,12,13
2007-08,REA,Reading,13,13
2007-08,REA,Reading,14,13
2007-08,REA,Reading,15,14
2007-08,REA,Reading,16,17
2007-08,REA,Reading,17,18
2007-08,REA,Reading,18,21
2007-08,REA,Reading,19,22
2007-08,REA,Reading,20,22
2007-08,REA,Reading,21,22
2007-08,REA,Reading,22,22
2007-08,REA,Reading,23,22
2007-08,REA,Reading,24,22
2007-08,REA,Reading,25,22
2007-08,REA,Reading,26,22
2007-08,REA,Reading,27,22
2007-08,REA,Reading,28,25
2007-08,REA,Reading,29,28
2007-08,REA,Reading,30,28
2007-08,REA,Reading,31,31
2007-08,REA,Reading,32,32
2007-08,REA,Reading,33,32
2007-08,REA,Reading,34,32
2007-08,REA,Reading,35,32
2007-08,REA,Reading,36,33
2007-08,REA,Reading,37,33
2007-08,REA,Reading,38,36
2007-08,SUN,Sunderland,1,3
2007-08,SUN,Sunderland,2,4
2007-08,SUN,Sunderland,3,4
2007-08,SUN,Sunderland,4,4
2007-08,SUN,Sunderland,5,4
2007-08,SUN,Sunderland,6,7
2007-08,SUN,Sunderland,7,8
2007-08,SUN,Sunderland,8,8
2007-08,SUN,Sunderland,9,8
2007-08,SUN,Sunderland,10,8
2007-08,SUN,Sunderland,11,9
2007-08,SUN,Sunderland,12,9
2007-08,SUN,Sunderland,13,10
2007-08,SUN,Sunderland,14,10
2007-08,SUN,Sunderland,15,13
2007-08,SUN,Sunderland,16,13
2007-08,SUN,Sunderland,17,14
2007-08,SUN,Sunderland,18,14
2007-08,SUN,Sunderland,19,14
2007-08,SUN,Sunderland,20,17
2007-08,SUN,Sunderland,21,17
2007-08,SUN,Sunderland,22,20
2007-08,SUN,Sunderland,23,20
2007-08,SUN,Sunderland,24,23
2007-08,SUN,Sunderland,25,23
2007-08,SUN,Sunderland,26,26
2007-08,SUN,Sunderland,27,26
2007-08,SUN,Sunderland,28,27
2007-08,SUN,Sunderland,29,27
2007-08,SUN,Sunderland,30,27
2007-08,SUN,Sunderland,31,30
2007-08,SUN,Sunderland,32,33
2007-08,SUN,Sunderland,33,36
2007-08,SUN,Sunderland,34,36
2007-08,SUN,Sunderland,35,36
2007-08,SUN,Sunderland,36,39
2007-08,SUN,Sunderland,37,39
2007-08,SUN,Sunderland,38,39
2007-08,TOT,Tottenham Hotspur,1,0
2007-08,TOT,Tottenham Hotspur,2,0
2007-08,TOT,Tottenham Hotspur,3,3
2007-08,TOT,Tottenham Hotspur,4,3
2007-08,TOT,Tottenham Hotspur,5,4
2007-08,TOT,Tottenham Hotspur,6,4
2007-08,TOT,Tottenham Hotspur,7,5
2007-08,TOT,Tottenham Hotspur,8,6
2007-08,TOT,Tottenham Hotspur,9,7
2007-08,TOT,Tottenham Hotspur,10,7
2007-08,TOT,Tottenham Hotspur,11,7
2007-08,TOT,Tottenham Hotspur,12,8
2007-08,TOT,Tottenham Hotspur,13,11
2007-08,TOT,Tottenham Hotspur,14,12
2007-08,TOT,Tottenham Hotspur,15,12
2007-08,TOT,Tottenham Hotspur,16,15
2007-08,TOT,Tottenham Hotspur,17,18
2007-08,TOT,Tottenham Hotspur,18,18
2007-08,TOT,Tottenham Hotspur,19,21
2007-08,TOT,Tottenham Hotspur,20,24
2007-08,TOT,Tottenham Hotspur,21,24
2007-08,TOT,Tottenham Hotspur,22,24
2007-08,TOT,Tottenham Hotspur,23,27
2007-08,TOT,Tottenham Hotspur,24,28
2007-08,TOT,Tottenham Hotspur,25,29
2007-08,TOT,Tottenham Hotspur,26,32
2007-08,TOT,Tottenham Hotspur,27,32
2007-08,TOT,Tottenham Hotspur,28,35
2007-08,TOT,Tottenham Hotspur,29,35
2007-08,TOT,Tottenham Hotspur,30,36
2007-08,TOT,Tottenham Hotspur,31,39
2007-08,TOT,Tottenham Hotspur,32,39
2007-08,TOT,Tottenham Hotspur,33,40
2007-08,TOT,Tottenham Hotspur,34,41
2007-08,TOT,Tottenham Hotspur,35,42
2007-08,TOT,Tottenham Hotspur,36,43
2007-08,TOT,Tottenham Hotspur,37,46
2007-08,TOT,Tottenham Hotspur,38,46
2007-08,WHU,West Ham United,1,0
2007-08,WHU,West Ham United,2,3
2007-08,WHU,West Ham United,3,4
2007-08,WHU,West Ham United,4,7
2007-08,WHU,West Ham United,5,10
2007-08,WHU,West Ham United,6,10
2007-08,WHU,West Ham United,7,10
2007-08,WHU,West Ham United,8,10
2007-08,WHU,West Ham United,9,13
2007-08,WHU,West Ham United,10,14
2007-08,WHU,West Ham United,11,15
2007-08,WHU,West Ham United,12,18
2007-08,WHU,West Ham United,13,19
2007-08,WHU,West Ham United,14,19
2007-08,WHU,West Ham United,15,22
2007-08,WHU,West Ham United,16,22
2007-08,WHU,West Ham United,17,25
2007-08,WHU,West Ham United,18,26
2007-08,WHU,West Ham United,19,29
2007-08,WHU,West Ham United,20,29
2007-08,WHU,West Ham United,21,32
2007-08,WHU,West Ham United,22,33
2007-08,WHU,West Ham United,23,36
2007-08,WHU,West Ham United,24,36
2007-08,WHU,West Ham United,25,37
2007-08,WHU,West Ham United,26,40
2007-08,WHU,West Ham United,27,40
2007-08,WHU,West Ham United,28,40
2007-08,WHU,West Ham United,29,40
2007-08,WHU,West Ham United,30,43
2007-08,WHU,West Ham United,31,44
2007-08,WHU,West Ham United,32,44
2007-08,WHU,West Ham United,33,44
2007-08,WHU,West Ham United,34,44
2007-08,WHU,West Ham United,35,47
2007-08,WHU,West Ham United,36,48
2007-08,WHU,West Ham United,37,48
2007-08,WHU,West Ham United,38,49
2007-08,WIG,Wigan Athletic,1,0
2007-08,WIG,Wigan Athletic,2,3
2007-08,WIG,Wigan Athletic,3,6
2007-08,WIG,Wigan Athletic,4,7
2007-08,WIG,Wigan Athletic,5,7
2007-08,WIG,Wigan Athletic,6,8
2007-08,WIG,Wigan Athletic,7,8
2007-08,WIG,Wigan Athletic,8,8
2007-08,WIG,Wigan Athletic,9,8
2007-08,WIG,Wigan Athletic,10,8
2007-08,WIG,Wigan Athletic,11,8
2007-08,WIG,Wigan Athletic,12,8
2007-08,WIG,Wigan Athletic,13,8
2007-08,WIG,Wigan Athletic,14,8
2007-08,WIG,Wigan Athletic,15,9
2007-08,WIG,Wigan Athletic,16,9
2007-08,WIG,Wigan Athletic,17,12
2007-08,WIG,Wigan Athletic,18,13
2007-08,WIG,Wigan Athletic,19,16
2007-08,WIG,Wigan Athletic,20,16
2007-08,WIG,Wigan Athletic,21,17
2007-08,WIG,Wigan Athletic,22,20
2007-08,WIG,Wigan Athletic,23,20
2007-08,WIG,Wigan Athletic,24,20
2007-08,WIG,Wigan Athletic,25,23
2007-08,WIG,Wigan Athletic,26,23
2007-08,WIG,Wigan Athletic,27,26
2007-08,WIG,Wigan Athletic,28,27
2007-08,WIG,Wigan Athletic,29,28
2007-08,WIG,Wigan Athletic,30,31
2007-08,WIG,Wigan Athletic,31,31
2007-08,WIG,Wigan Athletic,32,31
2007-08,WIG,Wigan Athletic,33,34
2007-08,WIG,Wigan Athletic,34,35
2007-08,WIG,Wigan Athletic,35,36
2007-08,WIG,Wigan Athletic,36,37
2007-08,WIG,Wigan Athletic,37,40
2007-08,WIG,Wigan Athletic,38,40
2008-09,ARS,Arsenal,1,3
2008-09,ARS,Arsenal,2,3
2008-09,ARS,Arsenal,3,6
2008-09,ARS,Arsenal,4,9
2008-09,ARS,Arsenal,5,12
2008-09,ARS,Arsenal,6,12
2008-09,ARS,Arsenal,7,13
2008-09,ARS,Arsenal,8,16
2008-09,ARS,Arsenal,9,19
2008-09,ARS,Arsenal,10,20
2008-09,ARS,Arsenal,11,20
2008-09,ARS,Arsenal,12,23
2008-09,ARS,Arsenal,13,23
2008-09,ARS,Arsenal,14,23
2008-09,ARS,Arsenal,15,26
2008-09,ARS,Arsenal,16,29
2008-09,ARS,Arsenal,17,30
2008-09,ARS,Arsenal,18,31
2008-09,ARS,Arsenal,19,32
2008-09,ARS,Arsenal,20,35
2008-09,ARS,Arsenal,21,38
2008-09,ARS,Arsenal,22,41
2008-09,ARS,Arsenal,23,42
2008-09,ARS,Arsenal,24,43
2008-09,ARS,Arsenal,25,44
2008-09,ARS,Arsenal,26,45
2008-09,ARS,Arsenal,27,46
2008-09,ARS,Arsenal,28,49
2008-09,ARS,Arsenal,29,52
2008-09,ARS,Arsenal,30,55
2008-09,ARS,Arsenal,31,58
2008-09,ARS,Arsenal,32,61
2008-09,ARS,Arsenal,33,62
2008-09,ARS,Arsenal,34,65
2008-09,ARS,Arsenal,35,68
2008-09,ARS,Arsenal,36,68
2008-09,ARS,Arsenal,37,69
2008-09,ARS,Arsenal,38,72
2008-09,AVL,Aston Villa,1,3
2008-09,AVL,Aston Villa,2,3
2008-09,AVL,Aston Villa,3,4
2008-09,AVL,Aston Villa,4,7
2008-09,AVL,Aston Villa,5,10
2008-09,AVL,Aston Villa,6,13
2008-09,AVL,Aston Villa,7,13
2008-09,AVL,Aston Villa,8,14
2008-09,AVL,Aston Villa,9,17
2008-09,AVL,Aston Villa,10,20
2008-09,AVL,Aston Villa,11,20
2008-09,AVL,Aston Villa,12,20
2008-09,AVL,Aston Villa,13,23
2008-09,AVL,Aston Villa,14,24
2008-09,AVL,Aston Villa,15,25
2008-09,AVL,Aston Villa,16,28
2008-09,AVL,Aston Villa,17,31
2008-09,AVL,Aston Villa,18,34
2008-09,AVL,Aston Villa,19,35
2008-09,AVL,Aston Villa,20,38
2008-09,AVL,Aston Villa,21,41
2008-09,AVL,Aston Villa,22,44
2008-09,AVL,Aston Villa,23,47
2008-09,AVL,Aston Villa,24,48
2008-09,AVL,Aston Villa,25,51
2008-09,AVL,Aston Villa,26,51
2008-09,AVL,Aston Villa,27,52
2008-09,AVL,Aston Villa,28,52
2008-09,AVL,Aston Villa,29,52
2008-09,AVL,Aston Villa,30,52
2008-09,AVL,Aston Villa,31,52
2008-09,AVL,Aston Villa,32,53
2008-09,AVL,Aston Villa,33,54
2008-09,AVL,Aston Villa,34,55
2008-09,AVL,Aston Villa,35,58
2008-09,AVL,Aston Villa,36,58
2008-09,AVL,Aston Villa,37,59
2008-09,AVL,Aston Villa,38,62
2008-09,BLA,Blackburn Rovers,1,3
2008-09,BLA,Blackburn Rovers,2,4
2008-09,BLA,Blackburn Rovers,3,4
2008-09,BLA,Blackburn Rovers,4,4
2008-09,BLA,Blackburn Rovers,5,7
2008-09,BLA,Blackburn Rovers,6,10
2008-09,BLA,Blackburn Rovers,7,10
2008-09,BLA,Blackburn Rovers,8,11
2008-09,BLA,Blackburn Rovers,9,12
2008-09,BLA,Blackburn Rovers,10,12
2008-09,BLA,Blackburn Rovers,11,13
2008-09,BLA,Blackburn Rovers,12,13
2008-09,BLA,Blackburn Rovers,13,13
2008-09,BLA,Blackburn Rovers,14,13
2008-09,BLA,Blackburn Rovers,15,13
2008-09,BLA,Blackburn Rovers,16,13
2008-09,BLA,Blackburn Rovers,17,13
2008-09,BLA,Blackburn Rovers,18,16
2008-09,BLA,Blackburn Rovers,19,17
2008-09,BLA,Blackburn Rovers,20,18
2008-09,BLA,Blackburn Rovers,21,21
2008-09,BLA,Blackburn Rovers,22,22
2008-09,BLA,Blackburn Rovers,23,23
2008-09,BLA,Blackburn Rovers,24,23
2008-09,BLA,Blackburn Rovers,25,23
2008-09,BLA,Blackburn Rovers,26,26
2008-09,BLA,Blackburn Rovers,27,27
2008-09,BLA,Blackburn Rovers,28,30
2008-09,BLA,Blackburn Rovers,29,30
2008-09,BLA,Blackburn Rovers,30,31
2008-09,BLA,Blackburn Rovers,31,34
2008-09,BLA,Blackburn Rovers,32,34
2008-09,BLA,Blackburn Rovers,33,34
2008-09,BLA,Blackburn Rovers,34,37
2008-09,BLA,Blackburn Rovers,35,37
2008-09,BLA,Blackburn Rovers,36,40
2008-09,BLA,Blackburn Rovers,37,40
2008-09,BLA,Blackburn Rovers,38,41
2008-09,BOL,Bolton Wanderers,1,3
2008-09,BOL,Bolton Wanderers,2,3
2008-09,BOL,Bolton Wanderers,3,4
2008-09,BOL,Bolton Wanderers,4,4
2008-09,BOL,Bolton Wanderers,5,4
2008-09,BOL,Bolton Wanderers,6,4
2008-09,BOL,Bolton Wanderers,7,7
2008-09,BOL,Bolton Wanderers,8,8
2008-09,BOL,Bolton Wanderers,9,8
2008-09,BOL,Bolton Wanderers,10,8
2008-09,BOL,Bolton Wanderers,11,11
2008-09,BOL,Bolton Wanderers,12,14
2008-09,BOL,Bolton Wanderers,13,14
2008-09,BOL,Bolton Wanderers,14,17
2008-09,BOL,Bolton Wanderers,15,20
2008-09,BOL,Bolton Wanderers,16,20
2008-09,BOL,Bolton Wanderers,17,20
2008-09,BOL,Bolton Wanderers,18,23
2008-09,BOL,Bolton Wanderers,19,23
2008-09,BOL,Bolton Wanderers,20,23
2008-09,BOL,Bolton Wanderers,21,23
2008-09,BOL,Bolton Wanderers,22,23
2008-09,BOL,Bolton Wanderers,23,24
2008-09,BOL,Bolton Wanderers,24,27
2008-09,BOL,Bolton Wanderers,25,27
2008-09,BOL,Bolton Wanderers,26,30
2008-09,BOL,Bolton Wanderers,27,33
2008-09,BOL,Bolton Wanderers,28,33
2008-09,BOL,Bolton Wanderers,29,33
2008-09,BOL,Bolton Wanderers,30,34
2008-09,BOL,Bolton Wanderers,31,37
2008-09,BOL,Bolton Wanderers,32,37
2008-09,BOL,Bolton Wanderers,33,37
2008-09,BOL,Bolton Wanderers,34,38
2008-09,BOL,Bolton Wanderers,35,39
2008-09,BOL,Bolton Wanderers,36,40
2008-09,BOL,Bolton Wanderers,37,41
2008-09,BOL,Bolton Wanderers,38,41
2008-09,CHE,Chelsea,1,3
2008-09,CHE,Chelsea,2,6
2008-09,CHE,Chelsea,3,7
2008-09,CHE,Chelsea,4,10
2008-09,CHE,Chelsea,5,11
2008-09,CHE,Chelsea,6,14
2008-09,CHE,Chelsea,7,17
2008-09,CHE,Chelsea,8,20
2008-09,CHE,Chelsea,9,20
2008-09,CHE,Chelsea,10,23
2008-09,CHE,Chelsea,11,26
2008-09,CHE,Chelsea,12,29
2008-09,CHE,Chelsea,13,32
2008-09,CHE,Chelsea,14,33
2008-09,CHE,Chelsea,15,33
2008-09,CHE,Chelsea,16,36
2008-09,CHE,Chelsea,17,37
2008-09,CHE,Chelsea,18,38
2008-09,CHE,Chelsea,19,41
2008-09,CHE,Chelsea,20,42
2008-09,CHE,Chelsea,21,42
2008-09,CHE,Chelsea,22,45
2008-09,CHE,Chelsea,23,48
2008-09,CHE,Chelsea,24,48
2008-09,CHE,Chelsea,25,49
2008-09,CHE,Chelsea,26,52
2008-09,CHE,Chelsea,27,55
2008-09,CHE,Chelsea,28,58
2008-09,CHE,Chelsea,29,61
2008-09,CHE,Chelsea,30,61
2008-09,CHE,Chelsea,31,64
2008-09,CHE,Chelsea,32,67
2008-09,CHE,Chelsea,33,68
2008-09,CHE,Chelsea,34,71
2008-09,CHE,Chelsea,35,74
2008-09,CHE,Chelsea,36,77
2008-09,CHE,Chelsea,37,80
2008-09,CHE,Chelsea,38,83
2008-09,EVE,Everton,1,0
2008-09,EVE,Everton,2,3
2008-09,EVE,Everton,3,3
2008-09,EVE,Everton,4,6
2008-09,EVE,Everton,5,7
2008-09,EVE,Everton,6,7
2008-09,EVE,Everton,7,8
2008-09,EVE,Everton,8,8
2008-09,EVE,Everton,9,9
2008-09,EVE,Everton,10,12
2008-09,EVE,Everton,11,15
2008-09,EVE,Everton,12,18
2008-09,EVE,Everton,13,19
2008-09,EVE,Everton,14,19
2008-09,EVE,Everton,15,22
2008-09,EVE,Everton,16,22
2008-09,EVE,Everton,17,25
2008-09,EVE,Everton,18,26
2008-09,EVE,Everton,19,29
2008-09,EVE,Everton,20,32
2008-09,EVE,Everton,21,35
2008-09,EVE,Everton,22,36
2008-09,EVE,Everton,23,37
2008-09,EVE,Everton,24,37
2008-09,EVE,Everton,25,40
2008-09,EVE,Everton,26,41
2008-09,EVE,Everton,27,44
2008-09,EVE,Everton,28,45
2008-09,EVE,Everton,29,48
2008-09,EVE,Everton,30,48
2008-09,EVE,Everton,31,51
2008-09,EVE,Everton,32,52
2008-09,EVE,Everton,33,53
2008-09,EVE,Everton,34,53
2008-09,EVE,Everton,35,56
2008-09,EVE,Everton,36,57
2008-09,EVE,Everton,37,60
2008-09,EVE,Everton,38,63
2008-09,FUL,Fulham,1,0
2008-09,FUL,Fulham,2,3
2008-09,FUL,Fulham,3,6
2008-09,FUL,Fulham,4,6
2008-09,FUL,Fulham,5,6
2008-09,FUL,Fulham,6,6
2008-09,FUL,Fulham,7,7
2008-09,FUL,Fulham,8,8
2008-09,FUL,Fulham,9,11
2008-09,FUL,Fulham,10,11
2008-09,FUL,Fulham,11,14
2008-09,FUL,Fulham,12,17
2008-09,FUL,Fulham,13,18
2008-09,FUL,Fulham,14,19
2008-09,FUL,Fulham,15,20
2008-09,FUL,Fulham,16,21
2008-09,FUL,Fulham,17,24
2008-09,FUL,Fulham,18,25
2008-09,FUL,Fulham,19,26
2008-09,FUL,Fulham,20,26
2008-09,FUL,Fulham,21,26
2008-09,FUL,Fulham,22,29
2008-09,FUL,Fulham,23,30
2008-09,FUL,Fulham,24,30
2008-09,FUL,Fulham,25,33
2008-09,FUL,Fulham,26,34
2008-09,FUL,Fulham,27,34
2008-09,FUL,Fulham,28,34
2008-09,FUL,Fulham,29,37
2008-09,FUL,Fulham,30,40
2008-09,FUL,Fulham,31,40
2008-09,FUL,Fulham,32,43
2008-09,FUL,Fulham,33,44
2008-09,FUL,Fulham,34,47
2008-09,FUL,Fulham,35,47
2008-09,FUL,Fulham,36,50
2008-09,FUL,Fulham,37,53
2008-09,FUL,Fulham,38,53
2008-09,HUL,Hull City,1,3
2008-09,HUL,Hull City,2,4
2008-09,HUL,Hull City,3,4
2008-09,HUL,Hull City,4,7
2008-09,HUL,Hull City,5,8
2008-09,HUL,Hull City,6,11
2008-09,HUL,Hull City,7,14
2008-09,HUL,Hull City,8,17
2008-09,HUL,Hull City,9,20
2008-09,HUL,Hull City,10,20
2008-09,HUL,Hull City,11,20
2008-09,HUL,Hull City,12,20
2008-09,HUL,Hull City,13,21
2008-09,HUL,Hull City,14,22
2008-09,HUL,Hull City,15,23
2008-09,HUL,Hull City,16,26
2008-09,HUL,Hull City,17,27
2008-09,HUL,Hull City,18,27
2008-09,HUL,Hull City,19,27
2008-09,HUL,Hull City,20,27
2008-09,HUL,Hull City,21,27
2008-09,HUL,Hull City,22,27
2008-09,HUL,Hull City,23,27
2008-09,HUL,Hull City,24,28
2008-09,HUL,Hull City,25,29
2008-09,HUL,Hull City,26,29
2008-09,HUL,Hull City,27,29
2008-09,HUL,Hull City,28,32
2008-09,HUL,Hull City,29,33
2008-09,HUL,Hull City,30,33
2008-09,HUL,Hull City,31,34
2008-09,HUL,Hull City,32,34
2008-09,HUL,Hull City,33,34
2008-09,HUL,Hull City,34,34
2008-09,HUL,Hull City,35,34
2008-09,HUL,Hull City,36,34
2008-09,HUL,Hull City,37,35
2008-09,HUL,Hull City,38,35
2008-09,LIV,Liverpool,1,3
2008-09,LIV,Liverpool,2,6
2008-09,LIV,Liverpool,3,7
2008-09,LIV,Liverpool,4,10
2008-09,LIV,Liverpool,5,11
2008-09,LIV,Liverpool,6,14
2008-09,LIV,Liverpool,7,17
2008-09,LIV,Liverpool,8,20
2008-09,LIV,Liverpool,9,23
2008-09,LIV,Liverpool,10,26
2008-09,LIV,Liverpool,11,26
2008-09,LIV,Liverpool,12,29
2008-09,LIV,Liverpool,13,32
2008-09,LIV,Liverpool,14,33
2008-09,LIV,Liverpool,15,34
2008-09,LIV,Liverpool,16,37
2008-09,LIV,Liverpool,17,38
2008-09,LIV,Liverpool,18,39
2008-09,LIV,Liverpool,19,42
2008-09,LIV,Liverpool,20,45
2008-09,LIV,Liverpool,21,46
2008-09,LIV,Liverpool,22,47
2008-09,LIV,Liverpool,23,48
2008-09,LIV,Liverpool,24,51
2008-09,LIV,Liverpool,25,54
2008-09,LIV,Liverpool,26,55
2008-09,LIV,Liverpool,27,55
2008-09,LIV,Liverpool,28,58
2008-09,LIV,Liverpool,29,61
2008-09,LIV,Liverpool,30,64
2008-09,LIV,Liverpool,31,67
2008-09,LIV,Liverpool,32,70
2008-09,LIV,Liverpool,33,71
2008-09,LIV,Liverpool,34,74
2008-09,LIV,Liverpool,35,77
2008-09,LIV,Liverpool,36,80
2008-09,LIV,Liverpool,37,83
2008-09,LIV,Liverpool,38,86
2008-09,MCI,Manchester City,1,0
2008-09,MCI,Manchester City,2,3
2008-09,MCI,Manchester City,3,6
2008-09,MCI,Manchester City,4,6
2008-09,MCI,Manchester City,5,9
2008-09,MCI,Manchester City,6,9
2008-09,MCI,Manchester City,7,9
2008-09,MCI,Manchester City,8,10
2008-09,MCI,Manchester City,9,13
2008-09,MCI,Manchester City,10,13
2008-09,MCI,Manchester City,11,13
2008-09,MCI,Manchester City,12,13
2008-09,MCI,Manchester City,13,14
2008-09,MCI,Manchester City,14,17
2008-09,MCI,Manchester City,15,17
2008-09,MCI,Manchester City,16,18
2008-09,MCI,Manchester City,17,18
2008-09,MCI,Manchester City,18,18
2008-09,MCI,Manchester City,19,21
2008-09,MCI,Manchester City,20,22
2008-09,MCI,Manchester City,21,25
2008-09,MCI,Manchester City,22,28
2008-09,MCI,Manchester City,23,28
2008-09,MCI,Manchester City,24,31
2008-09,MCI,Manchester City,25,31
2008-09,MCI,Manchester City,26,32
2008-09,MCI,Manchester City,27,32
2008-09,MCI,Manchester City,28,35
2008-09,MCI,Manchester City,29,35
2008-09,MCI,Manchester City,30,38
2008-09,MCI,Manchester City,31,38
2008-09,MCI,Manchester City,32,38
2008-09,MCI,Manchester City,33,41
2008-09,MCI,Manchester City,34,44
2008-09,MCI,Manchester City,35,47
2008-09,MCI,Manchester City,36,47
2008-09,MCI,Manchester City,37,47
2008-09,MCI,Manchester City,38,50
2008-09,MID,Middlesbrough,1,3
2008-09,MID,Middlesbrough,2,3
2008-09,MID,Middlesbrough,3,6
2008-09,MID,Middlesbrough,4,6
2008-09,MID,Middlesbrough,5,6
2008-09,MID,Middlesbrough,6,6
2008-09,MID,Middlesbrough,7,9
2008-09,MID,Middlesbrough,8,9
2008-09,MID,Middlesbrough,9,10
2008-09,MID,Middlesbrough,10,13
2008-09,MID,Middlesbrough,11,14
2008-09,MID,Middlesbrough,12,17
2008-09,MID,Middlesbrough,13,18
2008-09,MID,Middlesbrough,14,18
2008-09,MID,Middlesbrough,15,19
2008-09,MID,Middlesbrough,16,19
2008-09,MID,Middlesbrough,17,20
2008-09,MID,Middlesbrough,18,20
2008-09,MID,Middlesbrough,19,20
2008-09,MID,Middlesbrough,20,20
2008-09,MID,Middlesbrough,21,21
2008-09,MID,Middlesbrough,22,21
2008-09,MID,Middlesbrough,23,21
2008-09,MID,Middlesbrough,24,22
2008-09,MID,Middlesbrough,25,22
2008-09,MID,Middlesbrough,26,23
2008-09,MID,Middlesbrough,27,26
2008-09,MID,Middlesbrough,28,26
2008-09,MID,Middlesbrough,29,27
2008-09,MID,Middlesbrough,30,27
2008-09,MID,Middlesbrough,31,27
2008-09,MID,Middlesbrough,32,30
2008-09,MID,Middlesbrough,33,31
2008-09,MID,Middlesbrough,34,31
2008-09,MID,Middlesbrough,35,31
2008-09,MID,Middlesbrough,36,31
2008-09,MID,Middlesbrough,37,32
2008-09,MID,Middlesbrough,38,32
2008-09,MUN,Manchester United,1,1
2008-09,MUN,Manchester United,2,4
2008-09,MUN,Manchester United,3,4
2008-09,MUN,Manchester United,4,5
2008-09,MUN,Manchester United,5,8
2008-09,MUN,Manchester United,6,11
2008-09,MUN,Manchester United,7,14
2008-09,MUN,Manchester United,8,15
2008-09,MUN,Manchester United,9,18
2008-09,MUN,Manchester United,10,21
2008-09,MUN,Manchester United,11,21
2008-09,MUN,Manchester United,12,24
2008-09,MUN,Manchester United,13,25
2008-09,MUN,Manchester United,14,28
2008-09,MUN,Manchester United,15,31
2008-09,MUN,Manchester United,16,32
2008-09,MUN,Manchester United,17,35
2008-09,MUN,Manchester United,18,38
2008-09,MUN,Manchester United,19,41
2008-09,MUN,Manchester United,20,44
2008-09,MUN,Manchester United,21,47
2008-09,MUN,Manchester United,22,50
2008-09,MUN,Manchester United,23,53
2008-09,MUN,Manchester United,24,56
2008-09,MUN,Manchester United,25,59
2008-09,MUN,Manchester United,26,62
2008-09,MUN,Manchester United,27,65
2008-09,MUN,Manchester United,28,65
2008-09,MUN,Manchester United,29,65
2008-09,MUN,Manchester United,30,68
2008-09,MUN,Manchester United,31,71
2008-09,MUN,Manchester United,32,74
2008-09,MUN,Manchester United,33,77
2008-09,MUN,Manchester United,34,80
2008-09,MUN,Manchester United,35,83
2008-09,MUN,Manchester United,36,86
2008-09,MUN,Manchester United,37,87
2008-09,MUN,Manchester United,38,90
2008-09,NEW,Newcastle United,1,1
2008-09,NEW,Newcastle United,2,4
2008-09,NEW,Newcastle United,3,4
2008-09,NEW,Newcastle United,4,4
2008-09,NEW,Newcastle United,5,4
2008-09,NEW,Newcastle United,6,4
2008-09,NEW,Newcastle United,7,5
2008-09,NEW,Newcastle United,8,6
2008-09,NEW,Newcastle United,9,6
2008-09,NEW,Newcastle United,10,9
2008-09,NEW,Newcastle United,11,12
2008-09,NEW,Newcastle United,12,12
2008-09,NEW,Newcastle United,13,13
2008-09,NEW,Newcastle United,14,14
2008-09,NEW,Newcastle United,15,15
2008-09,NEW,Newcastle United,16,16
2008-09,NEW,Newcastle United,17,19
2008-09,NEW,Newcastle United,18,22
2008-09,NEW,Newcastle United,19,22
2008-09,NEW,Newcastle United,20,22
2008-09,NEW,Newcastle United,21,23
2008-09,NEW,Newcastle United,22,23
2008-09,NEW,Newcastle United,23,23
2008-09,NEW,Newcastle United,24,24
2008-09,NEW,Newcastle United,25,27
2008-09,NEW,Newcastle United,26,28
2008-09,NEW,Newcastle United,27,28
2008-09,NEW,Newcastle United,28,28
2008-09,NEW,Newcastle United,29,29
2008-09,NEW,Newcastle United,30,29
2008-09,NEW,Newcastle United,31,29
2008-09,NEW,Newcastle United,32,30
2008-09,NEW,Newcastle United,33,30
2008-09,NEW,Newcastle United,34,31
2008-09,NEW,Newcastle United,35,31
2008-09,NEW,Newcastle United,36,34
2008-09,NEW,Newcastle United,37,34
2008-09,NEW,Newcastle United,38,34
2008-09,POR,Portsmouth,1,0
2008-09,POR,Portsmouth,2,0
2008-09,POR,Portsmouth,3,3
2008-09,POR,Portsmouth,4,6
2008-09,POR,Portsmouth,5,6
2008-09,POR,Portsmouth,6,9
2008-09,POR,Portsmouth,7,12
2008-09,POR,Portsmouth,8,13
2008-09,POR,Portsmouth,9,14
2008-09,POR,Portsmouth,10,14
2008-09,POR,Portsmouth,11,14
2008-09,POR,Portsmouth,12,17
2008-09,POR,Portsmouth,13,18
2008-09,POR,Portsmouth,14,19
2008-09,POR,Portsmouth,15,22
2008-09,POR,Portsmouth,16,23
2008-09,POR,Portsmouth,17,23
2008-09,POR,Portsmouth,18,23
2008-09,POR,Portsmouth,19,23
2008-09,POR,Portsmouth,20,23
2008-09,POR,Portsmouth,21,24
2008-09,POR,Portsmouth,22,24
2008-09,POR,Portsmouth,23,24
2008-09,POR,Portsmouth,24,24
2008-09,POR,Portsmouth,25,27
2008-09,POR,Portsmouth,26,28
2008-09,POR,Portsmouth,27,28
2008-09,POR,Portsmouth,28,29
2008-09,POR,Portsmouth,29,32
2008-09,POR,Portsmouth,30,33
2008-09,POR,Portsmouth,31,34
2008-09,POR,Portsmouth,32,37
2008-09,POR,Portsmouth,33,37
2008-09,POR,Portsmouth,34,38
2008-09,POR,Portsmouth,35,38
2008-09,POR,Portsmouth,36,38
2008-09,POR,Portsmouth,37,41
2008-09,POR,Portsmouth,38,41
2008-09,STO,Stoke City,1,0
2008-09,STO,Stoke City,2,3
2008-09,STO,Stoke City,3,3
2008-09,STO,Stoke City,4,3
2008-09,STO,Stoke City,5,4
2008-09,STO,Stoke City,6,4
2008-09,STO,Stoke City,7,4
2008-09,STO,Stoke City,8,7
2008-09,STO,Stoke City,9,7
2008-09,STO,Stoke City,10,10
2008-09,STO,Stoke City,11,13
2008-09,STO,Stoke City,12,14
2008-09,STO,Stoke City,13,14
2008-09,STO,Stoke City,14,17
2008-09,STO,Stoke City,15,18
2008-09,STO,Stoke City,16,19
2008-09,STO,Stoke City,17,20
2008-09,STO,Stoke City,18,20
2008-09,STO,Stoke City,19,20
2008-09,STO,Stoke City,20,20
2008-09,STO,Stoke City,21,21
2008-09,STO,Stoke City,22,21
2008-09,STO,Stoke City,23,21
2008-09,STO,Stoke City,24,24
2008-09,STO,Stoke City,25,24
2008-09,STO,Stoke City,26,25
2008-09,STO,Stoke City,27,26
2008-09,STO,Stoke City,28,29
2008-09,STO,Stoke City,29,29
2008-09,STO,Stoke City,30,32
2008-09,STO,Stoke City,31,35
2008-09,STO,Stoke City,32,36
2008-09,STO,Stoke City,33,39
2008-09,STO,Stoke City,34,39
2008-09,STO,Stoke City,35,39
2008-09,STO,Stoke City,36,42
2008-09,STO,Stoke City,37,45
2008-09,STO,Stoke City,38,45
2008-09,SUN,Sunderland,1,0
2008-09,SUN,Sunderland,2,3
2008-09,SUN,Sunderland,3,3
2008-09,SUN,Sunderland,4,4
2008-09,SUN,Sunderland,5,7
2008-09,SUN,Sunderland,6,7
2008-09,SUN,Sunderland,7,8
2008-09,SUN,Sunderland,8,9
2008-09,SUN,Sunderland,9,12
2008-09,SUN,Sunderland,10,12
2008-09,SUN,Sunderland,11,12
2008-09,SUN,Sunderland,12,12
2008-09,SUN,Sunderland,13,15
2008-09,SUN,Sunderland,14,15
2008-09,SUN,Sunderland,15,15
2008-09,SUN,Sunderland,16,15
2008-09,SUN,Sunderland,17,18
2008-09,SUN,Sunderland,18,21
2008-09,SUN,Sunderland,19,22
2008-09,SUN,Sunderland,20,22
2008-09,SUN,Sunderland,21,23
2008-09,SUN,Sunderland,22,23
2008-09,SUN,Sunderland,23,26
2008-09,SUN,Sunderland,24,27
2008-09,SUN,Sunderland,25,30
2008-09,SUN,Sunderland,26,31
2008-09,SUN,Sunderland,27,31
2008-09,SUN,Sunderland,28,32
2008-09,SUN,Sunderland,29,32
2008-09,SUN,Sunderland,30,32
2008-09,SUN,Sunderland,31,32
2008-09,SUN,Sunderland,32,32
2008-09,SUN,Sunderland,33,35
2008-09,SUN,Sunderland,34,35
2008-09,SUN,Sunderland,35,35
2008-09,SUN,Sunderland,36,36
2008-09,SUN,Sunderland,37,36
2008-09,SUN,Sunderland,38,36
2008-09,TOT,Tottenham Hotspur,1,0
2008-09,TOT,Tottenham Hotspur,2,0
2008-09,TOT,Tottenham Hotspur,3,1
2008-09,TOT,Tottenham Hotspur,4,1
2008-09,TOT,Tottenham Hotspur,5,2
2008-09,TOT,Tottenham Hotspur,6,2
2008-09,TOT,Tottenham Hotspur,7,2
2008-09,TOT,Tottenham Hotspur,8,2
2008-09,TOT,Tottenham Hotspur,9,5
2008-09,TOT,Tottenham Hotspur,10,6
2008-09,TOT,Tottenham Hotspur,11,9
2008-09,TOT,Tottenham Hotspur,12,12
2008-09,TOT,Tottenham Hotspur,13,12
2008-09,TOT,Tottenham Hotspur,14,15
2008-09,TOT,Tottenham Hotspur,15,15
2008-09,TOT,Tottenham Hotspur,16,18
2008-09,TOT,Tottenham Hotspur,17,19
2008-09,TOT,Tottenham Hotspur,18,19
2008-09,TOT,Tottenham Hotspur,19,20
2008-09,TOT,Tottenham Hotspur,20,20
2008-09,TOT,Tottenham Hotspur,21,20
2008-09,TOT,Tottenham Hotspur,22,21
2008-09,TOT,Tottenham Hotspur,23,24
2008-09,TOT,Tottenham Hotspur,24,24
2008-09,TOT,Tottenham Hotspur,25,25
2008-09,TOT,Tottenham Hotspur,26,28
2008-09,TOT,Tottenham Hotspur,27,31
2008-09,TOT,Tottenham Hotspur,28,32
2008-09,TOT,Tottenham Hotspur,29,35
2008-09,TOT,Tottenham Hotspur,30,38
2008-09,TOT,Tottenham Hotspur,31,38
2008-09,TOT,Tottenham Hotspur,32,41
2008-09,TOT,Tottenham Hotspur,33,44
2008-09,TOT,Tottenham Hotspur,34,44
2008-09,TOT,Tottenham Hotspur,35,47
2008-09,TOT,Tottenham Hotspur,36,48
2008-09,TOT,Tottenham Hotspur,37,51
2008-09,TOT,Tottenham Hotspur,38,51
2008-09,WBA,West Bromwich Albion,1,0
2008-09,WBA,West Bromwich Albion,2,0
2008-09,WBA,West Bromwich Albion,3,1
2008-09,WBA,West Bromwich Albion,4,4
2008-09,WBA,West Bromwich Albion,5,4
2008-09,WBA,West Bromwich Albion,6,7
2008-09,WBA,West Bromwich Albion,7,10
2008-09,WBA,West Bromwich Albion,8,10
2008-09,WBA,West Bromwich Albion,9,10
2008-09,WBA,West Bromwich Albion,10,10
2008-09,WBA,West Bromwich Albion,11,11
2008-09,WBA,West Bromwich Albion,12,11
2008-09,WBA,West Bromwich Albion,13,11
2008-09,WBA,West Bromwich Albion,14,11
2008-09,WBA,West Bromwich Albion,15,11
2008-09,WBA,West Bromwich Albion,16,12
2008-09,WBA,West Bromwich Albion,17,12
2008-09,WBA,West Bromwich Albion,18,15
2008-09,WBA,West Bromwich Albion,19,15
2008-09,WBA,West Bromwich Albion,20,18
2008-09,WBA,West Bromwich Albion,21,18
2008-09,WBA,West Bromwich Albion,22,21
2008-09,WBA,West Bromwich Albion,23,21
2008-09,WBA,West Bromwich Albion,24,22
2008-09,WBA,West Bromwich Albion,25,22
2008-09,WBA,West Bromwich Albion,26,22
2008-09,WBA,West Bromwich Albion,27,22
2008-09,WBA,West Bromwich Albion,28,22
2008-09,WBA,West Bromwich Albion,29,23
2008-09,WBA,West Bromwich Albion,30,24
2008-09,WBA,West Bromwich Albion,31,24
2008-09,WBA,West Bromwich Albion,32,25
2008-09,WBA,West Bromwich Albion,33,25
2008-09,WBA,West Bromwich Albion,34,28
2008-09,WBA,West Bromwich Albion,35,28
2008-09,WBA,West Bromwich Albion,36,31
2008-09,WBA,West Bromwich Albion,37,31
2008-09,WBA,West Bromwich Albion,38,32
2008-09,WHU,West Ham United,1,3
2008-09,WHU,West Ham United,2,3
2008-09,WHU,West Ham United,3,6
2008-09,WHU,West Ham United,4,6
2008-09,WHU,West Ham United,5,9
2008-09,WHU,West Ham United,6,12
2008-09,WHU,West Ham United,7,12
2008-09,WHU,West Ham United,8,12
2008-09,WHU,West Ham United,9,12
2008-09,WHU,West Ham United,10,12
2008-09,WHU,West Ham United,11,13
2008-09,WHU,West Ham United,12,13
2008-09,WHU,West Ham United,13,14
2008-09,WHU,West Ham United,14,17
2008-09,WHU,West Ham United,15,18
2008-09,WHU,West Ham United,16,18
2008-09,WHU,West Ham United,17,19
2008-09,WHU,West Ham United,18,19
2008-09,WHU,West Ham United,19,22
2008-09,WHU,West Ham United,20,25
2008-09,WHU,West Ham United,21,26
2008-09,WHU,West Ham United,22,29
2008-09,WHU,West Ham United,23,32
2008-09,WHU,West Ham United,24,33
2008-09,WHU,West Ham United,25,33
2008-09,WHU,West Ham United,26,33
2008-09,WHU,West Ham United,27,36
2008-09,WHU,West Ham United,28,39
2008-09,WHU,West Ham United,29,40
2008-09,WHU,West Ham United,30,41
2008-09,WHU,West Ham United,31,44
2008-09,WHU,West Ham United,32,44
2008-09,WHU,West Ham United,33,45
2008-09,WHU,West Ham United,34,45
2008-09,WHU,West Ham United,35,48
2008-09,WHU,West Ham United,36,48
2008-09,WHU,West Ham United,37,48
2008-09,WHU,West Ham United,38,51
2008-09,WIG,Wigan Athletic,1,0
2008-09,WIG,Wigan Athletic,2,0
2008-09,WIG,Wigan Athletic,3,3
2008-09,WIG,Wigan Athletic,4,4
2008-09,WIG,Wigan Athletic,5,5
2008-09,WIG,Wigan Athletic,6,8
2008-09,WIG,Wigan Athletic,7,8
2008-09,WIG,Wigan Athletic,8,8
2008-09,WIG,Wigan Athletic,9,8
2008-09,WIG,Wigan Athletic,10,8
2008-09,WIG,Wigan Athletic,11,11
2008-09,WIG,Wigan Athletic,12,12
2008-09,WIG,Wigan Athletic,13,13
2008-09,WIG,Wigan Athletic,14,16
2008-09,WIG,Wigan Athletic,15,19
2008-09,WIG,Wigan Athletic,16,19
2008-09,WIG,Wigan Athletic,17,22
2008-09,WIG,Wigan Athletic,18,25
2008-09,WIG,Wigan Athletic,19,28
2008-09,WIG,Wigan Athletic,20,31
2008-09,WIG,Wigan Athletic,21,31
2008-09,WIG,Wigan Athletic,22,31
2008-09,WIG,Wigan Athletic,23,32
2008-09,WIG,Wigan Athletic,24,33
2008-09,WIG,Wigan Athletic,25,34
2008-09,WIG,Wigan Athletic,26,35
2008-09,WIG,Wigan Athletic,27,35
2008-09,WIG,Wigan Athletic,28,35
2008-09,WIG,Wigan Athletic,29,38
2008-09,WIG,Wigan Athletic,30,41
2008-09,WIG,Wigan Athletic,31,41
2008-09,WIG,Wigan Athletic,32,41
2008-09,WIG,Wigan Athletic,33,41
2008-09,WIG,Wigan Athletic,34,42
2008-09,WIG,Wigan Athletic,35,42
2008-09,WIG,Wigan Athletic,36,42
2008-09,WIG,Wigan Athletic,37,42
2008-09,WIG,Wigan Athletic,38,45
2009-10,ARS,Arsenal,1,3
2009-10,ARS,Arsenal,2,6
2009-10,ARS,Arsenal,3,6
2009-10,ARS,Arsenal,4,6
2009-10,ARS,Arsenal,5,9
2009-10,ARS,Arsenal,6,12
2009-10,ARS,Arsenal,7,15
2009-10,ARS,Arsenal,8,18
2009-10,ARS,Arsenal,9,19
2009-10,ARS,Arsenal,10,22
2009-10,ARS,Arsenal,11,25
2009-10,ARS,Arsenal,12,25
2009-10,ARS,Arsenal,13,25
2009-10,ARS,Arsenal,14,28
2009-10,ARS,Arsenal,15,31
2009-10,ARS,Arsenal,16,32
2009-10,ARS,Arsenal,17,35
2009-10,ARS,Arsenal,18,38
2009-10,ARS,Arsenal,19,41
2009-10,ARS,Arsenal,20,42
2009-10,ARS,Arsenal,21,45
2009-10,ARS,Arsenal,22,48
2009-10,ARS,Arsenal,23,49
2009-10,ARS,Arsenal,24,49
2009-10,ARS,Arsenal,25,49
2009-10,ARS,Arsenal,26,52
2009-10,ARS,Arsenal,27,55
2009-10,ARS,Arsenal,28,58
2009-10,ARS,Arsenal,29,61
2009-10,ARS,Arsenal,30,64
2009-10,ARS,Arsenal,31,67
2009-10,ARS,Arsenal,32,68
2009-10,ARS,Arsenal,33,71
2009-10,ARS,Arsenal,34,71
2009-10,ARS,Arsenal,35,71
2009-10,ARS,Arsenal,36,72
2009-10,ARS,Arsenal,37,72
2009-10,ARS,Arsenal,38,75
2009-10,AVL,Aston Villa,1,0
2009-10,AVL,Aston Villa,2,3
2009-10,AVL,Aston Villa,3,6
2009-10,AVL,Aston Villa,4,9
2009-10,AVL,Aston Villa,5,12
2009-10,AVL,Aston Villa,6,12
2009-10,AVL,Aston Villa,7,13
2009-10,AVL,Aston Villa,8,16
2009-10,AVL,Aston Villa,9,17
2009-10,AVL,Aston Villa,10,18
2009-10,AVL,Aston Villa,11,18
2009-10,AVL,Aston Villa,12,21
2009-10,AVL,Aston Villa,13,22
2009-10,AVL,Aston Villa,14,23
2009-10,AVL,Aston Villa,15,26
2009-10,AVL,Aston Villa,16,29
2009-10,AVL,Aston Villa,17,32
2009-10,AVL,Aston Villa,18,35
2009-10,AVL,Aston Villa,19,35
2009-10,AVL,Aston Villa,20,35
2009-10,AVL,Aston Villa,21,36
2009-10,AVL,Aston Villa,22,37
2009-10,AVL,Aston Villa,23,40
2009-10,AVL,Aston Villa,24,41
2009-10,AVL,Aston Villa,25,42
2009-10,AVL,Aston Villa,26,45
2009-10,AVL,Aston Villa,27,46
2009-10,AVL,Aston Villa,28,49
2009-10,AVL,Aston Villa,29,50
2009-10,AVL,Aston Villa,30,51
2009-10,AVL,Aston Villa,31,51
2009-10,AVL,Aston Villa,32,54
2009-10,AVL,Aston Villa,33,55
2009-10,AVL,Aston Villa,34,58
2009-10,AVL,Aston Villa,35,61
2009-10,AVL,Aston Villa,36,64
2009-10,AVL,Aston Villa,37,64
2009-10,AVL,Aston Villa,38,64
2009-10,BIR,Birmingham City,1,0
2009-10,BIR,Birmingham City,2,3
2009-10,BIR,Birmingham City,3,4
2009-10,BIR,Birmingham City,4,4
2009-10,BIR,Birmingham City,5,4
2009-10,BIR,Birmingham City,6,7
2009-10,BIR,Birmingham City,7,7
2009-10,BIR,Birmingham City,8,7
2009-10,BIR,Birmingham City,9,7
2009-10,BIR,Birmingham City,10,10
2009-10,BIR,Birmingham City,11,11
2009-10,BIR,Birmingham City,12,12
2009-10,BIR,Birmingham City,13,15
2009-10,BIR,Birmingham City,14,18
2009-10,BIR,Birmingham City,15,21
2009-10,BIR,Birmingham City,16,24
2009-10,BIR,Birmingham City,17,27
2009-10,BIR,Birmingham City,18,28
2009-10,BIR,Birmingham City,19,29
2009-10,BIR,Birmingham City,20,32
2009-10,BIR,Birmingham City,21,33
2009-10,BIR,Birmingham City,22,33
2009-10,BIR,Birmingham City,23,34
2009-10,BIR,Birmingham City,24,37
2009-10,BIR,Birmingham City,25,37
2009-10,BIR,Birmingham City,26,37
2009-10,BIR,Birmingham City,27,40
2009-10,BIR,Birmingham City,28,43
2009-10,BIR,Birmingham City,29,44
2009-10,BIR,Birmingham City,30,44
2009-10,BIR,Birmingham City,31,44
2009-10,BIR,Birmingham City,32,45
2009-10,BIR,Birmingham City,33,46
2009-10,BIR,Birmingham City,34,46
2009-10,BIR,Birmingham City,35,47
2009-10,BIR,Birmingham City,36,47
2009-10,BIR,Birmingham City,37,50
2009-10,BIR,Birmingham City,38,50
2009-10,BLA,Blackburn Rovers,1,0
2009-10,BLA,Blackburn Rovers,2,0
2009-10,BLA,Blackburn Rovers,3,1
2009-10,BLA,Blackburn Rovers,4,4
2009-10,BLA,Blackburn Rovers,5,4
2009-10,BLA,Blackburn Rovers,6,7
2009-10,BLA,Blackburn Rovers,7,7
2009-10,BLA,Blackburn Rovers,8,10
2009-10,BLA,Blackburn Rovers,9,10
2009-10,BLA,Blackburn Rovers,10,10
2009-10,BLA,Blackburn Rovers,11,13
2009-10,BLA,Blackburn Rovers,12,16
2009-10,BLA,Blackburn Rovers,13,16
2009-10,BLA,Blackburn Rovers,14,17
2009-10,BLA,Blackburn Rovers,15,18
2009-10,BLA,Blackburn Rovers,16,19
2009-10,BLA,Blackburn Rovers,17,19
2009-10,BLA,Blackburn Rovers,18,19
2009-10,BLA,Blackburn Rovers,19,20
2009-10,BLA,Blackburn Rovers,20,21
2009-10,BLA,Blackburn Rovers,21,21
2009-10,BLA,Blackburn Rovers,22,24
2009-10,BLA,Blackburn Rovers,23,27
2009-10,BLA,Blackburn Rovers,24,28
2009-10,BLA,Blackburn Rovers,25,28
2009-10,BLA,Blackburn Rovers,26,31
2009-10,BLA,Blackburn Rovers,27,34
2009-10,BLA,Blackburn Rovers,28,34
2009-10,BLA,Blackburn Rovers,29,34
2009-10,BLA,Blackburn Rovers,30,35
2009-10,BLA,Blackburn Rovers,31,38
2009-10,BLA,Blackburn Rovers,32,41
2009-10,BLA,Blackburn Rovers,33,42
2009-10,BLA,Blackburn Rovers,34,43
2009-10,BLA,Blackburn Rovers,35,43
2009-10,BLA,Blackburn Rovers,36,44
2009-10,BLA,Blackburn Rovers,37,47
2009-10,BLA,Blackburn Rovers,38,50
2009-10,BOL,Bolton Wanderers,1,0
2009-10,BOL,Bolton Wanderers,2,0
2009-10,BOL,Bolton Wanderers,3,0
2009-10,BOL,Bolton Wanderers,4,3
2009-10,BOL,Bolton Wanderers,5,4
2009-10,BOL,Bolton Wanderers,6,7
2009-10,BOL,Bolton Wanderers,7,8
2009-10,BOL,Bolton Wanderers,8,8
2009-10,BOL,Bolton Wanderers,9,11
2009-10,BOL,Bolton Wanderers,10,11
2009-10,BOL,Bolton Wanderers,11,11
2009-10,BOL,Bolton Wanderers,12,11
2009-10,BOL,Bolton Wanderers,13,12
2009-10,BOL,Bolton Wanderers,14,12
2009-10,BOL,Bolton Wanderers,15,13
2009-10,BOL,Bolton Wanderers,16,16
2009-10,BOL,Bolton Wanderers,17,17
2009-10,BOL,Bolton Wanderers,18,18
2009-10,BOL,Bolton Wanderers,19,18
2009-10,BOL,Bolton Wanderers,20,18
2009-10,BOL,Bolton Wanderers,21,21
2009-10,BOL,Bolton Wanderers,22,21
2009-10,BOL,Bolton Wanderers,23,22
2009-10,BOL,Bolton Wanderers,24,22
2009-10,BOL,Bolton Wanderers,25,23
2009-10,BOL,Bolton Wanderers,26,23
2009-10,BOL,Bolton Wanderers,27,26
2009-10,BOL,Bolton Wanderers,28,29
2009-10,BOL,Bolton Wanderers,29,29
2009-10,BOL,Bolton Wanderers,30,32
2009-10,BOL,Bolton Wanderers,31,32
2009-10,BOL,Bolton Wanderers,32,32
2009-10,BOL,Bolton Wanderers,33,32
2009-10,BOL,Bolton Wanderers,34,32
2009-10,BOL,Bolton Wanderers,35,35
2009-10,BOL,Bolton Wanderers,36,36
2009-10,BOL,Bolton Wanderers,37,36
2009-10,BOL,Bolton Wanderers,38,39
2009-10,BUR,Burnley,1,0
2009-10,BUR,Burnley,2,3
2009-10,BUR,Burnley,3,6
2009-10,BUR,Burnley,4,6
2009-10,BUR,Burnley,5,6
2009-10,BUR,Burnley,6,9
2009-10,BUR,Burnley,7,9
2009-10,BUR,Burnley,8,12
2009-10,BUR,Burnley,9,12
2009-10,BUR,Burnley,10,12
2009-10,BUR,Burnley,11,15
2009-10,BUR,Burnley,12,16
2009-10,BUR,Burnley,13,17
2009-10,BUR,Burnley,14,17
2009-10,BUR,Burnley,15,17
2009-10,BUR,Burnley,16,18
2009-10,BUR,Burnley,17,19
2009-10,BUR,Burnley,18,19
2009-10,BUR,Burnley,19,20
2009-10,BUR,Burnley,20,20
2009-10,BUR,Burnley,21,20
2009-10,BUR,Burnley,22,20
2009-10,BUR,Burnley,23,20
2009-10,BUR,Burnley,24,23
2009-10,BUR,Burnley,25,23
2009-10,BUR,Burnley,26,23
2009-10,BUR,Burnley,27,23
2009-10,BUR,Burnley,28,23
2009-10,BUR,Burnley,29,24
2009-10,BUR,Burnley,30,24
2009-10,BUR,Burnley,31,24
2009-10,BUR,Burnley,32,24
2009-10,BUR,Burnley,33,24
2009-10,BUR,Burnley,34,27
2009-10,BUR,Burnley,35,27
2009-10,BUR,Burnley,36,27
2009-10,BUR,Burnley,37,27
2009-10,BUR,Burnley,38,30
2009-10,CHE,Chelsea,1,3
2009-10,CHE,Chelsea,2,6
2009-10,CHE,Chelsea,3,9
2009-10,CHE,Chelsea,4,12
2009-10,CHE,Chelsea,5,15
2009-10,CHE,Chelsea,6,18
2009-10,CHE,Chelsea,7,18
2009-10,CHE,Chelsea,8,21
2009-10,CHE,Chelsea,9,21
2009-10,CHE,Chelsea,10,24
2009-10,CHE,Chelsea,11,27
2009-10,CHE,Chelsea,12,30
2009-10,CHE,Chelsea,13,33
2009-10,CHE,Chelsea,14,36
2009-10,CHE,Chelsea,15,36
2009-10,CHE,Chelsea,16,37
2009-10,CHE,Chelsea,17,40
2009-10,CHE,Chelsea,18,41
2009-10,CHE,Chelsea,19,42
2009-10,CHE,Chelsea,20,45
2009-10,CHE,Chelsea,21,48
2009-10,CHE,Chelsea,22,51
2009-10,CHE,Chelsea,23,54
2009-10,CHE,Chelsea,24,55
2009-10,CHE,Chelsea,25,58
2009-10,CHE,Chelsea,26,58
2009-10,CHE,Chelsea,27,61
2009-10,CHE,Chelsea,28,61
2009-10,CHE,Chelsea,29,64
2009-10,CHE,Chelsea,30,65
2009-10,CHE,Chelsea,31,68
2009-10,CHE,Chelsea,32,71
2009-10,CHE,Chelsea,33,74
2009-10,CHE,Chelsea,34,77
2009-10,CHE,Chelsea,35,77
2009-10,CHE,Chelsea,36,80
2009-10,CHE,Chelsea,37,83
2009-10,CHE,Chelsea,38,86
2009-10,EVE,Everton,1,0
2009-10,EVE,Everton,2,0
2009-10,EVE,Everton,3,3
2009-10,EVE,Everton,4,3
2009-10,EVE,Everton,5,6
2009-10,EVE,Everton,6,9
2009-10,EVE,Everton,7,10
2009-10,EVE,Everton,8,11
2009-10,EVE,Everton,9,11
2009-10,EVE,Everton,10,12
2009-10,EVE,Everton,11,15
2009-10,EVE,Everton,12,15
2009-10,EVE,Everton,13,15
2009-10,EVE,Everton,14,15
2009-10,EVE,Everton,15,16
2009-10,EVE,Everton,16,17
2009-10,EVE,Everton,17,18
2009-10,EVE,Everton,18,19
2009-10,EVE,Everton,19,22
2009-10,EVE,Everton,20,23
2009-10,EVE,Everton,21,26
2009-10,EVE,Everton,22,29
2009-10,EVE,Everton,23,32
2009-10,EVE,Everton,24,32
2009-10,EVE,Everton,25,35
2009-10,EVE,Everton,26,38
2009-10,EVE,Everton,27,38
2009-10,EVE,Everton,28,41
2009-10,EVE,Everton,29,42
2009-10,EVE,Everton,30,45
2009-10,EVE,Everton,31,48
2009-10,EVE,Everton,32,49
2009-10,EVE,Everton,33,50
2009-10,EVE,Everton,34,51
2009-10,EVE,Everton,35,54
2009-10,EVE,Everton,36,57
2009-10,EVE,Everton,37,58
2009-10,EVE,Everton,38,61
2009-10,FUL,Fulham,1,3
2009-10,FUL,Fulham,2,3
2009-10,FUL,Fulham,3,3
2009-10,FUL,Fulham,4,6
2009-10,FUL,Fulham,5,6
2009-10,FUL,Fulham,6,6
2009-10,FUL,Fulham,7,7
2009-10,FUL,Fulham,8,10
2009-10,FUL,Fulham,9,11
2009-10,FUL,Fulham,10,14
2009-10,FUL,Fulham,11,15
2009-10,FUL,Fulham,12,15
2009-10,FUL,Fulham,13,18
2009-10,FUL,Fulham,14,19
2009-10,FUL,Fulham,15,22
2009-10,FUL,Fulham,16,23
2009-10,FUL,Fulham,17,26
2009-10,FUL,Fulham,18,27
2009-10,FUL,Fulham,19,27
2009-10,FUL,Fulham,20,27
2009-10,FUL,Fulham,21,27
2009-10,FUL,Fulham,22,27
2009-10,FUL,Fulham,23,27
2009-10,FUL,Fulham,24,30
2009-10,FUL,Fulham,25,31
2009-10,FUL,Fulham,26,34
2009-10,FUL,Fulham,27,37
2009-10,FUL,Fulham,28,38
2009-10,FUL,Fulham,29,38
2009-10,FUL,Fulham,30,38
2009-10,FUL,Fulham,31,38
2009-10,FUL,Fulham,32,41
2009-10,FUL,Fulham,33,42
2009-10,FUL,Fulham,34,43
2009-10,FUL,Fulham,35,43
2009-10,FUL,Fulham,36,46
2009-10,FUL,Fulham,37,46
2009-10,FUL,Fulham,38,46
2009-10,HUL,Hull City,1,0
2009-10,HUL,Hull City,2,0
2009-10,HUL,Hull City,3,3
2009-10,HUL,Hull City,4,4
2009-10,HUL,Hull City,5,4
2009-10,HUL,Hull City,6,4
2009-10,HUL,Hull City,7,4
2009-10,HUL,Hull City,8,7
2009-10,HUL,Hull City,9,7
2009-10,HUL,Hull City,10,8
2009-10,HUL,Hull City,11,8
2009-10,HUL,Hull City,12,11
2009-10,HUL,Hull City,13,12
2009-10,HUL,Hull City,14,15
2009-10,HUL,Hull City,15,16
2009-10,HUL,Hull City,16,16
2009-10,HUL,Hull City,17,17
2009-10,HUL,Hull City,18,17
2009-10,HUL,Hull City,19,17
2009-10,HUL,Hull City,20,18
2009-10,HUL,Hull City,21,19
2009-10,HUL,Hull City,22,19
2009-10,HUL,Hull City,23,20
2009-10,HUL,Hull City,24,21
2009-10,HUL,Hull City,25,24
2009-10,HUL,Hull City,26,24
2009-10,HUL,Hull City,27,24
2009-10,HUL,Hull City,28,24
2009-10,HUL,Hull City,29,24
2009-10,HUL,Hull City,30,24
2009-10,HUL,Hull City,31,27
2009-10,HUL,Hull City,32,27
2009-10,HUL,Hull City,33,27
2009-10,HUL,Hull City,34,28
2009-10,HUL,Hull City,35,28
2009-10,HUL,Hull City,36,28
2009-10,HUL,Hull City,37,29
2009-10,HUL,Hull City,38,30
2009-10,LIV,Liverpool,1,0
2009-10,LIV,Liverpool,2,3
2009-10,LIV,Liverpool,3,3
2009-10,LIV,Liverpool,4,6
2009-10,LIV,Liverpool,5,9
2009-10,LIV,Liverpool,6,12
2009-10,LIV,Liverpool,7,15
2009-10,LIV,Liverpool,8,15
2009-10,LIV,Liverpool,9,15
2009-10,LIV,Liverpool,10,18
2009-10,LIV,Liverpool,11,18
2009-10,LIV,Liverpool,12,19
2009-10,LIV,Liverpool,13,20
2009-10,LIV,Liverpool,14,23
2009-10,LIV,Liverpool,15,24
2009-10,LIV,Liverpool,16,24
2009-10,LIV,Liverpool,17,27
2009-10,LIV,Liverpool,18,27
2009-10,LIV,Liverpool,19,30
2009-10,LIV,Liverpool,20,33
2009-10,LIV,Liverpool,21,34
2009-10,LIV,Liverpool,22,37
2009-10,LIV,Liverpool,23,38
2009-10,LIV,Liverpool,24,41
2009-10,LIV,Liverpool,25,44
2009-10,LIV,Liverpool,26,44
2009-10,LIV,Liverpool,27,45
2009-10,LIV,Liverpool,28,48
2009-10,LIV,Liverpool,29,48
2009-10,LIV,Liverpool,30,51
2009-10,LIV,Liverpool,31,51
2009-10,LIV,Liverpool,32,54
2009-10,LIV,Liverpool,33,55
2009-10,LIV,Liverpool,34,56
2009-10,LIV,Liverpool,35,59
2009-10,LIV,Liverpool,36,62
2009-10,LIV,Liverpool,37,62
2009-10,LIV,Liverpool,38,63
2009-10,MCI,Manchester City,1,3
2009-10,MCI,Manchester City,2,6
2009-10,MCI,Manchester City,3,9
2009-10,MCI,Manchester City,4,12
2009-10,MCI,Manchester City,5,12
2009-10,MCI,Manchester City,6,15
2009-10,MCI,Manchester City,7,16
2009-10,MCI,Manchester City,8,17
2009-10,MCI,Manchester City,9,18
2009-10,MCI,Manchester City,10,19
2009-10,MCI,Manchester City,11,20
2009-10,MCI,Manchester City,12,21
2009-10,MCI,Manchester City,13,22
2009-10,MCI,Manchester City,14,25
2009-10,MCI,Manchester City,15,26
2009-10,MCI,Manchester City,16,26
2009-10,MCI,Manchester City,17,29
2009-10,MCI,Manchester City,18,32
2009-10,MCI,Manchester City,19,35
2009-10,MCI,Manchester City,20,38
2009-10,MCI,Manchester City,21,38
2009-10,MCI,Manchester City,22,41
2009-10,MCI,Manchester City,23,41
2009-10,MCI,Manchester City,24,44
2009-10,MCI,Manchester City,25,45
2009-10,MCI,Manchester City,26,46
2009-10,MCI,Manchester City,27,49
2009-10,MCI,Manchester City,28,50
2009-10,MCI,Manchester City,29,53
2009-10,MCI,Manchester City,30,53
2009-10,MCI,Manchester City,31,56
2009-10,MCI,Manchester City,32,59
2009-10,MCI,Manchester City,33,62
2009-10,MCI,Manchester City,34,62
2009-10,MCI,Manchester City,35,63
2009-10,MCI,Manchester City,36,66
2009-10,MCI,Manchester City,37,66
2009-10,MCI,Manchester City,38,67
2009-10,MUN,Manchester United,1,3
2009-10,MUN,Manchester United,2,3
2009-10,MUN,Manchester United,3,6
2009-10,MUN,Manchester United,4,9
2009-10,MUN,Manchester United,5,12
2009-10,MUN,Manchester United,6,15
2009-10,MUN,Manchester United,7,18
2009-10,MUN,Manchester United,8,19
2009-10,MUN,Manchester United,9,22
2009-10,MUN,Manchester United,10,22
2009-10,MUN,Manchester United,11,25
2009-10,MUN,Manchester United,12,25
2009-10,MUN,Manchester United,13,28
2009-10,MUN,Manchester United,14,31
2009-10,MUN,Manchester United,15,34
2009-10,MUN,Manchester United,16,34
2009-10,MUN,Manchester United,17,37
2009-10,MUN,Manchester United,18,37
2009-10,MUN,Manchester United,19,40
2009-10,MUN,Manchester United,20,43
2009-10,MUN,Manchester United,21,44
2009-10,MUN,Manchester United,22,47
2009-10,MUN,Manchester United,23,50
2009-10,MUN,Manchester United,24,53
2009-10,MUN,Manchester United,25,56
2009-10,MUN,Manchester United,26,57
2009-10,MUN,Manchester United,27,57
2009-10,MUN,Manchester United,28,60
2009-10,MUN,Manchester United,29,63
2009-10,MUN,Manchester United,30,66
2009-10,MUN,Manchester United,31,69
2009-10,MUN,Manchester United,32,72
2009-10,MUN,Manchester United,33,72
2009-10,MUN,Manchester United,34,73
2009-10,MUN,Manchester United,35,76
2009-10,MUN,Manchester United,36,79
2009-10,MUN,Manchester United,37,82
2009-10,MUN,Manchester United,38,85
2009-10,POR,Portsmouth,1,0
2009-10,POR,Portsmouth,2,0
2009-10,POR,Portsmouth,3,0
2009-10,POR,Portsmouth,4,0
2009-10,POR,Portsmouth,5,0
2009-10,POR,Portsmouth,6,0
2009-10,POR,Portsmouth,7,0
2009-10,POR,Portsmouth,8,3
2009-10,POR,Portsmouth,9,3
2009-10,POR,Portsmouth,10,4
2009-10,POR,Portsmouth,11,7
2009-10,POR,Portsmouth,12,7
2009-10,POR,Portsmouth,13,7
2009-10,POR,Portsmouth,14,7
2009-10,POR,Portsmouth,15,10
2009-10,POR,Portsmouth,16,11
2009-10,POR,Portsmouth,17,11
2009-10,POR,Portsmouth,18,14
2009-10,POR,Portsmouth,19,14
2009-10,POR,Portsmouth,20,14
2009-10,POR,Portsmouth,21,15
2009-10,POR,Portsmouth,22,15
2009-10,POR,Portsmouth,23,15
2009-10,POR,Portsmouth,24,15
2009-10,POR,Portsmouth,25,16
2009-10,POR,Portsmouth,26,16
2009-10,POR,Portsmouth,27,19
2009-10,POR,Portsmouth,28,19
2009-10,POR,Portsmouth,29,19
2009-10,POR,Portsmouth,30,22
2009-10,POR,Portsmouth,31,22
2009-10,POR,Portsmouth,32,22
2009-10,POR,Portsmouth,33,23
2009-10,POR,Portsmouth,34,24
2009-10,POR,Portsmouth,35,24
2009-10,POR,Portsmouth,36,25
2009-10,POR,Portsmouth,37,28
2009-10,POR,Portsmouth,38,28
2009-10,STO,Stoke City,1,3
2009-10,STO,Stoke City,2,3
2009-10,STO,Stoke City,3,4
2009-10,STO,Stoke City,4,7
2009-10,STO,Stoke City,5,7
2009-10,STO,Stoke City,6,8
2009-10,STO,Stoke City,7,8
2009-10,STO,Stoke City,8,9
2009-10,STO,Stoke City,9,12
2009-10,STO,Stoke City,10,15
2009-10,STO,Stoke City,11,16
2009-10,STO,Stoke City,12,16
2009-10,STO,Stoke City,13,19
2009-10,STO,Stoke City,14,20
2009-10,STO,Stoke City,15,20
2009-10,STO,Stoke City,16,21
2009-10,STO,Stoke City,17,21
2009-10,STO,Stoke City,18,21
2009-10,STO,Stoke City,19,21
2009-10,STO,Stoke City,20,24
2009-10,STO,Stoke City,21,25
2009-10,STO,Stoke City,22,26
2009-10,STO,Stoke City,23,29
2009-10,STO,Stoke City,24,30
2009-10,STO,Stoke City,25,31
2009-10,STO,Stoke City,26,34
2009-10,STO,Stoke City,27,34
2009-10,STO,Stoke City,28,35
2009-10,STO,Stoke City,29,36
2009-10,STO,Stoke City,30,36
2009-10,STO,Stoke City,31,39
2009-10,STO,Stoke City,32,42
2009-10,STO,Stoke City,33,43
2009-10,STO,Stoke City,34,43
2009-10,STO,Stoke City,35,43
2009-10,STO,Stoke City,36,44
2009-10,STO,Stoke City,37,47
2009-10,STO,Stoke City,38,47
2009-10,SUN,Sunderland,1,3
2009-10,SUN,Sunderland,2,3
2009-10,SUN,Sunderland,3,6
2009-10,SUN,Sunderland,4,6
2009-10,SUN,Sunderland,5,9
2009-10,SUN,Sunderland,6,9
2009-10,SUN,Sunderland,7,12
2009-10,SUN,Sunderland,8,13
2009-10,SUN,Sunderland,9,16
2009-10,SUN,Sunderland,10,16
2009-10,SUN,Sunderland,11,17
2009-10,SUN,Sunderland,12,17
2009-10,SUN,Sunderland,13,20
2009-10,SUN,Sunderland,14,20
2009-10,SUN,Sunderland,15,20
2009-10,SUN,Sunderland,16,21
2009-10,SUN,Sunderland,17,21
2009-10,SUN,Sunderland,18,21
2009-10,SUN,Sunderland,19,22
2009-10,SUN,Sunderland,20,23
2009-10,SUN,Sunderland,21,23
2009-10,SUN,Sunderland,22,23
2009-10,SUN,Sunderland,23,24
2009-10,SUN,Sunderland,24,25
2009-10,SUN,Sunderland,25,26
2009-10,SUN,Sunderland,26,26
2009-10,SUN,Sunderland,27,27
2009-10,SUN,Sunderland,28,30
2009-10,SUN,Sunderland,29,31
2009-10,SUN,Sunderland,30,34
2009-10,SUN,Sunderland,31,35
2009-10,SUN,Sunderland,32,35
2009-10,SUN,Sunderland,33,38
2009-10,SUN,Sunderland,34,38
2009-10,SUN,Sunderland,35,41
2009-10,SUN,Sunderland,36,44
2009-10,SUN,Sunderland,37,44
2009-10,SUN,Sunderland,38,44
2009-10,TOT,Tottenham Hotspur,1,3
2009-10,TOT,Tottenham Hotspur,2,6
2009-10,TOT,Tottenham Hotspur,3,9
2009-10,TOT,Tottenham Hotspur,4,12
2009-10,TOT,Tottenham Hotspur,5,12
2009-10,TOT,Tottenham Hotspur,6,12
2009-10,TOT,Tottenham Hotspur,7,15
2009-10,TOT,Tottenham Hotspur,8,16
2009-10,TOT,Tottenham Hotspur,9,19
2009-10,TOT,Tottenham Hotspur,10,19
2009-10,TOT,Tottenham Hotspur,11,19
2009-10,TOT,Tottenham Hotspur,12,22
2009-10,TOT,Tottenham Hotspur,13,25
2009-10,TOT,Tottenham Hotspur,14,26
2009-10,TOT,Tottenham Hotspur,15,27
2009-10,TOT,Tottenham Hotspur,16,27
2009-10,TOT,Tottenham Hotspur,17,30
2009-10,TOT,Tottenham Hotspur,18,33
2009-10,TOT,Tottenham Hotspur,19,34
2009-10,TOT,Tottenham Hotspur,20,37
2009-10,TOT,Tottenham Hotspur,21,38
2009-10,TOT,Tottenham Hotspur,22,38
2009-10,TOT,Tottenham Hotspur,23,41
2009-10,TOT,Tottenham Hotspur,24,42
2009-10,TOT,Tottenham Hotspur,25,43
2009-10,TOT,Tottenham Hotspur,26,43
2009-10,TOT,Tottenham Hotspur,27,46
2009-10,TOT,Tottenham Hotspur,28,49
2009-10,TOT,Tottenham Hotspur,29,52
2009-10,TOT,Tottenham Hotspur,30,55
2009-10,TOT,Tottenham Hotspur,31,58
2009-10,TOT,Tottenham Hotspur,32,58
2009-10,TOT,Tottenham Hotspur,33,61
2009-10,TOT,Tottenham Hotspur,34,64
2009-10,TOT,Tottenham Hotspur,35,64
2009-10,TOT,Tottenham Hotspur,36,67
2009-10,TOT,Tottenham Hotspur,37,70
2009-10,TOT,Tottenham Hotspur,38,70
2009-10,WHU,West Ham United,1,3
2009-10,WHU,West Ham United,2,3
2009-10,WHU,West Ham United,3,4
2009-10,WHU,West Ham United,4,4
2009-10,WHU,West Ham United,5,4
2009-10,WHU,West Ham United,6,4
2009-10,WHU,West Ham United,7,5
2009-10,WHU,West Ham United,8,5
2009-10,WHU,West Ham United,9,6
2009-10,WHU,West Ham United,10,7
2009-10,WHU,West Ham United,11,10
2009-10,WHU,West Ham United,12,10
2009-10,WHU,West Ham United,13,11
2009-10,WHU,West Ham United,14,14
2009-10,WHU,West Ham United,15,14
2009-10,WHU,West Ham United,16,14
2009-10,WHU,West Ham United,17,14
2009-10,WHU,West Ham United,18,15
2009-10,WHU,West Ham United,19,18
2009-10,WHU,West Ham United,20,18
2009-10,WHU,West Ham United,21,19
2009-10,WHU,West Ham United,22,20
2009-10,WHU,West Ham United,23,21
2009-10,WHU,West Ham United,24,21
2009-10,WHU,West Ham United,25,24
2009-10,WHU,West Ham United,26,27
2009-10,WHU,West Ham United,27,27
2009-10,WHU,West Ham United,28,27
2009-10,WHU,West Ham United,29,27
2009-10,WHU,West Ham United,30,27
2009-10,WHU,West Ham United,31,27
2009-10,WHU,West Ham United,32,27
2009-10,WHU,West Ham United,33,28
2009-10,WHU,West Ham United,34,31
2009-10,WHU,West Ham United,35,31
2009-10,WHU,West Ham United,36,34
2009-10,WHU,West Ham United,37,34
2009-10,WHU,West Ham United,38,35
2009-10,WIG,Wigan Athletic,1,3
2009-10,WIG,Wigan Athletic,2,3
2009-10,WIG,Wigan Athletic,3,3
2009-10,WIG,Wigan Athletic,4,3
2009-10,WIG,Wigan Athletic,5,6
2009-10,WIG,Wigan Athletic,6,6
2009-10,WIG,Wigan Athletic,7,9
2009-10,WIG,Wigan Athletic,8,9
2009-10,WIG,Wigan Athletic,9,10
2009-10,WIG,Wigan Athletic,10,13
2009-10,WIG,Wigan Athletic,11,13
2009-10,WIG,Wigan Athletic,12,14
2009-10,WIG,Wigan Athletic,13,14
2009-10,WIG,Wigan Athletic,14,17
2009-10,WIG,Wigan Athletic,15,17
2009-10,WIG,Wigan Athletic,16,18
2009-10,WIG,Wigan Athletic,17,18
2009-10,WIG,Wigan Athletic,18,19
2009-10,WIG,Wigan Athletic,19,19
2009-10,WIG,Wigan Athletic,20,22
2009-10,WIG,Wigan Athletic,21,22
2009-10,WIG,Wigan Athletic,22,22
2009-10,WIG,Wigan Athletic,23,23
2009-10,WIG,Wigan Athletic,24,24
2009-10,WIG,Wigan Athletic,25,25
2009-10,WIG,Wigan Athletic,26,25
2009-10,WIG,Wigan Athletic,27,25
2009-10,WIG,Wigan Athletic,28,28
2009-10,WIG,Wigan Athletic,29,28
2009-10,WIG,Wigan Athletic,30,28
2009-10,WIG,Wigan Athletic,31,31
2009-10,WIG,Wigan Athletic,32,31
2009-10,WIG,Wigan Athletic,33,31
2009-10,WIG,Wigan Athletic,34,32
2009-10,WIG,Wigan Athletic,35,35
2009-10,WIG,Wigan Athletic,36,35
2009-10,WIG,Wigan Athletic,37,36
2009-10,WIG,Wigan Athletic,38,36
2009-10,WOL,Wolverhampton Wanderers,1,0
2009-10,WOL,Wolverhampton Wanderers,2,3
2009-10,WOL,Wolverhampton Wanderers,3,3
2009-10,WOL,Wolverhampton Wanderers,4,4
2009-10,WOL,Wolverhampton Wanderers,5,4
2009-10,WOL,Wolverhampton Wanderers,6,7
2009-10,WOL,Wolverhampton Wanderers,7,7
2009-10,WOL,Wolverhampton Wanderers,8,7
2009-10,WOL,Wolverhampton Wanderers,9,8
2009-10,WOL,Wolverhampton Wanderers,10,9
2009-10,WOL,Wolverhampton Wanderers,11,10
2009-10,WOL,Wolverhampton Wanderers,12,10
2009-10,WOL,Wolverhampton Wanderers,13,10
2009-10,WOL,Wolverhampton Wanderers,14,10
2009-10,WOL,Wolverhampton Wanderers,15,13
2009-10,WOL,Wolverhampton Wanderers,16,16
2009-10,WOL,Wolverhampton Wanderers,17,16
2009-10,WOL,Wolverhampton Wanderers,18,19
2009-10,WOL,Wolverhampton Wanderers,19,19
2009-10,WOL,Wolverhampton Wanderers,20,19
2009-10,WOL,Wolverhampton Wanderers,21,19
2009-10,WOL,Wolverhampton Wanderers,22,20
2009-10,WOL,Wolverhampton Wanderers,23,21
2009-10,WOL,Wolverhampton Wanderers,24,21
2009-10,WOL,Wolverhampton Wanderers,25,24
2009-10,WOL,Wolverhampton Wanderers,26,24
2009-10,WOL,Wolverhampton Wanderers,27,24
2009-10,WOL,Wolverhampton Wanderers,28,24
2009-10,WOL,Wolverhampton Wanderers,29,27
2009-10,WOL,Wolverhampton Wanderers,30,28
2009-10,WOL,Wolverhampton Wanderers,31,31
2009-10,WOL,Wolverhampton Wanderers,32,32
2009-10,WOL,Wolverhampton Wanderers,33,32
2009-10,WOL,Wolverhampton Wanderers,34,33
2009-10,WOL,Wolverhampton Wanderers,35,34
2009-10,WOL,Wolverhampton Wanderers,36,35
2009-10,WOL,Wolverhampton Wanderers,37,35
2009-10,WOL,Wolverhampton Wanderers,38,38
2010-11,ARS,Arsenal,1,1
2010-11,ARS,Arsenal,2,4
2010-11,ARS,Arsenal,3,7
2010-11,ARS,Arsenal,4,10
2010-11,ARS,Arsenal,5,11
2010-11,ARS,Arsenal,6,11
2010-11,ARS,Arsenal,7,11
2010-11,ARS,Arsenal,8,14
2010-11,ARS,Arsenal,9,17
2010-11,ARS,Arsenal,10,20
2010-11,ARS,Arsenal,11,20
2010-11,ARS,Arsenal,12,23
2010-11,ARS,Arsenal,13,26
2010-11,ARS,Arsenal,14,26
2010-11,ARS,Arsenal,15,29
2010-11,ARS,Arsenal,16,32
2010-11,ARS,Arsenal,17,32
2010-11,ARS,Arsenal,18,35
2010-11,ARS,Arsenal,19,36
2010-11,ARS,Arsenal,20,39
2010-11,ARS,Arsenal,21,40
2010-11,ARS,Arsenal,22,43
2010-11,ARS,Arsenal,23,46
2010-11,ARS,Arsenal,24,49
2010-11,ARS,Arsenal,25,50
2010-11,ARS,Arsenal,26,53
2010-11,ARS,Arsenal,27,56
2010-11,ARS,Arsenal,28,57
2010-11,ARS,Arsenal,29,58
2010-11,ARS,Arsenal,30,59
2010-11,ARS,Arsenal,31,62
2010-11,ARS,Arsenal,32,63
2010-11,ARS,Arsenal,33,64
2010-11,ARS,Arsenal,34,64
2010-11,ARS,Arsenal,35,67
2010-11,ARS,Arsenal,36,67
2010-11,ARS,Arsenal,37,67
2010-11,ARS,Arsenal,38,68
2010-11,AVL,Aston Villa,1,3
2010-11,AVL,Aston Villa,2,3
2010-11,AVL,Aston Villa,3,6
2010-11,AVL,Aston Villa,4,6
2010-11,AVL,Aston Villa,5,7
2010-11,AVL,Aston Villa,6,10
2010-11,AVL,Aston Villa,7,10
2010-11,AVL,Aston Villa,8,11
2010-11,AVL,Aston Villa,9,11
2010-11,AVL,Aston Villa,10,12
2010-11,AVL,Aston Villa,11,13
2010-11,AVL,Aston Villa,12,16
2010-11,AVL,Aston Villa,13,17
2010-11,AVL,Aston Villa,14,17
2010-11,AVL,Aston Villa,15,17
2010-11,AVL,Aston Villa,16,17
2010-11,AVL,Aston Villa,17,20
2010-11,AVL,Aston Villa,18,20
2010-11,AVL,Aston Villa,19,20
2010-11,AVL,Aston Villa,20,21
2010-11,AVL,Aston Villa,21,21
2010-11,AVL,Aston Villa,22,22
2010-11,AVL,Aston Villa,23,25
2010-11,AVL,Aston Villa,24,28
2010-11,AVL,Aston Villa,25,28
2010-11,AVL,Aston Villa,26,29
2010-11,AVL,Aston Villa,27,30
2010-11,AVL,Aston Villa,28,33
2010-11,AVL,Aston Villa,29,33
2010-11,AVL,Aston Villa,30,33
2010-11,AVL,Aston Villa,31,34
2010-11,AVL,Aston Villa,32,37
2010-11,AVL,Aston Villa,33,40
2010-11,AVL,Aston Villa,34,41
2010-11,AVL,Aston Villa,35,41
2010-11,AVL,Aston Villa,36,42
2010-11,AVL,Aston Villa,37,45
2010-11,AVL,Aston Villa,38,48
2010-11,BIR,Birmingham City,1,1
2010-11,BIR,Birmingham City,2,4
2010-11,BIR,Birmingham City,3,5
2010-11,BIR,Birmingham City,4,6
2010-11,BIR,Birmingham City,5,6
2010-11,BIR,Birmingham City,6,7
2010-11,BIR,Birmingham City,7,7
2010-11,BIR,Birmingham City,8,7
2010-11,BIR,Birmingham City,9,10
2010-11,BIR,Birmingham City,10,11
2010-11,BIR,Birmingham City,11,12
2010-11,BIR,Birmingham City,12,12
2010-11,BIR,Birmingham City,13,13
2010-11,BIR,Birmingham City,14,16
2010-11,BIR,Birmingham City,15,17
2010-11,BIR,Birmingham City,16,18
2010-11,BIR,Birmingham City,17,18
2010-11,BIR,Birmingham City,18,19
2010-11,BIR,Birmingham City,19,19
2010-11,BIR,Birmingham City,20,22
2010-11,BIR,Birmingham City,21,23
2010-11,BIR,Birmingham City,22,23
2010-11,BIR,Birmingham City,23,24
2010-11,BIR,Birmingham City,24,27
2010-11,BIR,Birmingham City,25,30
2010-11,BIR,Birmingham City,26,30
2010-11,BIR,Birmingham City,27,30
2010-11,BIR,Birmingham City,28,31
2010-11,BIR,Birmingham City,29,31
2010-11,BIR,Birmingham City,30,34
2010-11,BIR,Birmingham City,31,35
2010-11,BIR,Birmingham City,32,38
2010-11,BIR,Birmingham City,33,38
2010-11,BIR,Birmingham City,34,38
2010-11,BIR,Birmingham City,35,39
2010-11,BIR,Birmingham City,36,39
2010-11,BIR,Birmingham City,37,39
2010-11,BIR,Birmingham City,38,39
2010-11,BLA,Blackburn Rovers,1,3
2010-11,BLA,Blackburn Rovers,2,3
2010-11,BLA,Blackburn Rovers,3,3
2010-11,BLA,Blackburn Rovers,4,4
2010-11,BLA,Blackburn Rovers,5,5
2010-11,BLA,Blackburn Rovers,6,8
2010-11,BLA,Blackburn Rovers,7,8
2010-11,BLA,Blackburn Rovers,8,9
2010-11,BLA,Blackburn Rovers,9,9
2010-11,BLA,Blackburn Rovers,10,9
2010-11,BLA,Blackburn Rovers,11,12
2010-11,BLA,Blackburn Rovers,12,15
2010-11,BLA,Blackburn Rovers,13,15
2010-11,BLA,Blackburn Rovers,14,18
2010-11,BLA,Blackburn Rovers,15,18
2010-11,BLA,Blackburn Rovers,16,21
2010-11,BLA,Blackburn Rovers,17,21
2010-11,BLA,Blackburn Rovers,18,22
2010-11,BLA,Blackburn Rovers,19,22
2010-11,BLA,Blackburn Rovers,20,25
2010-11,BLA,Blackburn Rovers,21,25
2010-11,BLA,Blackburn Rovers,22,28
2010-11,BLA,Blackburn Rovers,23,28
2010-11,BLA,Blackburn Rovers,24,31
2010-11,BLA,Blackburn Rovers,25,31
2010-11,BLA,Blackburn Rovers,26,31
2010-11,BLA,Blackburn Rovers,27,32
2010-11,BLA,Blackburn Rovers,28,32
2010-11,BLA,Blackburn Rovers,29,32
2010-11,BLA,Blackburn Rovers,30,33
2010-11,BLA,Blackburn Rovers,31,34
2010-11,BLA,Blackburn Rovers,32,35
2010-11,BLA,Blackburn Rovers,33,35
2010-11,BLA,Blackburn Rovers,34,35
2010-11,BLA,Blackburn Rovers,35,38
2010-11,BLA,Blackburn Rovers,36,39
2010-11,BLA,Blackburn Rovers,37,40
2010-11,BLA,Blackburn Rovers,38,43
2010-11,BOL,Bolton Wanderers,1,1
2010-11,BOL,Bolton Wanderers,2,4
2010-11,BOL,Bolton Wanderers,3,5
2010-11,BOL,Bolton Wanderers,4,5
2010-11,BOL,Bolton Wanderers,5,6
2010-11,BOL,Bolton Wanderers,6,7
2010-11,BOL,Bolton Wanderers,7,8
2010-11,BOL,Bolton Wanderers,8,11
2010-11,BOL,Bolton Wanderers,9,12
2010-11,BOL,Bolton Wanderers,10,12
2010-11,BOL,Bolton Wanderers,11,15
2010-11,BOL,Bolton Wanderers,12,16
2010-11,BOL,Bolton Wanderers,13,19
2010-11,BOL,Bolton Wanderers,14,22
2010-11,BOL,Bolton Wanderers,15,23
2010-11,BOL,Bolton Wanderers,16,23
2010-11,BOL,Bolton Wanderers,17,26
2010-11,BOL,Bolton Wanderers,18,26
2010-11,BOL,Bolton Wanderers,19,29
2010-11,BOL,Bolton Wanderers,20,29
2010-11,BOL,Bolton Wanderers,21,29
2010-11,BOL,Bolton Wanderers,22,30
2010-11,BOL,Bolton Wanderers,23,30
2010-11,BOL,Bolton Wanderers,24,30
2010-11,BOL,Bolton Wanderers,25,33
2010-11,BOL,Bolton Wanderers,26,33
2010-11,BOL,Bolton Wanderers,27,36
2010-11,BOL,Bolton Wanderers,28,37
2010-11,BOL,Bolton Wanderers,29,40
2010-11,BOL,Bolton Wanderers,30,40
2010-11,BOL,Bolton Wanderers,31,40
2010-11,BOL,Bolton Wanderers,32,43
2010-11,BOL,Bolton Wanderers,33,46
2010-11,BOL,Bolton Wanderers,34,46
2010-11,BOL,Bolton Wanderers,35,46
2010-11,BOL,Bolton Wanderers,36,46
2010-11,BOL,Bolton Wanderers,37,46
2010-11,BOL,Bolton Wanderers,38,46
2010-11,BPL,Blackpool,1,3
2010-11,BPL,Blackpool,2,3
2010-11,BPL,Blackpool,3,4
2010-11,BPL,Blackpool,4,7
2010-11,BPL,Blackpool,5,7
2010-11,BPL,Blackpool,6,7
2010-11,BPL,Blackpool,7,10
2010-11,BPL,Blackpool,8,10
2010-11,BPL,Blackpool,9,10
2010-11,BPL,Blackpool,10,13
2010-11,BPL,Blackpool,11,14
2010-11,BPL,Blackpool,12,14
2010-11,BPL,Blackpool,13,15
2010-11,BPL,Blackpool,14,18
2010-11,BPL,Blackpool,15,19
2010-11,BPL,Blackpool,16,22
2010-11,BPL,Blackpool,17,25
2010-11,BPL,Blackpool,18,25
2010-11,BPL,Blackpool,19,25
2010-11,BPL,Blackpool,20,28
2010-11,BPL,Blackpool,21,28
2010-11,BPL,Blackpool,22,28
2010-11,BPL,Blackpool,23,28
2010-11,BPL,Blackpool,24,28
2010-11,BPL,Blackpool,25,28
2010-11,BPL,Blackpool,26,29
2010-11,BPL,Blackpool,27,32
2010-11,BPL,Blackpool,28,32
2010-11,BPL,Blackpool,29,32
2010-11,BPL,Blackpool,30,33
2010-11,BPL,Blackpool,31,33
2010-11,BPL,Blackpool,32,33
2010-11,BPL,Blackpool,33,33
2010-11,BPL,Blackpool,34,34
2010-11,BPL,Blackpool,35,35
2010-11,BPL,Blackpool,36,36
2010-11,BPL,Blackpool,37,39
2010-11,BPL,Blackpool,38,39
2010-11,CHE,Chelsea,1,3
2010-11,CHE,Chelsea,2,6
2010-11,CHE,Chelsea,3,9
2010-11,CHE,Chelsea,4,12
2010-11,CHE,Chelsea,5,15
2010-11,CHE,Chelsea,6,15
2010-11,CHE,Chelsea,7,18
2010-11,CHE,Chelsea,8,19
2010-11,CHE,Chelsea,9,22
2010-11,CHE,Chelsea,10,25
2010-11,CHE,Chelsea,11,25
2010-11,CHE,Chelsea,12,28
2010-11,CHE,Chelsea,13,28
2010-11,CHE,Chelsea,14,28
2010-11,CHE,Chelsea,15,29
2010-11,CHE,Chelsea,16,30
2010-11,CHE,Chelsea,17,31
2010-11,CHE,Chelsea,18,31
2010-11,CHE,Chelsea,19,34
2010-11,CHE,Chelsea,20,35
2010-11,CHE,Chelsea,21,35
2010-11,CHE,Chelsea,22,38
2010-11,CHE,Chelsea,23,41
2010-11,CHE,Chelsea,24,44
2010-11,CHE,Chelsea,25,44
2010-11,CHE,Chelsea,26,45
2010-11,CHE,Chelsea,27,48
2010-11,CHE,Chelsea,28,51
2010-11,CHE,Chelsea,29,54
2010-11,CHE,Chelsea,30,55
2010-11,CHE,Chelsea,31,58
2010-11,CHE,Chelsea,32,61
2010-11,CHE,Chelsea,33,64
2010-11,CHE,Chelsea,34,67
2010-11,CHE,Chelsea,35,70
2010-11,CHE,Chelsea,36,70
2010-11,CHE,Chelsea,37,71
2010-11,CHE,Chelsea,38,71
2010-11,EVE,Everton,1,0
2010-11,EVE,Everton,2,1
2010-11,EVE,Everton,3,1
2010-11,EVE,Everton,4,2
2010-11,EVE,Everton,5,2
2010-11,EVE,Everton,6,3
2010-11,EVE,Everton,7,6
2010-11,EVE,Everton,8,9
2010-11,EVE,Everton,9,10
2010-11,EVE,Everton,10,13
2010-11,EVE,Everton,11,14
2010-11,EVE,Everton,12,15
2010-11,EVE,Everton,13,15
2010-11,EVE,Everton,14,16
2010-11,EVE,Everton,15,16
2010-11,EVE,Everton,16,17
2010-11,EVE,Everton,17,18
2010-11,EVE,Everton,18,21
2010-11,EVE,Everton,19,22
2010-11,EVE,Everton,20,22
2010-11,EVE,Everton,21,25
2010-11,EVE,Everton,22,26
2010-11,EVE,Everton,23,27
2010-11,EVE,Everton,24,27
2010-11,EVE,Everton,25,30
2010-11,EVE,Everton,26,30
2010-11,EVE,Everton,27,33
2010-11,EVE,Everton,28,36
2010-11,EVE,Everton,29,37
2010-11,EVE,Everton,30,40
2010-11,EVE,Everton,31,41
2010-11,EVE,Everton,32,44
2010-11,EVE,Everton,33,47
2010-11,EVE,Everton,34,47
2010-11,EVE,Everton,35,48
2010-11,EVE,Everton,36,51
2010-11,EVE,Everton,37,51
2010-11,EVE,Everton,38,54
2010-11,FUL,Fulham,1,1
2010-11,FUL,Fulham,2,2
2010-11,FUL,Fulham,3,3
2010-11,FUL,Fulham,4,6
2010-11,FUL,Fulham,5,7
2010-11,FUL,Fulham,6,8
2010-11,FUL,Fulham,7,9
2010-11,FUL,Fulham,8,9
2010-11,FUL,Fulham,9,9
2010-11,FUL,Fulham,10,12
2010-11,FUL,Fulham,11,13
2010-11,FUL,Fulham,12,13
2010-11,FUL,Fulham,13,14
2010-11,FUL,Fulham,14,14
2010-11,FUL,Fulham,15,15
2010-11,FUL,Fulham,16,15
2010-11,FUL,Fulham,17,16
2010-11,FUL,Fulham,18,16
2010-11,FUL,Fulham,19,19
2010-11,FUL,Fulham,20,19
2010-11,FUL,Fulham,21,22
2010-11,FUL,Fulham,22,23
2010-11,FUL,Fulham,23,26
2010-11,FUL,Fulham,24,26
2010-11,FUL,Fulham,25,29
2010-11,FUL,Fulham,26,30
2010-11,FUL,Fulham,27,31
2010-11,FUL,Fulham,28,32
2010-11,FUL,Fulham,29,35
2010-11,FUL,Fulham,30,35
2010-11,FUL,Fulham,31,38
2010-11,FUL,Fulham,32,38
2010-11,FUL,Fulham,33,39
2010-11,FUL,Fulham,34,42
2010-11,FUL,Fulham,35,45
2010-11,FUL,Fulham,36,45
2010-11,FUL,Fulham,37,48
2010-11,FUL,Fulham,38,49
2010-11,LIV,Liverpool,1,1
2010-11,LIV,Liverpool,2,1
2010-11,LIV,Liverpool,3,4
2010-11,LIV,Liverpool,4,5
2010-11,LIV,Liverpool,5,5
2010-11,LIV,Liverpool,6,6
2010-11,LIV,Liverpool,7,6
2010-11,LIV,Liverpool,8,6
2010-11,LIV,Liverpool,9,9
2010-11,LIV,Liverpool,10,12
2010-11,LIV,Liverpool,11,15
2010-11,LIV,Liverpool,12,16
2010-11,LIV,Liverpool,13,16
2010-11,LIV,Liverpool,14,19
2010-11,LIV,Liverpool,15,19
2010-11,LIV,Liverpool,16,22
2010-11,LIV,Liverpool,17,22
2010-11,LIV,Liverpool,18,22
2010-11,LIV,Liverpool,19,25
2010-11,LIV,Liverpool,20,25
2010-11,LIV,Liverpool,21,25
2010-11,LIV,Liverpool,22,26
2010-11,LIV,Liverpool,23,29
2010-11,LIV,Liverpool,24,32
2010-11,LIV,Liverpool,25,35
2010-11,LIV,Liverpool,26,38
2010-11,LIV,Liverpool,27,39
2010-11,LIV,Liverpool,28,39
2010-11,LIV,Liverpool,29,42
2010-11,LIV,Liverpool,30,45
2010-11,LIV,Liverpool,31,45
2010-11,LIV,Liverpool,32,48
2010-11,LIV,Liverpool,33,49
2010-11,LIV,Liverpool,34,52
2010-11,LIV,Liverpool,35,55
2010-11,LIV,Liverpool,36,58
2010-11,LIV,Liverpool,37,58
2010-11,LIV,Liverpool,38,58
2010-11,MCI,Manchester City,1,1
2010-11,MCI,Manchester City,2,4
2010-11,MCI,Manchester City,3,4
2010-11,MCI,Manchester City,4,5
2010-11,MCI,Manchester City,5,8
2010-11,MCI,Manchester City,6,11
2010-11,MCI,Manchester City,7,14
2010-11,MCI,Manchester City,8,17
2010-11,MCI,Manchester City,9,17
2010-11,MCI,Manchester City,10,17
2010-11,MCI,Manchester City,11,20
2010-11,MCI,Manchester City,12,21
2010-11,MCI,Manchester City,13,22
2010-11,MCI,Manchester City,14,25
2010-11,MCI,Manchester City,15,26
2010-11,MCI,Manchester City,16,29
2010-11,MCI,Manchester City,17,32
2010-11,MCI,Manchester City,18,32
2010-11,MCI,Manchester City,19,35
2010-11,MCI,Manchester City,20,38
2010-11,MCI,Manchester City,21,41
2010-11,MCI,Manchester City,22,42
2010-11,MCI,Manchester City,23,45
2010-11,MCI,Manchester City,24,45
2010-11,MCI,Manchester City,25,46
2010-11,MCI,Manchester City,26,49
2010-11,MCI,Manchester City,27,49
2010-11,MCI,Manchester City,28,50
2010-11,MCI,Manchester City,29,53
2010-11,MCI,Manchester City,30,53
2010-11,MCI,Manchester City,31,56
2010-11,MCI,Manchester City,32,56
2010-11,MCI,Manchester City,33,59
2010-11,MCI,Manchester City,34,62
2010-11,MCI,Manchester City,35,62
2010-11,MCI,Manchester City,36,65
2010-11,MCI,Manchester City,37,68
2010-11,MCI,Manchester City,38,71
2010-11,MUN,Manchester United,1,3
2010-11,MUN,Manchester United,2,4
2010-11,MUN,Manchester United,3,7
2010-11,MUN,Manchester United,4,8
2010-11,MUN,Manchester United,5,11
2010-11,MUN,Manchester United,6,12
2010-11,MUN,Manchester United,7,13
2010-11,MUN,Manchester United,8,14
2010-11,MUN,Manchester United,9,17
2010-11,MUN,Manchester United,10,20
2010-11,MUN,Manchester United,11,23
2010-11,MUN,Manchester United,12,24
2010-11,MUN,Manchester United,13,25
2010-11,MUN,Manchester United,14,28
2010-11,MUN,Manchester United,15,31
2010-11,MUN,Manchester United,16,34
2010-11,MUN,Manchester United,17,37
2010-11,MUN,Manchester United,18,38
2010-11,MUN,Manchester United,19,41
2010-11,MUN,Manchester United,20,44
2010-11,MUN,Manchester United,21,45
2010-11,MUN,Manchester United,22,48
2010-11,MUN,Manchester United,23,51
2010-11,MUN,Manchester United,24,54
2010-11,MUN,Manchester United,25,54
2010-11,MUN,Manchester United,26,57
2010-11,MUN,Manchester United,27,60
2010-11,MUN,Manchester United,28,60
2010-11,MUN,Manchester United,29,60
2010-11,MUN,Manchester United,30,63
2010-11,MUN,Manchester United,31,66
2010-11,MUN,Manchester United,32,69
2010-11,MUN,Manchester United,33,70
2010-11,MUN,Manchester United,34,73
2010-11,MUN,Manchester United,35,73
2010-11,MUN,Manchester United,36,76
2010-11,MUN,Manchester United,37,77
2010-11,MUN,Manchester United,38,80
2010-11,NEW,Newcastle United,1,0
2010-11,NEW,Newcastle United,2,3
2010-11,NEW,Newcastle United,3,4
2010-11,NEW,Newcastle United,4,4
2010-11,NEW,Newcastle United,5,7
2010-11,NEW,Newcastle United,6,7
2010-11,NEW,Newcastle United,7,7
2010-11,NEW,Newcastle United,8,8
2010-11,NEW,Newcastle United,9,11
2010-11,NEW,Newcastle United,10,14
2010-11,NEW,Newcastle United,11,17
2010-11,NEW,Newcastle United,12,17
2010-11,NEW,Newcastle United,13,18
2010-11,NEW,Newcastle United,14,18
2010-11,NEW,Newcastle United,15,19
2010-11,NEW,Newcastle United,16,19
2010-11,NEW,Newcastle United,17,22
2010-11,NEW,Newcastle United,18,22
2010-11,NEW,Newcastle United,19,22
2010-11,NEW,Newcastle United,20,25
2010-11,NEW,Newcastle United,21,28
2010-11,NEW,Newcastle United,22,29
2010-11,NEW,Newcastle United,23,30
2010-11,NEW,Newcastle United,24,30
2010-11,NEW,Newcastle United,25,31
2010-11,NEW,Newcastle United,26,32
2010-11,NEW,Newcastle United,27,35
2010-11,NEW,Newcastle United,28,36
2010-11,NEW,Newcastle United,29,36
2010-11,NEW,Newcastle United,30,36
2010-11,NEW,Newcastle United,31,39
2010-11,NEW,Newcastle United,32,39
2010-11,NEW,Newcastle United,33,40
2010-11,NEW,Newcastle United,34,41
2010-11,NEW,Newcastle United,35,41
2010-11,NEW,Newcastle United,36,44
2010-11,NEW,Newcastle United,37,45
2010-11,NEW,Newcastle United,38,46
2010-11,STO,Stoke City,1,0
2010-11,STO,Stoke City,2,0
2010-11,STO,Stoke City,3,0
2010-11,STO,Stoke City,4,3
2010-11,STO,Stoke City,5,4
2010-11,STO,Stoke City,6,7
2010-11,STO,Stoke City,7,10
2010-11,STO,Stoke City,8,10
2010-11,STO,Stoke City,9,10
2010-11,STO,Stoke City,10,10
2010-11,STO,Stoke City,11,10
2010-11,STO,Stoke City,12,13
2010-11,STO,Stoke City,13,16
2010-11,STO,Stoke City,14,19
2010-11,STO,Stoke City,15,20
2010-11,STO,Stoke City,16,21
2010-11,STO,Stoke City,17,21
2010-11,STO,Stoke City,18,24
2010-11,STO,Stoke City,19,24
2010-11,STO,Stoke City,20,27
2010-11,STO,Stoke City,21,27
2010-11,STO,Stoke City,22,30
2010-11,STO,Stoke City,23,30
2010-11,STO,Stoke City,24,30
2010-11,STO,Stoke City,25,33
2010-11,STO,Stoke City,26,33
2010-11,STO,Stoke City,27,33
2010-11,STO,Stoke City,28,34
2010-11,STO,Stoke City,29,34
2010-11,STO,Stoke City,30,37
2010-11,STO,Stoke City,31,38
2010-11,STO,Stoke City,32,38
2010-11,STO,Stoke City,33,39
2010-11,STO,Stoke City,34,42
2010-11,STO,Stoke City,35,43
2010-11,STO,Stoke City,36,46
2010-11,STO,Stoke City,37,46
2010-11,STO,Stoke City,38,46
2010-11,SUN,Sunderland,1,1
2010-11,SUN,Sunderland,2,1
2010-11,SUN,Sunderland,3,4
2010-11,SUN,Sunderland,4,5
2010-11,SUN,Sunderland,5,6
2010-11,SUN,Sunderland,6,7
2010-11,SUN,Sunderland,7,8
2010-11,SUN,Sunderland,8,9
2010-11,SUN,Sunderland,9,12
2010-11,SUN,Sunderland,10,12
2010-11,SUN,Sunderland,11,15
2010-11,SUN,Sunderland,12,16
2010-11,SUN,Sunderland,13,19
2010-11,SUN,Sunderland,14,20
2010-11,SUN,Sunderland,15,20
2010-11,SUN,Sunderland,16,23
2010-11,SUN,Sunderland,17,24
2010-11,SUN,Sunderland,18,27
2010-11,SUN,Sunderland,19,27
2010-11,SUN,Sunderland,20,27
2010-11,SUN,Sunderland,21,30
2010-11,SUN,Sunderland,22,33
2010-11,SUN,Sunderland,23,34
2010-11,SUN,Sunderland,24,37
2010-11,SUN,Sunderland,25,37
2010-11,SUN,Sunderland,26,37
2010-11,SUN,Sunderland,27,37
2010-11,SUN,Sunderland,28,37
2010-11,SUN,Sunderland,29,38
2010-11,SUN,Sunderland,30,38
2010-11,SUN,Sunderland,31,38
2010-11,SUN,Sunderland,32,38
2010-11,SUN,Sunderland,33,38
2010-11,SUN,Sunderland,34,41
2010-11,SUN,Sunderland,35,41
2010-11,SUN,Sunderland,36,44
2010-11,SUN,Sunderland,37,44
2010-11,SUN,Sunderland,38,47
2010-11,TOT,Tottenham Hotspur,1,1
2010-11,TOT,Tottenham Hotspur,2,4
2010-11,TOT,Tottenham Hotspur,3,4
2010-11,TOT,Tottenham Hotspur,4,5
2010-11,TOT,Tottenham Hotspur,5,8
2010-11,TOT,Tottenham Hotspur,6,8
2010-11,TOT,Tottenham Hotspur,7,11
2010-11,TOT,Tottenham Hotspur,8,14
2010-11,TOT,Tottenham Hotspur,9,15
2010-11,TOT,Tottenham Hotspur,10,15
2010-11,TOT,Tottenham Hotspur,11,15
2010-11,TOT,Tottenham Hotspur,12,16
2010-11,TOT,Tottenham Hotspur,13,19
2010-11,TOT,Tottenham Hotspur,14,22
2010-11,TOT,Tottenham Hotspur,15,25
2010-11,TOT,Tottenham Hotspur,16,26
2010-11,TOT,Tottenham Hotspur,17,27
2010-11,TOT,Tottenham Hotspur,18,30
2010-11,TOT,Tottenham Hotspur,19,33
2010-11,TOT,Tottenham Hotspur,20,36
2010-11,TOT,Tottenham Hotspur,21,36
2010-11,TOT,Tottenham Hotspur,22,37
2010-11,TOT,Tottenham Hotspur,23,38
2010-11,TOT,Tottenham Hotspur,24,41
2010-11,TOT,Tottenham Hotspur,25,44
2010-11,TOT,Tottenham Hotspur,26,47
2010-11,TOT,Tottenham Hotspur,27,47
2010-11,TOT,Tottenham Hotspur,28,48
2010-11,TOT,Tottenham Hotspur,29,49
2010-11,TOT,Tottenham Hotspur,30,50
2010-11,TOT,Tottenham Hotspur,31,53
2010-11,TOT,Tottenham Hotspur,32,54
2010-11,TOT,Tottenham Hotspur,33,55
2010-11,TOT,Tottenham Hotspur,34,55
2010-11,TOT,Tottenham Hotspur,35,56
2010-11,TOT,Tottenham Hotspur,36,56
2010-11,TOT,Tottenham Hotspur,37,59
2010-11,TOT,Tottenham Hotspur,38,62
2010-11,WBA,West Bromwich Albion,1,0
2010-11,WBA,West Bromwich Albion,2,3
2010-11,WBA,West Bromwich Albion,3,3
2010-11,WBA,West Bromwich Albion,4,4
2010-11,WBA,West Bromwich Albion,5,7
2010-11,WBA,West Bromwich Albion,6,10
2010-11,WBA,West Bromwich Albion,7,11
2010-11,WBA,West Bromwich Albion,8,12
2010-11,WBA,West Bromwich Albion,9,15
2010-11,WBA,West Bromwich Albion,10,15
2010-11,WBA,West Bromwich Albion,11,15
2010-11,WBA,West Bromwich Albion,12,16
2010-11,WBA,West Bromwich Albion,13,16
2010-11,WBA,West Bromwich Albion,14,16
2010-11,WBA,West Bromwich Albion,15,19
2010-11,WBA,West Bromwich Albion,16,22
2010-11,WBA,West Bromwich Albion,17,22
2010-11,WBA,West Bromwich Albion,18,22
2010-11,WBA,West Bromwich Albion,19,22
2010-11,WBA,West Bromwich Albion,20,22
2010-11,WBA,West Bromwich Albion,21,22
2010-11,WBA,West Bromwich Albion,22,25
2010-11,WBA,West Bromwich Albion,23,25
2010-11,WBA,West Bromwich Albion,24,26
2010-11,WBA,West Bromwich Albion,25,26
2010-11,WBA,West Bromwich Albion,26,27
2010-11,WBA,West Bromwich Albion,27,28
2010-11,WBA,West Bromwich Albion,28,29
2010-11,WBA,West Bromwich Albion,29,32
2010-11,WBA,West Bromwich Albion,30,33
2010-11,WBA,West Bromwich Albion,31,36
2010-11,WBA,West Bromwich Albion,32,39
2010-11,WBA,West Bromwich Albion,33,39
2010-11,WBA,West Bromwich Albion,34,40
2010-11,WBA,West Bromwich Albion,35,43
2010-11,WBA,West Bromwich Albion,36,43
2010-11,WBA,West Bromwich Albion,37,46
2010-11,WBA,West Bromwich Albion,38,47
2010-11,WHU,West Ham United,1,0
2010-11,WHU,West Ham United,2,0
2010-11,WHU,West Ham United,3,0
2010-11,WHU,West Ham United,4,0
2010-11,WHU,West Ham United,5,1
2010-11,WHU,West Ham United,6,4
2010-11,WHU,West Ham United,7,5
2010-11,WHU,West Ham United,8,6
2010-11,WHU,West Ham United,9,6
2010-11,WHU,West Ham United,10,6
2010-11,WHU,West Ham United,11,7
2010-11,WHU,West Ham United,12,8
2010-11,WHU,West Ham United,13,9
2010-11,WHU,West Ham United,14,9
2010-11,WHU,West Ham United,15,12
2010-11,WHU,West Ham United,16,12
2010-11,WHU,West Ham United,17,12
2010-11,WHU,West Ham United,18,13
2010-11,WHU,West Ham United,19,16
2010-11,WHU,West Ham United,20,17
2010-11,WHU,West Ham United,21,20
2010-11,WHU,West Ham United,22,20
2010-11,WHU,West Ham United,23,20
2010-11,WHU,West Ham United,24,21
2010-11,WHU,West Ham United,25,24
2010-11,WHU,West Ham United,26,24
2010-11,WHU,West Ham United,27,25
2010-11,WHU,West Ham United,28,28
2010-11,WHU,West Ham United,29,31
2010-11,WHU,West Ham United,30,32
2010-11,WHU,West Ham United,31,32
2010-11,WHU,West Ham United,32,32
2010-11,WHU,West Ham United,33,32
2010-11,WHU,West Ham United,34,32
2010-11,WHU,West Ham United,35,32
2010-11,WHU,West Ham United,36,33
2010-11,WHU,West Ham United,37,33
2010-11,WHU,West Ham United,38,33
2010-11,WIG,Wigan Athletic,1,0
2010-11,WIG,Wigan Athletic,2,0
2010-11,WIG,Wigan Athletic,3,3
2010-11,WIG,Wigan Athletic,4,4
2010-11,WIG,Wigan Athletic,5,4
2010-11,WIG,Wigan Athletic,6,5
2010-11,WIG,Wigan Athletic,7,8
2010-11,WIG,Wigan Athletic,8,9
2010-11,WIG,Wigan Athletic,9,10
2010-11,WIG,Wigan Athletic,10,10
2010-11,WIG,Wigan Athletic,11,10
2010-11,WIG,Wigan Athletic,12,11
2010-11,WIG,Wigan Athletic,13,14
2010-11,WIG,Wigan Athletic,14,14
2010-11,WIG,Wigan Athletic,15,14
2010-11,WIG,Wigan Athletic,16,15
2010-11,WIG,Wigan Athletic,17,16
2010-11,WIG,Wigan Athletic,18,19
2010-11,WIG,Wigan Athletic,19,20
2010-11,WIG,Wigan Athletic,20,20
2010-11,WIG,Wigan Athletic,21,21
2010-11,WIG,Wigan Athletic,22,22
2010-11,WIG,Wigan Athletic,23,22
2010-11,WIG,Wigan Athletic,24,22
2010-11,WIG,Wigan Athletic,25,23
2010-11,WIG,Wigan Athletic,26,26
2010-11,WIG,Wigan Athletic,27,27
2010-11,WIG,Wigan Athletic,28,27
2010-11,WIG,Wigan Athletic,29,27
2010-11,WIG,Wigan Athletic,30,30
2010-11,WIG,Wigan Athletic,31,31
2010-11,WIG,Wigan Athletic,32,31
2010-11,WIG,Wigan Athletic,33,34
2010-11,WIG,Wigan Athletic,34,34
2010-11,WIG,Wigan Athletic,35,35
2010-11,WIG,Wigan Athletic,36,36
2010-11,WIG,Wigan Athletic,37,39
2010-11,WIG,Wigan Athletic,38,42
2010-11,WOL,Wolverhampton Wanderers,1,3
2010-11,WOL,Wolverhampton Wanderers,2,4
2010-11,WOL,Wolverhampton Wanderers,3,5
2010-11,WOL,Wolverhampton Wanderers,4,5
2010-11,WOL,Wolverhampton Wanderers,5,5
2010-11,WOL,Wolverhampton Wanderers,6,5
2010-11,WOL,Wolverhampton Wanderers,7,5
2010-11,WOL,Wolverhampton Wanderers,8,6
2010-11,WOL,Wolverhampton Wanderers,9,6
2010-11,WOL,Wolverhampton Wanderers,10,9
2010-11,WOL,Wolverhampton Wanderers,11,9
2010-11,WOL,Wolverhampton Wanderers,12,9
2010-11,WOL,Wolverhampton Wanderers,13,9
2010-11,WOL,Wolverhampton Wanderers,14,9
2010-11,WOL,Wolverhampton Wanderers,15,12
2010-11,WOL,Wolverhampton Wanderers,16,12
2010-11,WOL,Wolverhampton Wanderers,17,15
2010-11,WOL,Wolverhampton Wanderers,18,15
2010-11,WOL,Wolverhampton Wanderers,19,18
2010-11,WOL,Wolverhampton Wanderers,20,18
2010-11,WOL,Wolverhampton Wanderers,21,21
2010-11,WOL,Wolverhampton Wanderers,22,21
2010-11,WOL,Wolverhampton Wanderers,23,21
2010-11,WOL,Wolverhampton Wanderers,24,21
2010-11,WOL,Wolverhampton Wanderers,25,24
2010-11,WOL,Wolverhampton Wanderers,26,24
2010-11,WOL,Wolverhampton Wanderers,27,25
2010-11,WOL,Wolverhampton Wanderers,28,28
2010-11,WOL,Wolverhampton Wanderers,29,29
2010-11,WOL,Wolverhampton Wanderers,30,32
2010-11,WOL,Wolverhampton Wanderers,31,32
2010-11,WOL,Wolverhampton Wanderers,32,32
2010-11,WOL,Wolverhampton Wanderers,33,33
2010-11,WOL,Wolverhampton Wanderers,34,33
2010-11,WOL,Wolverhampton Wanderers,35,34
2010-11,WOL,Wolverhampton Wanderers,36,37
2010-11,WOL,Wolverhampton Wanderers,37,40
2010-11,WOL,Wolverhampton Wanderers,38,40
2011-12,ARS,Arsenal,1,1
2011-12,ARS,Arsenal,2,1
2011-12,ARS,Arsenal,3,1
2011-12,ARS,Arsenal,4,4
2011-12,ARS,Arsenal,5,4
2011-12,ARS,Arsenal,6,7
2011-12,ARS,Arsenal,7,7
2011-12,ARS,Arsenal,8,10
2011-12,ARS,Arsenal,9,13
2011-12,ARS,Arsenal,10,16
2011-12,ARS,Arsenal,11,19
2011-12,ARS,Arsenal,12,22
2011-12,ARS,Arsenal,13,23
2011-12,ARS,Arsenal,14,26
2011-12,ARS,Arsenal,15,29
2011-12,ARS,Arsenal,16,29
2011-12,ARS,Arsenal,17,32
2011-12,ARS,Arsenal,18,33
2011-12,ARS,Arsenal,19,36
2011-12,ARS,Arsenal,20,36
2011-12,ARS,Arsenal,21,36
2011-12,ARS,Arsenal,22,36
2011-12,ARS,Arsenal,23,37
2011-12,ARS,Arsenal,24,40
2011-12,ARS,Arsenal,25,43
2011-12,ARS,Arsenal,26,46
2011-12,ARS,Arsenal,27,49
2011-12,ARS,Arsenal,28,52
2011-12,ARS,Arsenal,29,55
2011-12,ARS,Arsenal,30,58
2011-12,ARS,Arsenal,31,58
2011-12,ARS,Arsenal,32,61
2011-12,ARS,Arsenal,33,64
2011-12,ARS,Arsenal,34,64
2011-12,ARS,Arsenal,35,65
2011-12,ARS,Arsenal,36,66
2011-12,ARS,Arsenal,37,67
2011-12,ARS,Arsenal,38,70
2011-12,AVL,Aston Villa,1,1
2011-12,AVL,Aston Villa,2,4
2011-12,AVL,Aston Villa,3,5
2011-12,AVL,Aston Villa,4,6
2011-12,AVL,Aston Villa,5,7
2011-12,AVL,Aston Villa,6,8
2011-12,AVL,Aston Villa,7,11
2011-12,AVL,Aston Villa,8,11
2011-12,AVL,Aston Villa,9,11
2011-12,AVL,Aston Villa,10,12
2011-12,AVL,Aston Villa,11,15
2011-12,AVL,Aston Villa,12,15
2011-12,AVL,Aston Villa,13,16
2011-12,AVL,Aston Villa,14,16
2011-12,AVL,Aston Villa,15,19
2011-12,AVL,Aston Villa,16,19
2011-12,AVL,Aston Villa,17,19
2011-12,AVL,Aston Villa,18,20
2011-12,AVL,Aston Villa,19,23
2011-12,AVL,Aston Villa,20,23
2011-12,AVL,Aston Villa,21,24
2011-12,AVL,Aston Villa,22,27
2011-12,AVL,Aston Villa,23,28
2011-12,AVL,Aston Villa,24,28
2011-12,AVL,Aston Villa,25,28
2011-12,AVL,Aston Villa,26,29
2011-12,AVL,Aston Villa,27,30
2011-12,AVL,Aston Villa,28,33
2011-12,AVL,Aston Villa,29,33
2011-12,AVL,Aston Villa,30,33
2011-12,AVL,Aston Villa,31,34
2011-12,AVL,Aston Villa,32,35
2011-12,AVL,Aston Villa,33,35
2011-12,AVL,Aston Villa,34,36
2011-12,AVL,Aston Villa,35,36
2011-12,AVL,Aston Villa,36,37
2011-12,AVL,Aston Villa,37,38
2011-12,AVL,Aston Villa,38,38
2011-12,BLA,Blackburn Rovers,1,0
2011-12,BLA,Blackburn Rovers,2,0
2011-12,BLA,Blackburn Rovers,3,0
2011-12,BLA,Blackburn Rovers,4,1
2011-12,BLA,Blackburn Rovers,5,4
2011-12,BLA,Blackburn Rovers,6,4
2011-12,BLA,Blackburn Rovers,7,4
2011-12,BLA,Blackburn Rovers,8,5
2011-12,BLA,Blackburn Rovers,9,5
2011-12,BLA,Blackburn Rovers,10,6
2011-12,BLA,Blackburn Rovers,11,6
2011-12,BLA,Blackburn Rovers,12,7
2011-12,BLA,Blackburn Rovers,13,7
2011-12,BLA,Blackburn Rovers,14,10
2011-12,BLA,Blackburn Rovers,15,10
2011-12,BLA,Blackburn Rovers,16,10
2011-12,BLA,Blackburn Rovers,17,10
2011-12,BLA,Blackburn Rovers,18,11
2011-12,BLA,Blackburn Rovers,19,14
2011-12,BLA,Blackburn Rovers,20,14
2011-12,BLA,Blackburn Rovers,21,17
2011-12,BLA,Blackburn Rovers,22,18
2011-12,BLA,Blackburn Rovers,23,18
2011-12,BLA,Blackburn Rovers,24,18
2011-12,BLA,Blackburn Rovers,25,21
2011-12,BLA,Blackburn Rovers,26,21
2011-12,BLA,Blackburn Rovers,27,22
2011-12,BLA,Blackburn Rovers,28,25
2011-12,BLA,Blackburn Rovers,29,28
2011-12,BLA,Blackburn Rovers,30,28
2011-12,BLA,Blackburn Rovers,31,28
2011-12,BLA,Blackburn Rovers,32,28
2011-12,BLA,Blackburn Rovers,33,28
2011-12,BLA,Blackburn Rovers,34,28
2011-12,BLA,Blackburn Rovers,35,31
2011-12,BLA,Blackburn Rovers,36,31
2011-12,BLA,Blackburn Rovers,37,31
2011-12,BLA,Blackburn Rovers,38,31
2011-12,BOL,Bolton Wanderers,1,3
2011-12,BOL,Bolton Wanderers,2,3
2011-12,BOL,Bolton Wanderers,3,3
2011-12,BOL,Bolton Wanderers,4,3
2011-12,BOL,Bolton Wanderers,5,3
2011-12,BOL,Bolton Wanderers,6,3
2011-12,BOL,Bolton Wanderers,7,3
2011-12,BOL,Bolton Wanderers,8,6
2011-12,BOL,Bolton Wanderers,9,6
2011-12,BOL,Bolton Wanderers,10,6
2011-12,BOL,Bolton Wanderers,11,9
2011-12,BOL,Bolton Wanderers,12,9
2011-12,BOL,Bolton Wanderers,13,9
2011-12,BOL,Bolton Wanderers,14,9
2011-12,BOL,Bolton Wanderers,15,9
2011-12,BOL,Bolton Wanderers,16,9
2011-12,BOL,Bolton Wanderers,17,12
2011-12,BOL,Bolton Wanderers,18,12
2011-12,BOL,Bolton Wanderers,19,13
2011-12,BOL,Bolton Wanderers,20,16
2011-12,BOL,Bolton Wanderers,21,16
2011-12,BOL,Bolton Wanderers,22,19
2011-12,BOL,Bolton Wanderers,23,20
2011-12,BOL,Bolton Wanderers,24,20
2011-12,BOL,Bolton Wanderers,25,20
2011-12,BOL,Bolton Wanderers,26,20
2011-12,BOL,Bolton Wanderers,27,20
2011-12,BOL,Bolton Wanderers,28,23
2011-12,BOL,Bolton Wanderers,29,26
2011-12,BOL,Bolton Wanderers,30,29
2011-12,BOL,Bolton Wanderers,31,29
2011-12,BOL,Bolton Wanderers,32,29
2011-12,BOL,Bolton Wanderers,33,30
2011-12,BOL,Bolton Wanderers,34,33
2011-12,BOL,Bolton Wanderers,35,34
2011-12,BOL,Bolton Wanderers,36,34
2011-12,BOL,Bolton Wanderers,37,35
2011-12,BOL,Bolton Wanderers,38,36
2011-12,CHE,Chelsea,1,1
2011-12,CHE,Chelsea,2,4
2011-12,CHE,Chelsea,3,7
2011-12,CHE,Chelsea,4,10
2011-12,CHE,Chelsea,5,10
2011-12,CHE,Chelsea,6,13
2011-12,CHE,Chelsea,7,16
2011-12,CHE,Chelsea,8,19
2011-12,CHE,Chelsea,9,19
2011-12,CHE,Chelsea,10,19
2011-12,CHE,Chelsea,11,22
2011-12,CHE,Chelsea,12,22
2011-12,CHE,Chelsea,13,25
2011-12,CHE,Chelsea,14,28
2011-12,CHE,Chelsea,15,31
2011-12,CHE,Chelsea,16,32
2011-12,CHE,Chelsea,17,33
2011-12,CHE,Chelsea,18,34
2011-12,CHE,Chelsea,19,34
2011-12,CHE,Chelsea,20,37
2011-12,CHE,Chelsea,21,40
2011-12,CHE,Chelsea,22,41
2011-12,CHE,Chelsea,23,42
2011-12,CHE,Chelsea,24,43
2011-12,CHE,Chelsea,25,43
2011-12,CHE,Chelsea,26,46
2011-12,CHE,Chelsea,27,46
2011-12,CHE,Chelsea,28,49
2011-12,CHE,Chelsea,29,49
2011-12,CHE,Chelsea,30,50
2011-12,CHE,Chelsea,31,53
2011-12,CHE,Chelsea,32,56
2011-12,CHE,Chelsea,33,57
2011-12,CHE,Chelsea,34,58
2011-12,CHE,Chelsea,35,61
2011-12,CHE,Chelsea,36,61
2011-12,CHE,Chelsea,37,61
2011-12,CHE,Chelsea,38,64
2011-12,EVE,Everton,1,0
2011-12,EVE,Everton,2,3
2011-12,EVE,Everton,3,4
2011-12,EVE,Everton,4,7
2011-12,EVE,Everton,5,7
2011-12,EVE,Everton,6,7
2011-12,EVE,Everton,7,7
2011-12,EVE,Everton,8,10
2011-12,EVE,Everton,9,10
2011-12,EVE,Everton,10,10
2011-12,EVE,Everton,11,13
2011-12,EVE,Everton,12,16
2011-12,EVE,Everton,13,16
2011-12,EVE,Everton,14,16
2011-12,EVE,Everton,15,17
2011-12,EVE,Everton,16,20
2011-12,EVE,Everton,17,21
2011-12,EVE,Everton,18,24
2011-12,EVE,Everton,19,24
2011-12,EVE,Everton,20,24
2011-12,EVE,Everton,21,25
2011-12,EVE,Everton,22,26
2011-12,EVE,Everton,23,29
2011-12,EVE,Everton,24,30
2011-12,EVE,Everton,25,33
2011-12,EVE,Everton,26,34
2011-12,EVE,Everton,27,37
2011-12,EVE,Everton,28,37
2011-12,EVE,Everton,29,37
2011-12,EVE,Everton,30,40
2011-12,EVE,Everton,31,43
2011-12,EVE,Everton,32,44
2011-12,EVE,Everton,33,47
2011-12,EVE,Everton,34,48
2011-12,EVE,Everton,35,51
2011-12,EVE,Everton,36,52
2011-12,EVE,Everton,37,53
2011-12,EVE,Everton,38,56
2011-12,FUL,Fulham,1,1
2011-12,FUL,Fulham,2,1
2011-12,FUL,Fulham,3,1
2011-12,FUL,Fulham,4,2
2011-12,FUL,Fulham,5,3
2011-12,FUL,Fulham,6,4
2011-12,FUL,Fulham,7,7
2011-12,FUL,Fulham,8,7
2011-12,FUL,Fulham,9,7
2011-12,FUL,Fulham,10,10
2011-12,FUL,Fulham,11,10
2011-12,FUL,Fulham,12,11
2011-12,FUL,Fulham,13,12
2011-12,FUL,Fulham,14,15
2011-12,FUL,Fulham,15,15
2011-12,FUL,Fulham,16,18
2011-12,FUL,Fulham,17,18
2011-12,FUL,Fulham,18,19
2011-12,FUL,Fulham,19,20
2011-12,FUL,Fulham,20,23
2011-12,FUL,Fulham,21,23
2011-12,FUL,Fulham,22,26
2011-12,FUL,Fulham,23,27
2011-12,FUL,Fulham,24,27
2011-12,FUL,Fulham,25,30
2011-12,FUL,Fulham,26,33
2011-12,FUL,Fulham,27,36
2011-12,FUL,Fulham,28,36
2011-12,FUL,Fulham,29,36
2011-12,FUL,Fulham,30,36
2011-12,FUL,Fulham,31,39
2011-12,FUL,Fulham,32,42
2011-12,FUL,Fulham,33,43
2011-12,FUL,Fulham,34,46
2011-12,FUL,Fulham,35,46
2011-12,FUL,Fulham,36,49
2011-12,FUL,Fulham,37,52
2011-12,FUL,Fulham,38,52
2011-12,LIV,Liverpool,1,1
2011-12,LIV,Liverpool,2,4
2011-12,LIV,Liverpool,3,7
2011-12,LIV,Liverpool,4,7
2011-12,LIV,Liverpool,5,7
2011-12,LIV,Liverpool,6,10
2011-12,LIV,Liverpool,7,13
2011-12,LIV,Liverpool,8,14
2011-12,LIV,Liverpool,9,15
2011-12,LIV,Liverpool,10,18
2011-12,LIV,Liverpool,11,19
2011-12,LIV,Liverpool,12,22
2011-12,LIV,Liverpool,13,23
2011-12,LIV,Liverpool,14,23
2011-12,LIV,Liverpool,15,26
2011-12,LIV,Liverpool,16,29
2011-12,LIV,Liverpool,17,30
2011-12,LIV,Liverpool,18,31
2011-12,LIV,Liverpool,19,34
2011-12,LIV,Liverpool,20,34
2011-12,LIV,Liverpool,21,35
2011-12,LIV,Liverpool,22,35
2011-12,LIV,Liverpool,23,38
2011-12,LIV,Liverpool,24,39
2011-12,LIV,Liverpool,25,39
2011-12,LIV,Liverpool,26,39
2011-12,LIV,Liverpool,27,39
2011-12,LIV,Liverpool,28,42
2011-12,LIV,Liverpool,29,42
2011-12,LIV,Liverpool,30,42
2011-12,LIV,Liverpool,31,42
2011-12,LIV,Liverpool,32,43
2011-12,LIV,Liverpool,33,46
2011-12,LIV,Liverpool,34,46
2011-12,LIV,Liverpool,35,49
2011-12,LIV,Liverpool,36,49
2011-12,LIV,Liverpool,37,52
2011-12,LIV,Liverpool,38,52
2011-12,MCI,Manchester City,1,3
2011-12,MCI,Manchester City,2,6
2011-12,MCI,Manchester City,3,9
2011-12,MCI,Manchester City,4,12
2011-12,MCI,Manchester City,5,13
2011-12,MCI,Manchester City,6,16
2011-12,MCI,Manchester City,7,19
2011-12,MCI,Manchester City,8,22
2011-12,MCI,Manchester City,9,25
2011-12,MCI,Manchester City,10,28
2011-12,MCI,Manchester City,11,31
2011-12,MCI,Manchester City,12,34
2011-12,MCI,Manchester City,13,35
2011-12,MCI,Manchester City,14,38
2011-12,MCI,Manchester City,15,38
2011-12,MCI,Manchester City,16,41
2011-12,MCI,Manchester City,17,44
2011-12,MCI,Manchester City,18,45
2011-12,MCI,Manchester City,19,45
2011-12,MCI,Manchester City,20,48
2011-12,MCI,Manchester City,21,51
2011-12,MCI,Manchester City,22,54
2011-12,MCI,Manchester City,23,54
2011-12,MCI,Manchester City,24,57
2011-12,MCI,Manchester City,25,60
2011-12,MCI,Manchester City,26,63
2011-12,MCI,Manchester City,27,66
2011-12,MCI,Manchester City,28,66
2011-12,MCI,Manchester City,29,69
2011-12,MCI,Manchester City,30,70
2011-12,MCI,Manchester City,31,71
2011-12,MCI,Manchester City,32,71
2011-12,MCI,Manchester City,33,74
2011-12,MCI,Manchester City,34,77
2011-12,MCI,Manchester City,35,80
2011-12,MCI,Manchester City,36,83
2011-12,MCI,Manchester City,37,86
2011-12,MCI,Manchester City,38,89
2011-12,MUN,Manchester United,1,3
2011-12,MUN,Manchester United,2,6
2011-12,MUN,Manchester United,3,9
2011-12,MUN,Manchester United,4,12
2011-12,MUN,Manchester United,5,15
2011-12,MUN,Manchester United,6,16
2011-12,MUN,Manchester United,7,19
2011-12,MUN,Manchester United,8,20
2011-12,MUN,Manchester United,9,20
2011-12,MUN,Manchester United,10,23
2011-12,MUN,Manchester United,11,26
2011-12,MUN,Manchester United,12,29
2011-12,MUN,Manchester United,13,30
2011-12,MUN,Manchester United,14,33
2011-12,MUN,Manchester United,15,36
2011-12,MUN,Manchester United,16,39
2011-12,MUN,Manchester United,17,42
2011-12,MUN,Manchester United,18,45
2011-12,MUN,Manchester United,19,45
2011-12,MUN,Manchester United,20,45
2011-12,MUN,Manchester United,21,48
2011-12,MUN,Manchester United,22,51
2011-12,MUN,Manchester United,23,54
2011-12,MUN,Manchester United,24,55
2011-12,MUN,Manchester United,25,58
2011-12,MUN,Manchester United,26,61
2011-12,MUN,Manchester United,27,64
2011-12,MUN,Manchester United,28,67
2011-12,MUN,Manchester United,29,70
2011-12,MUN,Manchester United,30,73
2011-12,MUN,Manchester United,31,76
2011-12,MUN,Manchester United,32,79
2011-12,MUN,Manchester United,33,79
2011-12,MUN,Manchester United,34,82
2011-12,MUN,Manchester United,35,83
2011-12,MUN,Manchester United,36,83
2011-12,MUN,Manchester United,37,86
2011-12,MUN,Manchester United,38,89
2011-12,NEW,Newcastle United,1,1
2011-12,NEW,Newcastle United,2,4
2011-12,NEW,Newcastle United,3,7
2011-12,NEW,Newcastle United,4,8
2011-12,NEW,Newcastle United,5,9
2011-12,NEW,Newcastle United,6,12
2011-12,NEW,Newcastle United,7,15
2011-12,NEW,Newcastle United,8,16
2011-12,NEW,Newcastle United,9,19
2011-12,NEW,Newcastle United,10,22
2011-12,NEW,Newcastle United,11,25
2011-12,NEW,Newcastle United,12,25
2011-12,NEW,Newcastle United,13,26
2011-12,NEW,Newcastle United,14,26
2011-12,NEW,Newcastle United,15,26
2011-12,NEW,Newcastle United,16,27
2011-12,NEW,Newcastle United,17,27
2011-12,NEW,Newcastle United,18,30
2011-12,NEW,Newcastle United,19,30
2011-12,NEW,Newcastle United,20,33
2011-12,NEW,Newcastle United,21,36
2011-12,NEW,Newcastle United,22,36
2011-12,NEW,Newcastle United,23,39
2011-12,NEW,Newcastle United,24,42
2011-12,NEW,Newcastle United,25,42
2011-12,NEW,Newcastle United,26,43
2011-12,NEW,Newcastle United,27,44
2011-12,NEW,Newcastle United,28,44
2011-12,NEW,Newcastle United,29,47
2011-12,NEW,Newcastle United,30,50
2011-12,NEW,Newcastle United,31,53
2011-12,NEW,Newcastle United,32,56
2011-12,NEW,Newcastle United,33,59
2011-12,NEW,Newcastle United,34,62
2011-12,NEW,Newcastle United,35,62
2011-12,NEW,Newcastle United,36,65
2011-12,NEW,Newcastle United,37,65
2011-12,NEW,Newcastle United,38,65
2011-12,NOR,Norwich City,1,1
2011-12,NOR,Norwich City,2,2
2011-12,NOR,Norwich City,3,2
2011-12,NOR,Norwich City,4,2
2011-12,NOR,Norwich City,5,5
2011-12,NOR,Norwich City,6,8
2011-12,NOR,Norwich City,7,8
2011-12,NOR,Norwich City,8,11
2011-12,NOR,Norwich City,9,12
2011-12,NOR,Norwich City,10,13
2011-12,NOR,Norwich City,11,13
2011-12,NOR,Norwich City,12,13
2011-12,NOR,Norwich City,13,16
2011-12,NOR,Norwich City,14,16
2011-12,NOR,Norwich City,15,19
2011-12,NOR,Norwich City,16,20
2011-12,NOR,Norwich City,17,21
2011-12,NOR,Norwich City,18,21
2011-12,NOR,Norwich City,19,22
2011-12,NOR,Norwich City,20,25
2011-12,NOR,Norwich City,21,28
2011-12,NOR,Norwich City,22,29
2011-12,NOR,Norwich City,23,29
2011-12,NOR,Norwich City,24,32
2011-12,NOR,Norwich City,25,35
2011-12,NOR,Norwich City,26,35
2011-12,NOR,Norwich City,27,35
2011-12,NOR,Norwich City,28,36
2011-12,NOR,Norwich City,29,36
2011-12,NOR,Norwich City,30,39
2011-12,NOR,Norwich City,31,39
2011-12,NOR,Norwich City,32,40
2011-12,NOR,Norwich City,33,43
2011-12,NOR,Norwich City,34,43
2011-12,NOR,Norwich City,35,43
2011-12,NOR,Norwich City,36,43
2011-12,NOR,Norwich City,37,44
2011-12,NOR,Norwich City,38,47
2011-12,QPR,Queens Park Rangers,1,0
2011-12,QPR,Queens Park Rangers,2,3
2011-12,QPR,Queens Park Rangers,3,3
2011-12,QPR,Queens Park Rangers,4,4
2011-12,QPR,Queens Park Rangers,5,7
2011-12,QPR,Queens Park Rangers,6,8
2011-12,QPR,Queens Park Rangers,7,8
2011-12,QPR,Queens Park Rangers,8,9
2011-12,QPR,Queens Park Rangers,9,12
2011-12,QPR,Queens Park Rangers,10,12
2011-12,QPR,Queens Park Rangers,11,12
2011-12,QPR,Queens Park Rangers,12,15
2011-12,QPR,Queens Park Rangers,13,15
2011-12,QPR,Queens Park Rangers,14,16
2011-12,QPR,Queens Park Rangers,15,16
2011-12,QPR,Queens Park Rangers,16,16
2011-12,QPR,Queens Park Rangers,17,16
2011-12,QPR,Queens Park Rangers,18,17
2011-12,QPR,Queens Park Rangers,19,17
2011-12,QPR,Queens Park Rangers,20,17
2011-12,QPR,Queens Park Rangers,21,17
2011-12,QPR,Queens Park Rangers,22,20
2011-12,QPR,Queens Park Rangers,23,21
2011-12,QPR,Queens Park Rangers,24,21
2011-12,QPR,Queens Park Rangers,25,21
2011-12,QPR,Queens Park Rangers,26,21
2011-12,QPR,Queens Park Rangers,27,22
2011-12,QPR,Queens Park Rangers,28,22
2011-12,QPR,Queens Park Rangers,29,25
2011-12,QPR,Queens Park Rangers,30,25
2011-12,QPR,Queens Park Rangers,31,28
2011-12,QPR,Queens Park Rangers,32,28
2011-12,QPR,Queens Park Rangers,33,31
2011-12,QPR,Queens Park Rangers,34,31
2011-12,QPR,Queens Park Rangers,35,34
2011-12,QPR,Queens Park Rangers,36,34
2011-12,QPR,Queens Park Rangers,37,37
2011-12,QPR,Queens Park Rangers,38,37
2011-12,STO,Stoke City,1,1
2011-12,STO,Stoke City,2,2
2011-12,STO,Stoke City,3,5
2011-12,STO,Stoke City,4,8
2011-12,STO,Stoke City,5,8
2011-12,STO,Stoke City,6,9
2011-12,STO,Stoke City,7,9
2011-12,STO,Stoke City,8,12
2011-12,STO,Stoke City,9,12
2011-12,STO,Stoke City,10,12
2011-12,STO,Stoke City,11,12
2011-12,STO,Stoke City,12,12
2011-12,STO,Stoke City,13,15
2011-12,STO,Stoke City,14,18
2011-12,STO,Stoke City,15,21
2011-12,STO,Stoke City,16,24
2011-12,STO,Stoke City,17,24
2011-12,STO,Stoke City,18,25
2011-12,STO,Stoke City,19,26
2011-12,STO,Stoke City,20,29
2011-12,STO,Stoke City,21,30
2011-12,STO,Stoke City,22,30
2011-12,STO,Stoke City,23,30
2011-12,STO,Stoke City,24,30
2011-12,STO,Stoke City,25,30
2011-12,STO,Stoke City,26,33
2011-12,STO,Stoke City,27,36
2011-12,STO,Stoke City,28,36
2011-12,STO,Stoke City,29,37
2011-12,STO,Stoke City,30,38
2011-12,STO,Stoke City,31,38
2011-12,STO,Stoke City,32,41
2011-12,STO,Stoke City,33,42
2011-12,STO,Stoke City,34,42
2011-12,STO,Stoke City,35,43
2011-12,STO,Stoke City,36,44
2011-12,STO,Stoke City,37,44
2011-12,STO,Stoke City,38,45
2011-12,SUN,Sunderland,1,1
2011-12,SUN,Sunderland,2,1
2011-12,SUN,Sunderland,3,2
2011-12,SUN,Sunderland,4,2
2011-12,SUN,Sunderland,5,5
2011-12,SUN,Sunderland,6,5
2011-12,SUN,Sunderland,7,6
2011-12,SUN,Sunderland,8,6
2011-12,SUN,Sunderland,9,9
2011-12,SUN,Sunderland,10,10
2011-12,SUN,Sunderland,11,10
2011-12,SUN,Sunderland,12,11
2011-12,SUN,Sunderland,13,11
2011-12,SUN,Sunderland,14,11
2011-12,SUN,Sunderland,15,14
2011-12,SUN,Sunderland,16,14
2011-12,SUN,Sunderland,17,17
2011-12,SUN,Sunderland,18,18
2011-12,SUN,Sunderland,19,21
2011-12,SUN,Sunderland,20,24
2011-12,SUN,Sunderland,21,24
2011-12,SUN,Sunderland,22,27
2011-12,SUN,Sunderland,23,30
2011-12,SUN,Sunderland,24,33
2011-12,SUN,Sunderland,25,33
2011-12,SUN,Sunderland,26,33
2011-12,SUN,Sunderland,27,34
2011-12,SUN,Sunderland,28,37
2011-12,SUN,Sunderland,29,37
2011-12,SUN,Sunderland,30,40
2011-12,SUN,Sunderland,31,41
2011-12,SUN,Sunderland,32,42
2011-12,SUN,Sunderland,33,42
2011-12,SUN,Sunderland,34,43
2011-12,SUN,Sunderland,35,44
2011-12,SUN,Sunderland,36,45
2011-12,SUN,Sunderland,37,45
2011-12,SUN,Sunderland,38,45
2011-12,SWA,Swansea City,1,0
2011-12,SWA,Swansea City,2,1
2011-12,SWA,Swansea City,3,2
2011-12,SWA,Swansea City,4,2
2011-12,SWA,Swansea City,5,5
2011-12,SWA,Swansea City,6,5
2011-12,SWA,Swansea City,7,8
2011-12,SWA,Swansea City,8,8
2011-12,SWA,Swansea City,9,9
2011-12,SWA,Swansea City,10,12
2011-12,SWA,Swansea City,11,13
2011-12,SWA,Swansea City,12,13
2011-12,SWA,Swansea City,13,14
2011-12,SWA,Swansea City,14,14
2011-12,SWA,Swansea City,15,17
2011-12,SWA,Swansea City,16,18
2011-12,SWA,Swansea City,17,18
2011-12,SWA,Swansea City,18,19
2011-12,SWA,Swansea City,19,20
2011-12,SWA,Swansea City,20,23
2011-12,SWA,Swansea City,21,26
2011-12,SWA,Swansea City,22,26
2011-12,SWA,Swansea City,23,27
2011-12,SWA,Swansea City,24,30
2011-12,SWA,Swansea City,25,30
2011-12,SWA,Swansea City,26,30
2011-12,SWA,Swansea City,27,33
2011-12,SWA,Swansea City,28,36
2011-12,SWA,Swansea City,29,39
2011-12,SWA,Swansea City,30,39
2011-12,SWA,Swansea City,31,39
2011-12,SWA,Swansea City,32,39
2011-12,SWA,Swansea City,33,39
2011-12,SWA,Swansea City,34,42
2011-12,SWA,Swansea City,35,43
2011-12,SWA,Swansea City,36,44
2011-12,SWA,Swansea City,37,44
2011-12,SWA,Swansea City,38,47
2011-12,TOT,Tottenham Hotspur,1,0
2011-12,TOT,Tottenham Hotspur,2,0
2011-12,TOT,Tottenham Hotspur,3,3
2011-12,TOT,Tottenham Hotspur,4,6
2011-12,TOT,Tottenham Hotspur,5,9
2011-12,TOT,Tottenham Hotspur,6,12
2011-12,TOT,Tottenham Hotspur,7,13
2011-12,TOT,Tottenham Hotspur,8,16
2011-12,TOT,Tottenham Hotspur,9,19
2011-12,TOT,Tottenham Hotspur,10,22
2011-12,TOT,Tottenham Hotspur,11,25
2011-12,TOT,Tottenham Hotspur,12,28
2011-12,TOT,Tottenham Hotspur,13,31
2011-12,TOT,Tottenham Hotspur,14,31
2011-12,TOT,Tottenham Hotspur,15,34
2011-12,TOT,Tottenham Hotspur,16,35
2011-12,TOT,Tottenham Hotspur,17,38
2011-12,TOT,Tottenham Hotspur,18,39
2011-12,TOT,Tottenham Hotspur,19,42
2011-12,TOT,Tottenham Hotspur,20,45
2011-12,TOT,Tottenham Hotspur,21,46
2011-12,TOT,Tottenham Hotspur,22,46
2011-12,TOT,Tottenham Hotspur,23,49
2011-12,TOT,Tottenham Hotspur,24,50
2011-12,TOT,Tottenham Hotspur,25,53
2011-12,TOT,Tottenham Hotspur,26,53
2011-12,TOT,Tottenham Hotspur,27,53
2011-12,TOT,Tottenham Hotspur,28,53
2011-12,TOT,Tottenham Hotspur,29,54
2011-12,TOT,Tottenham Hotspur,30,55
2011-12,TOT,Tottenham Hotspur,31,58
2011-12,TOT,Tottenham Hotspur,32,59
2011-12,TOT,Tottenham Hotspur,33,59
2011-12,TOT,Tottenham Hotspur,34,59
2011-12,TOT,Tottenham Hotspur,35,62
2011-12,TOT,Tottenham Hotspur,36,65
2011-12,TOT,Tottenham Hotspur,37,66
2011-12,TOT,Tottenham Hotspur,38,69
2011-12,WBA,West Bromwich Albion,1,0
2011-12,WBA,West Bromwich Albion,2,0
2011-12,WBA,West Bromwich Albion,3,0
2011-12,WBA,West Bromwich Albion,4,3
2011-12,WBA,West Bromwich Albion,5,3
2011-12,WBA,West Bromwich Albion,6,4
2011-12,WBA,West Bromwich Albion,7,5
2011-12,WBA,West Bromwich Albion,8,8
2011-12,WBA,West Bromwich Albion,9,11
2011-12,WBA,West Bromwich Albion,10,11
2011-12,WBA,West Bromwich Albion,11,11
2011-12,WBA,West Bromwich Albion,12,14
2011-12,WBA,West Bromwich Albion,13,14
2011-12,WBA,West Bromwich Albion,14,15
2011-12,WBA,West Bromwich Albion,15,15
2011-12,WBA,West Bromwich Albion,16,18
2011-12,WBA,West Bromwich Albion,17,21
2011-12,WBA,West Bromwich Albion,18,22
2011-12,WBA,West Bromwich Albion,19,22
2011-12,WBA,West Bromwich Albion,20,22
2011-12,WBA,West Bromwich Albion,21,22
2011-12,WBA,West Bromwich Albion,22,25
2011-12,WBA,West Bromwich Albion,23,26
2011-12,WBA,West Bromwich Albion,24,26
2011-12,WBA,West Bromwich Albion,25,29
2011-12,WBA,West Bromwich Albion,26,32
2011-12,WBA,West Bromwich Albion,27,35
2011-12,WBA,West Bromwich Albion,28,35
2011-12,WBA,West Bromwich Albion,29,36
2011-12,WBA,West Bromwich Albion,30,36
2011-12,WBA,West Bromwich Albion,31,36
2011-12,WBA,West Bromwich Albion,32,39
2011-12,WBA,West Bromwich Albion,33,39
2011-12,WBA,West Bromwich Albion,34,42
2011-12,WBA,West Bromwich Albion,35,45
2011-12,WBA,West Bromwich Albion,36,46
2011-12,WBA,West Bromwich Albion,37,47
2011-12,WBA,West Bromwich Albion,38,47
2011-12,WIG,Wigan Athletic,1,1
2011-12,WIG,Wigan Athletic,2,2
2011-12,WIG,Wigan Athletic,3,5
2011-12,WIG,Wigan Athletic,4,5
2011-12,WIG,Wigan Athletic,5,5
2011-12,WIG,Wigan Athletic,6,5
2011-12,WIG,Wigan Athletic,7,5
2011-12,WIG,Wigan Athletic,8,5
2011-12,WIG,Wigan Athletic,9,5
2011-12,WIG,Wigan Athletic,10,5
2011-12,WIG,Wigan Athletic,11,5
2011-12,WIG,Wigan Athletic,12,6
2011-12,WIG,Wigan Athletic,13,9
2011-12,WIG,Wigan Athletic,14,9
2011-12,WIG,Wigan Athletic,15,12
2011-12,WIG,Wigan Athletic,16,13
2011-12,WIG,Wigan Athletic,17,14
2011-12,WIG,Wigan Athletic,18,14
2011-12,WIG,Wigan Athletic,19,15
2011-12,WIG,Wigan Athletic,20,15
2011-12,WIG,Wigan Athletic,21,15
2011-12,WIG,Wigan Athletic,22,15
2011-12,WIG,Wigan Athletic,23,15
2011-12,WIG,Wigan Athletic,24,16
2011-12,WIG,Wigan Athletic,25,19
2011-12,WIG,Wigan Athletic,26,20
2011-12,WIG,Wigan Athletic,27,20
2011-12,WIG,Wigan Athletic,28,21
2011-12,WIG,Wigan Athletic,29,22
2011-12,WIG,Wigan Athletic,30,25
2011-12,WIG,Wigan Athletic,31,28
2011-12,WIG,Wigan Athletic,32,28
2011-12,WIG,Wigan Athletic,33,31
2011-12,WIG,Wigan Athletic,34,34
2011-12,WIG,Wigan Athletic,35,34
2011-12,WIG,Wigan Athletic,36,37
2011-12,WIG,Wigan Athletic,37,40
2011-12,WIG,Wigan Athletic,38,43
2011-12,WOL,Wolverhampton Wanderers,1,3
2011-12,WOL,Wolverhampton Wanderers,2,6
2011-12,WOL,Wolverhampton Wanderers,3,7
2011-12,WOL,Wolverhampton Wanderers,4,7
2011-12,WOL,Wolverhampton Wanderers,5,7
2011-12,WOL,Wolverhampton Wanderers,6,7
2011-12,WOL,Wolverhampton Wanderers,7,7
2011-12,WOL,Wolverhampton Wanderers,8,7
2011-12,WOL,Wolverhampton Wanderers,9,8
2011-12,WOL,Wolverhampton Wanderers,10,8
2011-12,WOL,Wolverhampton Wanderers,11,11
2011-12,WOL,Wolverhampton Wanderers,12,11
2011-12,WOL,Wolverhampton Wanderers,13,11
2011-12,WOL,Wolverhampton Wanderers,14,14
2011-12,WOL,Wolverhampton Wanderers,15,14
2011-12,WOL,Wolverhampton Wanderers,16,14
2011-12,WOL,Wolverhampton Wanderers,17,15
2011-12,WOL,Wolverhampton Wanderers,18,16
2011-12,WOL,Wolverhampton Wanderers,19,17
2011-12,WOL,Wolverhampton Wanderers,20,17
2011-12,WOL,Wolverhampton Wanderers,21,18
2011-12,WOL,Wolverhampton Wanderers,22,18
2011-12,WOL,Wolverhampton Wanderers,23,18
2011-12,WOL,Wolverhampton Wanderers,24,21
2011-12,WOL,Wolverhampton Wanderers,25,21
2011-12,WOL,Wolverhampton Wanderers,26,22
2011-12,WOL,Wolverhampton Wanderers,27,22
2011-12,WOL,Wolverhampton Wanderers,28,22
2011-12,WOL,Wolverhampton Wanderers,29,22
2011-12,WOL,Wolverhampton Wanderers,30,22
2011-12,WOL,Wolverhampton Wanderers,31,22
2011-12,WOL,Wolverhampton Wanderers,32,22
2011-12,WOL,Wolverhampton Wanderers,33,22
2011-12,WOL,Wolverhampton Wanderers,34,23
2011-12,WOL,Wolverhampton Wanderers,35,23
2011-12,WOL,Wolverhampton Wanderers,36,24
2011-12,WOL,Wolverhampton Wanderers,37,25
2011-12,WOL,Wolverhampton Wanderers,38,25
2012-13,ARS,Arsenal,1,1
2012-13,ARS,Arsenal,2,2
2012-13,ARS,Arsenal,3,5
2012-13,ARS,Arsenal,4,8
2012-13,ARS,Arsenal,5,9
2012-13,ARS,Arsenal,6,9
2012-13,ARS,Arsenal,7,12
2012-13,ARS,Arsenal,8,12
2012-13,ARS,Arsenal,9,15
2012-13,ARS,Arsenal,10,15
2012-13,ARS,Arsenal,11,16
2012-13,ARS,Arsenal,12,19
2012-13,ARS,Arsenal,13,20
2012-13,ARS,Arsenal,14,21
2012-13,ARS,Arsenal,15,21
2012-13,ARS,Arsenal,16,24
2012-13,ARS,Arsenal,17,27
2012-13,ARS,Arsenal,18,30
2012-13,ARS,Arsenal,19,33
2012-13,ARS,Arsenal,20,34
2012-13,ARS,Arsenal,21,34
2012-13,ARS,Arsenal,22,34
2012-13,ARS,Arsenal,23,37
2012-13,ARS,Arsenal,24,38
2012-13,ARS,Arsenal,25,41
2012-13,ARS,Arsenal,26,44
2012-13,ARS,Arsenal,27,47
2012-13,ARS,Arsenal,28,47
2012-13,ARS,Arsenal,29,50
2012-13,ARS,Arsenal,30,53
2012-13,ARS,Arsenal,31,56
2012-13,ARS,Arsenal,32,59
2012-13,ARS,Arsenal,33,60
2012-13,ARS,Arsenal,34,63
2012-13,ARS,Arsenal,35,64
2012-13,ARS,Arsenal,36,67
2012-13,ARS,Arsenal,37,70
2012-13,ARS,Arsenal,38,73
2012-13,AVL,Aston Villa,1,0
2012-13,AVL,Aston Villa,2,0
2012-13,AVL,Aston Villa,3,1
2012-13,AVL,Aston Villa,4,4
2012-13,AVL,Aston Villa,5,4
2012-13,AVL,Aston Villa,6,5
2012-13,AVL,Aston Villa,7,5
2012-13,AVL,Aston Villa,8,5
2012-13,AVL,Aston Villa,9,6
2012-13,AVL,Aston Villa,10,9
2012-13,AVL,Aston Villa,11,9
2012-13,AVL,Aston Villa,12,9
2012-13,AVL,Aston Villa,13,10
2012-13,AVL,Aston Villa,14,13
2012-13,AVL,Aston Villa,15,14
2012-13,AVL,Aston Villa,16,15
2012-13,AVL,Aston Villa,17,18
2012-13,AVL,Aston Villa,18,18
2012-13,AVL,Aston Villa,19,18
2012-13,AVL,Aston Villa,20,18
2012-13,AVL,Aston Villa,21,19
2012-13,AVL,Aston Villa,22,19
2012-13,AVL,Aston Villa,23,20
2012-13,AVL,Aston Villa,24,20
2012-13,AVL,Aston Villa,25,21
2012-13,AVL,Aston Villa,26,24
2012-13,AVL,Aston Villa,27,24
2012-13,AVL,Aston Villa,28,24
2012-13,AVL,Aston Villa,29,27
2012-13,AVL,Aston Villa,30,30
2012-13,AVL,Aston Villa,31,30
2012-13,AVL,Aston Villa,32,33
2012-13,AVL,Aston Villa,33,34
2012-13,AVL,Aston Villa,34,34
2012-13,AVL,Aston Villa,35,37
2012-13,AVL,Aston Villa,36,40
2012-13,AVL,Aston Villa,37,40
2012-13,AVL,Aston Villa,38,41
2012-13,CHE,Chelsea,1,3
2012-13,CHE,Chelsea,2,6
2012-13,CHE,Chelsea,3,9
2012-13,CHE,Chelsea,4,10
2012-13,CHE,Chelsea,5,13
2012-13,CHE,Chelsea,6,16
2012-13,CHE,Chelsea,7,19
2012-13,CHE,Chelsea,8,22
2012-13,CHE,Chelsea,9,22
2012-13,CHE,Chelsea,10,23
2012-13,CHE,Chelsea,11,24
2012-13,CHE,Chelsea,12,24
2012-13,CHE,Chelsea,13,25
2012-13,CHE,Chelsea,14,26
2012-13,CHE,Chelsea,15,26
2012-13,CHE,Chelsea,16,29
2012-13,CHE,Chelsea,17,32
2012-13,CHE,Chelsea,18,35
2012-13,CHE,Chelsea,19,38
2012-13,CHE,Chelsea,20,38
2012-13,CHE,Chelsea,21,41
2012-13,CHE,Chelsea,22,42
2012-13,CHE,Chelsea,23,45
2012-13,CHE,Chelsea,24,46
2012-13,CHE,Chelsea,25,46
2012-13,CHE,Chelsea,26,49
2012-13,CHE,Chelsea,27,49
2012-13,CHE,Chelsea,28,52
2012-13,CHE,Chelsea,29,55
2012-13,CHE,Chelsea,30,55
2012-13,CHE,Chelsea,31,58
2012-13,CHE,Chelsea,32,61
2012-13,CHE,Chelsea,33,62
2012-13,CHE,Chelsea,34,65
2012-13,CHE,Chelsea,35,68
2012-13,CHE,Chelsea,36,69
2012-13,CHE,Chelsea,37,72
2012-13,CHE,Chelsea,38,75
2012-13,EVE,Everton,1,3
2012-13,EVE,Everton,2,6
2012-13,EVE,Everton,3,6
2012-13,EVE,Everton,4,7
2012-13,EVE,Everton,5,10
2012-13,EVE,Everton,6,13
2012-13,EVE,Everton,7,14
2012-13,EVE,Everton,8,15
2012-13,EVE,Everton,9,16
2012-13,EVE,Everton,10,17
2012-13,EVE,Everton,11,20
2012-13,EVE,Everton,12,20
2012-13,EVE,Everton,13,21
2012-13,EVE,Everton,14,22
2012-13,EVE,Everton,15,23
2012-13,EVE,Everton,16,26
2012-13,EVE,Everton,17,27
2012-13,EVE,Everton,18,30
2012-13,EVE,Everton,19,33
2012-13,EVE,Everton,20,33
2012-13,EVE,Everton,21,36
2012-13,EVE,Everton,22,37
2012-13,EVE,Everton,23,38
2012-13,EVE,Everton,24,41
2012-13,EVE,Everton,25,42
2012-13,EVE,Everton,26,42
2012-13,EVE,Everton,27,42
2012-13,EVE,Everton,28,45
2012-13,EVE,Everton,29,48
2012-13,EVE,Everton,30,51
2012-13,EVE,Everton,31,52
2012-13,EVE,Everton,32,55
2012-13,EVE,Everton,33,56
2012-13,EVE,Everton,34,56
2012-13,EVE,Everton,35,59
2012-13,EVE,Everton,36,60
2012-13,EVE,Everton,37,63
2012-13,EVE,Everton,38,63
2012-13,FUL,Fulham,1,3
2012-13,FUL,Fulham,2,3
2012-13,FUL,Fulham,3,3
2012-13,FUL,Fulham,4,6
2012-13,FUL,Fulham,5,9
2012-13,FUL,Fulham,6,9
2012-13,FUL,Fulham,7,10
2012-13,FUL,Fulham,8,13
2012-13,FUL,Fulham,9,14
2012-13,FUL,Fulham,10,15
2012-13,FUL,Fulham,11,16
2012-13,FUL,Fulham,12,16
2012-13,FUL,Fulham,13,16
2012-13,FUL,Fulham,14,17
2012-13,FUL,Fulham,15,17
2012-13,FUL,Fulham,16,20
2012-13,FUL,Fulham,17,20
2012-13,FUL,Fulham,18,20
2012-13,FUL,Fulham,19,21
2012-13,FUL,Fulham,20,21
2012-13,FUL,Fulham,21,24
2012-13,FUL,Fulham,22,25
2012-13,FUL,Fulham,23,25
2012-13,FUL,Fulham,24,28
2012-13,FUL,Fulham,25,28
2012-13,FUL,Fulham,26,29
2012-13,FUL,Fulham,27,32
2012-13,FUL,Fulham,28,33
2012-13,FUL,Fulham,29,36
2012-13,FUL,Fulham,30,39
2012-13,FUL,Fulham,31,39
2012-13,FUL,Fulham,32,40
2012-13,FUL,Fulham,33,40
2012-13,FUL,Fulham,34,40
2012-13,FUL,Fulham,35,40
2012-13,FUL,Fulham,36,40
2012-13,FUL,Fulham,37,40
2012-13,FUL,Fulham,38,43
2012-13,LIV,Liverpool,1,0
2012-13,LIV,Liverpool,2,1
2012-13,LIV,Liverpool,3,1
2012-13,LIV,Liverpool,4,2
2012-13,LIV,Liverpool,5,2
2012-13,LIV,Liverpool,6,5
2012-13,LIV,Liverpool,7,6
2012-13,LIV,Liverpool,8,9
2012-13,LIV,Liverpool,9,10
2012-13,LIV,Liverpool,10,11
2012-13,LIV,Liverpool,11,12
2012-13,LIV,Liverpool,12,15
2012-13,LIV,Liverpool,13,16
2012-13,LIV,Liverpool,14,16
2012-13,LIV,Liverpool,15,19
2012-13,LIV,Liverpool,16,22
2012-13,LIV,Liverpool,17,22
2012-13,LIV,Liverpool,18,25
2012-13,LIV,Liverpool,19,25
2012-13,LIV,Liverpool,20,28
2012-13,LIV,Liverpool,21,31
2012-13,LIV,Liverpool,22,31
2012-13,LIV,Liverpool,23,34
2012-13,LIV,Liverpool,24,35
2012-13,LIV,Liverpool,25,36
2012-13,LIV,Liverpool,26,36
2012-13,LIV,Liverpool,27,39
2012-13,LIV,Liverpool,28,42
2012-13,LIV,Liverpool,29,45
2012-13,LIV,Liverpool,30,45
2012-13,LIV,Liverpool,31,48
2012-13,LIV,Liverpool,32,49
2012-13,LIV,Liverpool,33,50
2012-13,LIV,Liverpool,34,51
2012-13,LIV,Liverpool,35,54
2012-13,LIV,Liverpool,36,55
2012-13,LIV,Liverpool,37,58
2012-13,LIV,Liverpool,38,61
2012-13,MCI,Manchester City,1,3
2012-13,MCI,Manchester City,2,4
2012-13,MCI,Manchester City,3,7
2012-13,MCI,Manchester City,4,8
2012-13,MCI,Manchester City,5,9
2012-13,MCI,Manchester City,6,12
2012-13,MCI,Manchester City,7,15
2012-13,MCI,Manchester City,8,18
2012-13,MCI,Manchester City,9,21
2012-13,MCI,Manchester City,10,22
2012-13,MCI,Manchester City,11,25
2012-13,MCI,Manchester City,12,28
2012-13,MCI,Manchester City,13,29
2012-13,MCI,Manchester City,14,32
2012-13,MCI,Manchester City,15,33
2012-13,MCI,Manchester City,16,33
2012-13,MCI,Manchester City,17,36
2012-13,MCI,Manchester City,18,39
2012-13,MCI,Manchester City,19,39
2012-13,MCI,Manchester City,20,42
2012-13,MCI,Manchester City,21,45
2012-13,MCI,Manchester City,22,48
2012-13,MCI,Manchester City,23,51
2012-13,MCI,Manchester City,24,52
2012-13,MCI,Manchester City,25,53
2012-13,MCI,Manchester City,26,53
2012-13,MCI,Manchester City,27,56
2012-13,MCI,Manchester City,28,59
2012-13,MCI,Manchester City,29,59
2012-13,MCI,Manchester City,30,62
2012-13,MCI,Manchester City,31,65
2012-13,MCI,Manchester City,32,68
2012-13,MCI,Manchester City,33,68
2012-13,MCI,Manchester City,34,71
2012-13,MCI,Manchester City,35,72
2012-13,MCI,Manchester City,36,75
2012-13,MCI,Manchester City,37,78
2012-13,MCI,Manchester City,38,78
2012-13,MUN,Manchester United,1,0
2012-13,MUN,Manchester United,2,3
2012-13,MUN,Manchester United,3,6
2012-13,MUN,Manchester United,4,9
2012-13,MUN,Manchester United,5,12
2012-13,MUN,Manchester United,6,12
2012-13,MUN,Manchester United,7,15
2012-13,MUN,Manchester United,8,18
2012-13,MUN,Manchester United,9,21
2012-13,MUN,Manchester United,10,24
2012-13,MUN,Manchester United,11,27
2012-13,MUN,Manchester United,12,27
2012-13,MUN,Manchester United,13,30
2012-13,MUN,Manchester United,14,33
2012-13,MUN,Manchester United,15,36
2012-13,MUN,Manchester United,16,39
2012-13,MUN,Manchester United,17,42
2012-13,MUN,Manchester United,18,43
2012-13,MUN,Manchester United,19,46
2012-13,MUN,Manchester United,20,49
2012-13,MUN,Manchester United,21,52
2012-13,MUN,Manchester United,22,55
2012-13,MUN,Manchester United,23,56
2012-13,MUN,Manchester United,24,59
2012-13,MUN,Manchester United,25,62
2012-13,MUN,Manchester United,26,65
2012-13,MUN,Manchester United,27,68
2012-13,MUN,Manchester United,28,71
2012-13,MUN,Manchester United,29,74
2012-13,MUN,Manchester United,30,77
2012-13,MUN,Manchester United,31,77
2012-13,MUN,Manchester United,32,80
2012-13,MUN,Manchester United,33,81
2012-13,MUN,Manchester United,34,84
2012-13,MUN,Manchester United,35,85
2012-13,MUN,Manchester United,36,85
2012-13,MUN,Manchester United,37,88
2012-13,MUN,Manchester United,38,89
2012-13,NEW,Newcastle United,1,3
2012-13,NEW,Newcastle United,2,3
2012-13,NEW,Newcastle United,3,4
2012-13,NEW,Newcastle United,4,5
2012-13,NEW,Newcastle United,5,8
2012-13,NEW,Newcastle United,6,9
2012-13,NEW,Newcastle United,7,9
2012-13,NEW,Newcastle United,8,10
2012-13,NEW,Newcastle United,9,13
2012-13,NEW,Newcastle United,10,14
2012-13,NEW,Newcastle United,11,14
2012-13,NEW,Newcastle United,12,14
2012-13,NEW,Newcastle United,13,14
2012-13,NEW,Newcastle United,14,14
2012-13,NEW,Newcastle United,15,17
2012-13,NEW,Newcastle United,16,17
2012-13,NEW,Newcastle United,17,17
2012-13,NEW,Newcastle United,18,20
2012-13,NEW,Newcastle United,19,20
2012-13,NEW,Newcastle United,20,20
2012-13,NEW,Newcastle United,21,20
2012-13,NEW,Newcastle United,22,21
2012-13,NEW,Newcastle United,23,21
2012-13,NEW,Newcastle United,24,24
2012-13,NEW,Newcastle United,25,27
2012-13,NEW,Newcastle United,26,27
2012-13,NEW,Newcastle United,27,30
2012-13,NEW,Newcastle United,28,30
2012-13,NEW,Newcastle United,29,33
2012-13,NEW,Newcastle United,30,33
2012-13,NEW,Newcastle United,31,33
2012-13,NEW,Newcastle United,32,36
2012-13,NEW,Newcastle United,33,36
2012-13,NEW,Newcastle United,34,37
2012-13,NEW,Newcastle United,35,37
2012-13,NEW,Newcastle United,36,38
2012-13,NEW,Newcastle United,37,41
2012-13,NEW,Newcastle United,38,41
2012-13,NOR,Norwich City,1,0
2012-13,NOR,Norwich City,2,1
2012-13,NOR,Norwich City,3,2
2012-13,NOR,Norwich City,4,3
2012-13,NOR,Norwich City,5,3
2012-13,NOR,Norwich City,6,3
2012-13,NOR,Norwich City,7,3
2012-13,NOR,Norwich City,8,6
2012-13,NOR,Norwich City,9,7
2012-13,NOR,Norwich City,10,10
2012-13,NOR,Norwich City,11,11
2012-13,NOR,Norwich City,12,14
2012-13,NOR,Norwich City,13,15
2012-13,NOR,Norwich City,14,16
2012-13,NOR,Norwich City,15,19
2012-13,NOR,Norwich City,16,22
2012-13,NOR,Norwich City,17,25
2012-13,NOR,Norwich City,18,25
2012-13,NOR,Norwich City,19,25
2012-13,NOR,Norwich City,20,25
2012-13,NOR,Norwich City,21,25
2012-13,NOR,Norwich City,22,26
2012-13,NOR,Norwich City,23,26
2012-13,NOR,Norwich City,24,27
2012-13,NOR,Norwich City,25,28
2012-13,NOR,Norwich City,26,29
2012-13,NOR,Norwich City,27,32
2012-13,NOR,Norwich City,28,32
2012-13,NOR,Norwich City,29,33
2012-13,NOR,Norwich City,30,34
2012-13,NOR,Norwich City,31,34
2012-13,NOR,Norwich City,32,35
2012-13,NOR,Norwich City,33,35
2012-13,NOR,Norwich City,34,38
2012-13,NOR,Norwich City,35,38
2012-13,NOR,Norwich City,36,38
2012-13,NOR,Norwich City,37,41
2012-13,NOR,Norwich City,38,44
2012-13,QPR,Queens Park Rangers,1,0
2012-13,QPR,Queens Park Rangers,2,1
2012-13,QPR,Queens Park Rangers,3,1
2012-13,QPR,Queens Park Rangers,4,2
2012-13,QPR,Queens Park Rangers,5,2
2012-13,QPR,Queens Park Rangers,6,2
2012-13,QPR,Queens Park Rangers,7,2
2012-13,QPR,Queens Park Rangers,8,3
2012-13,QPR,Queens Park Rangers,9,3
2012-13,QPR,Queens Park Rangers,10,4
2012-13,QPR,Queens Park Rangers,11,4
2012-13,QPR,Queens Park Rangers,12,4
2012-13,QPR,Queens Park Rangers,13,4
2012-13,QPR,Queens Park Rangers,14,5
2012-13,QPR,Queens Park Rangers,15,6
2012-13,QPR,Queens Park Rangers,16,7
2012-13,QPR,Queens Park Rangers,17,10
2012-13,QPR,Queens Park Rangers,18,10
2012-13,QPR,Queens Park Rangers,19,10
2012-13,QPR,Queens Park Rangers,20,10
2012-13,QPR,Queens Park Rangers,21,13
2012-13,QPR,Queens Park Rangers,22,14
2012-13,QPR,Queens Park Rangers,23,15
2012-13,QPR,Queens Park Rangers,24,16
2012-13,QPR,Queens Park Rangers,25,17
2012-13,QPR,Queens Park Rangers,26,17
2012-13,QPR,Queens Park Rangers,27,17
2012-13,QPR,Queens Park Rangers,28,20
2012-13,QPR,Queens Park Rangers,29,23
2012-13,QPR,Queens Park Rangers,30,23
2012-13,QPR,Queens Park Rangers,31,23
2012-13,QPR,Queens Park Rangers,32,24
2012-13,QPR,Queens Park Rangers,33,24
2012-13,QPR,Queens Park Rangers,34,24
2012-13,QPR,Queens Park Rangers,35,25
2012-13,QPR,Queens Park Rangers,36,25
2012-13,QPR,Queens Park Rangers,37,25
2012-13,QPR,Queens Park Rangers,38,25
2012-13,REA,Reading,1,1
2012-13,REA,Reading,2,1
2012-13,REA,Reading,3,1
2012-13,REA,Reading,4,1
2012-13,REA,Reading,5,2
2012-13,REA,Reading,6,3
2012-13,REA,Reading,7,3
2012-13,REA,Reading,8,4
2012-13,REA,Reading,9,5
2012-13,REA,Reading,10,6
2012-13,REA,Reading,11,9
2012-13,REA,Reading,12,9
2012-13,REA,Reading,13,9
2012-13,REA,Reading,14,9
2012-13,REA,Reading,15,9
2012-13,REA,Reading,16,9
2012-13,REA,Reading,17,9
2012-13,REA,Reading,18,9
2012-13,REA,Reading,19,10
2012-13,REA,Reading,20,13
2012-13,REA,Reading,21,13
2012-13,REA,Reading,22,16
2012-13,REA,Reading,23,19
2012-13,REA,Reading,24,20
2012-13,REA,Reading,25,23
2012-13,REA,Reading,26,23
2012-13,REA,Reading,27,23
2012-13,REA,Reading,28,23
2012-13,REA,Reading,29,23
2012-13,REA,Reading,30,23
2012-13,REA,Reading,31,23
2012-13,REA,Reading,32,23
2012-13,REA,Reading,33,24
2012-13,REA,Reading,34,24
2012-13,REA,Reading,35,25
2012-13,REA,Reading,36,28
2012-13,REA,Reading,37,28
2012-13,REA,Reading,38,28
2012-13,SOU,Southampton,1,0
2012-13,SOU,Southampton,2,0
2012-13,SOU,Southampton,3,0
2012-13,SOU,Southampton,4,0
2012-13,SOU,Southampton,5,3
2012-13,SOU,Southampton,6,3
2012-13,SOU,Southampton,7,4
2012-13,SOU,Southampton,8,4
2012-13,SOU,Southampton,9,4
2012-13,SOU,Southampton,10,4
2012-13,SOU,Southampton,11,5
2012-13,SOU,Southampton,12,8
2012-13,SOU,Southampton,13,11
2012-13,SOU,Southampton,14,12
2012-13,SOU,Southampton,15,12
2012-13,SOU,Southampton,16,15
2012-13,SOU,Southampton,17,15
2012-13,SOU,Southampton,18,16
2012-13,SOU,Southampton,19,17
2012-13,SOU,Southampton,20,18
2012-13,SOU,Southampton,21,21
2012-13,SOU,Southampton,22,22
2012-13,SOU,Southampton,23,23
2012-13,SOU,Southampton,24,23
2012-13,SOU,Southampton,25,24
2012-13,SOU,Southampton,26,27
2012-13,SOU,Southampton,27,27
2012-13,SOU,Southampton,28,27
2012-13,SOU,Southampton,29,28
2012-13,SOU,Southampton,30,31
2012-13,SOU,Southampton,31,34
2012-13,SOU,Southampton,32,37
2012-13,SOU,Southampton,33,38
2012-13,SOU,Southampton,34,39
2012-13,SOU,Southampton,35,39
2012-13,SOU,Southampton,36,39
2012-13,SOU,Southampton,37,40
2012-13,SOU,Southampton,38,41
2012-13,STO,Stoke City,1,1
2012-13,STO,Stoke City,2,2
2012-13,STO,Stoke City,3,3
2012-13,STO,Stoke City,4,4
2012-13,STO,Stoke City,5,4
2012-13,STO,Stoke City,6,7
2012-13,STO,Stoke City,7,8
2012-13,STO,Stoke City,8,8
2012-13,STO,Stoke City,9,9
2012-13,STO,Stoke City,10,9
2012-13,STO,Stoke City,11,12
2012-13,STO,Stoke City,12,13
2012-13,STO,Stoke City,13,16
2012-13,STO,Stoke City,14,19
2012-13,STO,Stoke City,15,22
2012-13,STO,Stoke City,16,23
2012-13,STO,Stoke City,17,24
2012-13,STO,Stoke City,18,25
2012-13,STO,Stoke City,19,28
2012-13,STO,Stoke City,20,29
2012-13,STO,Stoke City,21,29
2012-13,STO,Stoke City,22,29
2012-13,STO,Stoke City,23,29
2012-13,STO,Stoke City,24,30
2012-13,STO,Stoke City,25,30
2012-13,STO,Stoke City,26,33
2012-13,STO,Stoke City,27,33
2012-13,STO,Stoke City,28,33
2012-13,STO,Stoke City,29,33
2012-13,STO,Stoke City,30,34
2012-13,STO,Stoke City,31,34
2012-13,STO,Stoke City,32,34
2012-13,STO,Stoke City,33,34
2012-13,STO,Stoke City,34,37
2012-13,STO,Stoke City,35,40
2012-13,STO,Stoke City,36,41
2012-13,STO,Stoke City,37,41
2012-13,STO,Stoke City,38,42
2012-13,SUN,Sunderland,1,1
2012-13,SUN,Sunderland,2,2
2012-13,SUN,Sunderland,3,3
2012-13,SUN,Sunderland,4,4
2012-13,SUN,Sunderland,5,7
2012-13,SUN,Sunderland,6,7
2012-13,SUN,Sunderland,7,8
2012-13,SUN,Sunderland,8,9
2012-13,SUN,Sunderland,9,9
2012-13,SUN,Sunderland,10,9
2012-13,SUN,Sunderland,11,12
2012-13,SUN,Sunderland,12,12
2012-13,SUN,Sunderland,13,13
2012-13,SUN,Sunderland,14,13
2012-13,SUN,Sunderland,15,13
2012-13,SUN,Sunderland,16,16
2012-13,SUN,Sunderland,17,16
2012-13,SUN,Sunderland,18,19
2012-13,SUN,Sunderland,19,22
2012-13,SUN,Sunderland,20,22
2012-13,SUN,Sunderland,21,22
2012-13,SUN,Sunderland,22,25
2012-13,SUN,Sunderland,23,28
2012-13,SUN,Sunderland,24,29
2012-13,SUN,Sunderland,25,29
2012-13,SUN,Sunderland,26,29
2012-13,SUN,Sunderland,27,29
2012-13,SUN,Sunderland,28,30
2012-13,SUN,Sunderland,29,30
2012-13,SUN,Sunderland,30,31
2012-13,SUN,Sunderland,31,31
2012-13,SUN,Sunderland,32,31
2012-13,SUN,Sunderland,33,34
2012-13,SUN,Sunderland,34,37
2012-13,SUN,Sunderland,35,37
2012-13,SUN,Sunderland,36,38
2012-13,SUN,Sunderland,37,39
2012-13,SUN,Sunderland,38,39
2012-13,SWA,Swansea City,1,3
2012-13,SWA,Swansea City,2,6
2012-13,SWA,Swansea City,3,7
2012-13,SWA,Swansea City,4,7
2012-13,SWA,Swansea City,5,7
2012-13,SWA,Swansea City,6,7
2012-13,SWA,Swansea City,7,8
2012-13,SWA,Swansea City,8,11
2012-13,SWA,Swansea City,9,11
2012-13,SWA,Swansea City,10,12
2012-13,SWA,Swansea City,11,13
2012-13,SWA,Swansea City,12,16
2012-13,SWA,Swansea City,13,17
2012-13,SWA,Swansea City,14,20
2012-13,SWA,Swansea City,15,23
2012-13,SWA,Swansea City,16,23
2012-13,SWA,Swansea City,17,23
2012-13,SWA,Swansea City,18,24
2012-13,SWA,Swansea City,19,25
2012-13,SWA,Swansea City,20,28
2012-13,SWA,Swansea City,21,29
2012-13,SWA,Swansea City,22,30
2012-13,SWA,Swansea City,23,33
2012-13,SWA,Swansea City,24,34
2012-13,SWA,Swansea City,25,34
2012-13,SWA,Swansea City,26,37
2012-13,SWA,Swansea City,27,37
2012-13,SWA,Swansea City,28,40
2012-13,SWA,Swansea City,29,40
2012-13,SWA,Swansea City,30,40
2012-13,SWA,Swansea City,31,40
2012-13,SWA,Swansea City,32,41
2012-13,SWA,Swansea City,33,42
2012-13,SWA,Swansea City,34,42
2012-13,SWA,Swansea City,35,43
2012-13,SWA,Swansea City,36,46
2012-13,SWA,Swansea City,37,46
2012-13,SWA,Swansea City,38,46
2012-13,TOT,Tottenham Hotspur,1,0
2012-13,TOT,Tottenham Hotspur,2,1
2012-13,TOT,Tottenham Hotspur,3,2
2012-13,TOT,Tottenham Hotspur,4,5
2012-13,TOT,Tottenham Hotspur,5,8
2012-13,TOT,Tottenham Hotspur,6,11
2012-13,TOT,Tottenham Hotspur,7,14
2012-13,TOT,Tottenham Hotspur,8,14
2012-13,TOT,Tottenham Hotspur,9,17
2012-13,TOT,Tottenham Hotspur,10,17
2012-13,TOT,Tottenham Hotspur,11,17
2012-13,TOT,Tottenham Hotspur,12,17
2012-13,TOT,Tottenham Hotspur,13,20
2012-13,TOT,Tottenham Hotspur,14,23
2012-13,TOT,Tottenham Hotspur,15,26
2012-13,TOT,Tottenham Hotspur,16,26
2012-13,TOT,Tottenham Hotspur,17,29
2012-13,TOT,Tottenham Hotspur,18,30
2012-13,TOT,Tottenham Hotspur,19,33
2012-13,TOT,Tottenham Hotspur,20,36
2012-13,TOT,Tottenham Hotspur,21,39
2012-13,TOT,Tottenham Hotspur,22,40
2012-13,TOT,Tottenham Hotspur,23,41
2012-13,TOT,Tottenham Hotspur,24,42
2012-13,TOT,Tottenham Hotspur,25,45
2012-13,TOT,Tottenham Hotspur,26,48
2012-13,TOT,Tottenham Hotspur,27,51
2012-13,TOT,Tottenham Hotspur,28,54
2012-13,TOT,Tottenham Hotspur,29,54
2012-13,TOT,Tottenham Hotspur,30,54
2012-13,TOT,Tottenham Hotspur,31,57
2012-13,TOT,Tottenham Hotspur,32,58
2012-13,TOT,Tottenham Hotspur,33,61
2012-13,TOT,Tottenham Hotspur,34,62
2012-13,TOT,Tottenham Hotspur,35,65
2012-13,TOT,Tottenham Hotspur,36,66
2012-13,TOT,Tottenham Hotspur,37,69
2012-13,TOT,Tottenham Hotspur,38,72
2012-13,WBA,West Bromwich Albion,1,3
2012-13,WBA,West Bromwich Albion,2,4
2012-13,WBA,West Bromwich Albion,3,7
2012-13,WBA,West Bromwich Albion,4,7
2012-13,WBA,West Bromwich Albion,5,10
2012-13,WBA,West Bromwich Albion,6,11
2012-13,WBA,West Bromwich Albion,7,14
2012-13,WBA,West Bromwich Albion,8,14
2012-13,WBA,West Bromwich Albion,9,14
2012-13,WBA,West Bromwich Albion,10,17
2012-13,WBA,West Bromwich Albion,11,20
2012-13,WBA,West Bromwich Albion,12,23
2012-13,WBA,West Bromwich Albion,13,26
2012-13,WBA,West Bromwich Albion,14,26
2012-13,WBA,West Bromwich Albion,15,26
2012-13,WBA,West Bromwich Albion,16,26
2012-13,WBA,West Bromwich Albion,17,27
2012-13,WBA,West Bromwich Albion,18,30
2012-13,WBA,West Bromwich Albion,19,33
2012-13,WBA,West Bromwich Albion,20,33
2012-13,WBA,West Bromwich Albion,21,33
2012-13,WBA,West Bromwich Albion,22,33
2012-13,WBA,West Bromwich Albion,23,34
2012-13,WBA,West Bromwich Albion,24,34
2012-13,WBA,West Bromwich Albion,25,34
2012-13,WBA,West Bromwich Albion,26,37
2012-13,WBA,West Bromwich Albion,27,40
2012-13,WBA,West Bromwich Albion,28,40
2012-13,WBA,West Bromwich Albion,29,43
2012-13,WBA,West Bromwich Albion,30,44
2012-13,WBA,West Bromwich Albion,31,44
2012-13,WBA,West Bromwich Albion,32,44
2012-13,WBA,West Bromwich Albion,33,45
2012-13,WBA,West Bromwich Albion,34,48
2012-13,WBA,West Bromwich Albion,35,48
2012-13,WBA,West Bromwich Albion,36,48
2012-13,WBA,West Bromwich Albion,37,48
2012-13,WBA,West Bromwich Albion,38,49
2012-13,WHU,West Ham United,1,3
2012-13,WHU,West Ham United,2,3
2012-13,WHU,West Ham United,3,6
2012-13,WHU,West Ham United,4,7
2012-13,WHU,West Ham United,5,8
2012-13,WHU,West Ham United,6,11
2012-13,WHU,West Ham United,7,11
2012-13,WHU,West Ham United,8,14
2012-13,WHU,West Ham United,9,14
2012-13,WHU,West Ham United,10,15
2012-13,WHU,West Ham United,11,18
2012-13,WHU,West Ham United,12,19
2012-13,WHU,West Ham United,13,19
2012-13,WHU,West Ham United,14,19
2012-13,WHU,West Ham United,15,22
2012-13,WHU,West Ham United,16,22
2012-13,WHU,West Ham United,17,23
2012-13,WHU,West Ham United,18,23
2012-13,WHU,West Ham United,19,23
2012-13,WHU,West Ham United,20,26
2012-13,WHU,West Ham United,21,26
2012-13,WHU,West Ham United,22,27
2012-13,WHU,West Ham United,23,27
2012-13,WHU,West Ham United,24,27
2012-13,WHU,West Ham United,25,30
2012-13,WHU,West Ham United,26,30
2012-13,WHU,West Ham United,27,30
2012-13,WHU,West Ham United,28,33
2012-13,WHU,West Ham United,29,33
2012-13,WHU,West Ham United,30,36
2012-13,WHU,West Ham United,31,37
2012-13,WHU,West Ham United,32,38
2012-13,WHU,West Ham United,33,39
2012-13,WHU,West Ham United,34,42
2012-13,WHU,West Ham United,35,42
2012-13,WHU,West Ham United,36,43
2012-13,WHU,West Ham United,37,43
2012-13,WHU,West Ham United,38,46
2012-13,WIG,Wigan Athletic,1,0
2012-13,WIG,Wigan Athletic,2,3
2012-13,WIG,Wigan Athletic,3,4
2012-13,WIG,Wigan Athletic,4,4
2012-13,WIG,Wigan Athletic,5,4
2012-13,WIG,Wigan Athletic,6,4
2012-13,WIG,Wigan Athletic,7,5
2012-13,WIG,Wigan Athletic,8,5
2012-13,WIG,Wigan Athletic,9,8
2012-13,WIG,Wigan Athletic,10,11
2012-13,WIG,Wigan Athletic,11,11
2012-13,WIG,Wigan Athletic,12,11
2012-13,WIG,Wigan Athletic,13,14
2012-13,WIG,Wigan Athletic,14,14
2012-13,WIG,Wigan Athletic,15,14
2012-13,WIG,Wigan Athletic,16,15
2012-13,WIG,Wigan Athletic,17,15
2012-13,WIG,Wigan Athletic,18,15
2012-13,WIG,Wigan Athletic,19,15
2012-13,WIG,Wigan Athletic,20,18
2012-13,WIG,Wigan Athletic,21,18
2012-13,WIG,Wigan Athletic,22,19
2012-13,WIG,Wigan Athletic,23,19
2012-13,WIG,Wigan Athletic,24,20
2012-13,WIG,Wigan Athletic,25,21
2012-13,WIG,Wigan Athletic,26,21
2012-13,WIG,Wigan Athletic,27,24
2012-13,WIG,Wigan Athletic,28,24
2012-13,WIG,Wigan Athletic,29,27
2012-13,WIG,Wigan Athletic,30,30
2012-13,WIG,Wigan Athletic,31,31
2012-13,WIG,Wigan Athletic,32,31
2012-13,WIG,Wigan Athletic,33,31
2012-13,WIG,Wigan Athletic,34,32
2012-13,WIG,Wigan Athletic,35,35
2012-13,WIG,Wigan Athletic,36,35
2012-13,WIG,Wigan Athletic,37,35
2012-13,WIG,Wigan Athletic,38,36
2013-14,ARS,Arsenal,1,0
2013-14,ARS,Arsenal,2,3
2013-14,ARS,Arsenal,3,6
2013-14,ARS,Arsenal,4,9
2013-14,ARS,Arsenal,5,12
2013-14,ARS,Arsenal,6,15
2013-14,ARS,Arsenal,7,16
2013-14,ARS,Arsenal,8,19
2013-14,ARS,Arsenal,9,22
2013-14,ARS,Arsenal,10,25
2013-14,ARS,Arsenal,11,25
2013-14,ARS,Arsenal,12,28
2013-14,ARS,Arsenal,13,31
2013-14,ARS,Arsenal,14,34
2013-14,ARS,Arsenal,15,35
2013-14,ARS,Arsenal,16,35
2013-14,ARS,Arsenal,17,36
2013-14,ARS,Arsenal,18,39
2013-14,ARS,Arsenal,19,42
2013-14,ARS,Arsenal,20,45
2013-14,ARS,Arsenal,21,48
2013-14,ARS,Arsenal,22,51
2013-14,ARS,Arsenal,23,52
2013-14,ARS,Arsenal,24,55
2013-14,ARS,Arsenal,25,55
2013-14,ARS,Arsenal,26,56
2013-14,ARS,Arsenal,27,59
2013-14,ARS,Arsenal,28,59
2013-14,ARS,Arsenal,29,62
2013-14,ARS,Arsenal,30,62
2013-14,ARS,Arsenal,31,63
2013-14,ARS,Arsenal,32,64
2013-14,ARS,Arsenal,33,64
2013-14,ARS,Arsenal,34,67
2013-14,ARS,Arsenal,35,70
2013-14,ARS,Arsenal,36,73
2013-14,ARS,Arsenal,37,76
2013-14,ARS,Arsenal,38,79
2013-14,AVL,Aston Villa,1,3
2013-14,AVL,Aston Villa,2,3
2013-14,AVL,Aston Villa,3,3
2013-14,AVL,Aston Villa,4,3
2013-14,AVL,Aston Villa,5,6
2013-14,AVL,Aston Villa,6,9
2013-14,AVL,Aston Villa,7,10
2013-14,AVL,Aston Villa,8,10
2013-14,AVL,Aston Villa,9,10
2013-14,AVL,Aston Villa,10,11
2013-14,AVL,Aston Villa,11,14
2013-14,AVL,Aston Villa,12,15
2013-14,AVL,Aston Villa,13,16
2013-14,AVL,Aston Villa,14,19
2013-14,AVL,Aston Villa,15,19
2013-14,AVL,Aston Villa,16,19
2013-14,AVL,Aston Villa,17,19
2013-14,AVL,Aston Villa,18,19
2013-14,AVL,Aston Villa,19,20
2013-14,AVL,Aston Villa,20,23
2013-14,AVL,Aston Villa,21,23
2013-14,AVL,Aston Villa,22,24
2013-14,AVL,Aston Villa,23,27
2013-14,AVL,Aston Villa,24,27
2013-14,AVL,Aston Villa,25,27
2013-14,AVL,Aston Villa,26,28
2013-14,AVL,Aston Villa,27,28
2013-14,AVL,Aston Villa,28,31
2013-14,AVL,Aston Villa,29,34
2013-14,AVL,Aston Villa,30,34
2013-14,AVL,Aston Villa,31,34
2013-14,AVL,Aston Villa,32,34
2013-14,AVL,Aston Villa,33,34
2013-14,AVL,Aston Villa,34,35
2013-14,AVL,Aston Villa,35,35
2013-14,AVL,Aston Villa,36,38
2013-14,AVL,Aston Villa,37,38
2013-14,AVL,Aston Villa,38,38
2013-14,CAR,Cardiff City,1,0
2013-14,CAR,Cardiff City,2,3
2013-14,CAR,Cardiff City,3,4
2013-14,CAR,Cardiff City,4,5
2013-14,CAR,Cardiff City,5,5
2013-14,CAR,Cardiff City,6,8
2013-14,CAR,Cardiff City,7,8
2013-14,CAR,Cardiff City,8,8
2013-14,CAR,Cardiff City,9,9
2013-14,CAR,Cardiff City,10,12
2013-14,CAR,Cardiff City,11,12
2013-14,CAR,Cardiff City,12,13
2013-14,CAR,Cardiff City,13,13
2013-14,CAR,Cardiff City,14,14
2013-14,CAR,Cardiff City,15,14
2013-14,CAR,Cardiff City,16,17
2013-14,CAR,Cardiff City,17,17
2013-14,CAR,Cardiff City,18,17
2013-14,CAR,Cardiff City,19,18
2013-14,CAR,Cardiff City,20,18
2013-14,CAR,Cardiff City,21,18
2013-14,CAR,Cardiff City,22,18
2013-14,CAR,Cardiff City,23,18
2013-14,CAR,Cardiff City,24,21
2013-14,CAR,Cardiff City,25,21
2013-14,CAR,Cardiff City,26,22
2013-14,CAR,Cardiff City,27,22
2013-14,CAR,Cardiff City,28,22
2013-14,CAR,Cardiff City,29,25
2013-14,CAR,Cardiff City,30,25
2013-14,CAR,Cardiff City,31,25
2013-14,CAR,Cardiff City,32,26
2013-14,CAR,Cardiff City,33,26
2013-14,CAR,Cardiff City,34,29
2013-14,CAR,Cardiff City,35,30
2013-14,CAR,Cardiff City,36,30
2013-14,CAR,Cardiff City,37,30
2013-14,CAR,Cardiff City,38,30
2013-14,CHE,Chelsea,1,3
2013-14,CHE,Chelsea,2,6
2013-14,CHE,Chelsea,3,7
2013-14,CHE,Chelsea,4,7
2013-14,CHE,Chelsea,5,10
2013-14,CHE,Chelsea,6,11
2013-14,CHE,Chelsea,7,14
2013-14,CHE,Chelsea,8,17
2013-14,CHE,Chelsea,9,20
2013-14,CHE,Chelsea,10,20
2013-14,CHE,Chelsea,11,21
2013-14,CHE,Chelsea,12,24
2013-14,CHE,Chelsea,13,27
2013-14,CHE,Chelsea,14,30
2013-14,CHE,Chelsea,15,30
2013-14,CHE,Chelsea,16,33
2013-14,CHE,Chelsea,17,34
2013-14,CHE,Chelsea,18,37
2013-14,CHE,Chelsea,19,40
2013-14,CHE,Chelsea,20,43
2013-14,CHE,Chelsea,21,46
2013-14,CHE,Chelsea,22,49
2013-14,CHE,Chelsea,23,50
2013-14,CHE,Chelsea,24,53
2013-14,CHE,Chelsea,25,56
2013-14,CHE,Chelsea,26,57
2013-14,CHE,Chelsea,27,60
2013-14,CHE,Chelsea,28,63
2013-14,CHE,Chelsea,29,66
2013-14,CHE,Chelsea,30,66
2013-14,CHE,Chelsea,31,69
2013-14,CHE,Chelsea,32,69
2013-14,CHE,Chelsea,33,72
2013-14,CHE,Chelsea,34,75
2013-14,CHE,Chelsea,35,75
2013-14,CHE,Chelsea,36,78
2013-14,CHE,Chelsea,37,79
2013-14,CHE,Chelsea,38,82
2013-14,CRY,Crystal Palace,1,0
2013-14,CRY,Crystal Palace,2,0
2013-14,CRY,Crystal Palace,3,3
2013-14,CRY,Crystal Palace,4,3
2013-14,CRY,Crystal Palace,5,3
2013-14,CRY,Crystal Palace,6,3
2013-14,CRY,Crystal Palace,7,3
2013-14,CRY,Crystal Palace,8,3
2013-14,CRY,Crystal Palace,9,3
2013-14,CRY,Crystal Palace,10,3
2013-14,CRY,Crystal Palace,11,4
2013-14,CRY,Crystal Palace,12,7
2013-14,CRY,Crystal Palace,13,7
2013-14,CRY,Crystal Palace,14,10
2013-14,CRY,Crystal Palace,15,13
2013-14,CRY,Crystal Palace,16,13
2013-14,CRY,Crystal Palace,17,13
2013-14,CRY,Crystal Palace,18,16
2013-14,CRY,Crystal Palace,19,16
2013-14,CRY,Crystal Palace,20,17
2013-14,CRY,Crystal Palace,21,17
2013-14,CRY,Crystal Palace,22,20
2013-14,CRY,Crystal Palace,23,23
2013-14,CRY,Crystal Palace,24,23
2013-14,CRY,Crystal Palace,25,26
2013-14,CRY,Crystal Palace,26,26
2013-14,CRY,Crystal Palace,27,27
2013-14,CRY,Crystal Palace,28,27
2013-14,CRY,Crystal Palace,29,28
2013-14,CRY,Crystal Palace,30,28
2013-14,CRY,Crystal Palace,31,31
2013-14,CRY,Crystal Palace,32,34
2013-14,CRY,Crystal Palace,33,37
2013-14,CRY,Crystal Palace,34,40
2013-14,CRY,Crystal Palace,35,43
2013-14,CRY,Crystal Palace,36,43
2013-14,CRY,Crystal Palace,37,44
2013-14,CRY,Crystal Palace,38,45
2013-14,EVE,Everton,1,1
2013-14,EVE,Everton,2,2
2013-14,EVE,Everton,3,3
2013-14,EVE,Everton,4,6
2013-14,EVE,Everton,5,9
2013-14,EVE,Everton,6,12
2013-14,EVE,Everton,7,12
2013-14,EVE,Everton,8,15
2013-14,EVE,Everton,9,18
2013-14,EVE,Everton,10,19
2013-14,EVE,Everton,11,20
2013-14,EVE,Everton,12,21
2013-14,EVE,Everton,13,24
2013-14,EVE,Everton,14,27
2013-14,EVE,Everton,15,28
2013-14,EVE,Everton,16,31
2013-14,EVE,Everton,17,34
2013-14,EVE,Everton,18,34
2013-14,EVE,Everton,19,37
2013-14,EVE,Everton,20,38
2013-14,EVE,Everton,21,41
2013-14,EVE,Everton,22,42
2013-14,EVE,Everton,23,42
2013-14,EVE,Everton,24,45
2013-14,EVE,Everton,25,45
2013-14,EVE,Everton,26,45
2013-14,EVE,Everton,27,48
2013-14,EVE,Everton,28,51
2013-14,EVE,Everton,29,54
2013-14,EVE,Everton,30,57
2013-14,EVE,Everton,31,60
2013-14,EVE,Everton,32,63
2013-14,EVE,Everton,33,66
2013-14,EVE,Everton,34,66
2013-14,EVE,Everton,35,69
2013-14,EVE,Everton,36,69
2013-14,EVE,Everton,37,69
2013-14,EVE,Everton,38,72
2013-14,FUL,Fulham,1,3
2013-14,FUL,Fulham,2,3
2013-14,FUL,Fulham,3,3
2013-14,FUL,Fulham,4,4
2013-14,FUL,Fulham,5,4
2013-14,FUL,Fulham,6,4
2013-14,FUL,Fulham,7,7
2013-14,FUL,Fulham,8,10
2013-14,FUL,Fulham,9,10
2013-14,FUL,Fulham,10,10
2013-14,FUL,Fulham,11,10
2013-14,FUL,Fulham,12,10
2013-14,FUL,Fulham,13,10
2013-14,FUL,Fulham,14,10
2013-14,FUL,Fulham,15,13
2013-14,FUL,Fulham,16,13
2013-14,FUL,Fulham,17,13
2013-14,FUL,Fulham,18,16
2013-14,FUL,Fulham,19,16
2013-14,FUL,Fulham,20,19
2013-14,FUL,Fulham,21,19
2013-14,FUL,Fulham,22,19
2013-14,FUL,Fulham,23,19
2013-14,FUL,Fulham,24,19
2013-14,FUL,Fulham,25,20
2013-14,FUL,Fulham,26,20
2013-14,FUL,Fulham,27,21
2013-14,FUL,Fulham,28,21
2013-14,FUL,Fulham,29,21
2013-14,FUL,Fulham,30,24
2013-14,FUL,Fulham,31,24
2013-14,FUL,Fulham,32,24
2013-14,FUL,Fulham,33,27
2013-14,FUL,Fulham,34,30
2013-14,FUL,Fulham,35,30
2013-14,FUL,Fulham,36,31
2013-14,FUL,Fulham,37,31
2013-14,FUL,Fulham,38,32
2013-14,HUL,Hull City,1,0
2013-14,HUL,Hull City,2,3
2013-14,HUL,Hull City,3,3
2013-14,HUL,Hull City,4,4
2013-14,HUL,Hull City,5,7
2013-14,HUL,Hull City,6,10
2013-14,HUL,Hull City,7,11
2013-14,HUL,Hull City,8,11
2013-14,HUL,Hull City,9,11
2013-14,HUL,Hull City,10,14
2013-14,HUL,Hull City,11,14
2013-14,HUL,Hull City,12,14
2013-14,HUL,Hull City,13,17
2013-14,HUL,Hull City,14,17
2013-14,HUL,Hull City,15,18
2013-14,HUL,Hull City,16,19
2013-14,HUL,Hull City,17,20
2013-14,HUL,Hull City,18,20
2013-14,HUL,Hull City,19,23
2013-14,HUL,Hull City,20,23
2013-14,HUL,Hull City,21,23
2013-14,HUL,Hull City,22,23
2013-14,HUL,Hull City,23,23
2013-14,HUL,Hull City,24,24
2013-14,HUL,Hull City,25,27
2013-14,HUL,Hull City,26,27
2013-14,HUL,Hull City,27,30
2013-14,HUL,Hull City,28,30
2013-14,HUL,Hull City,29,30
2013-14,HUL,Hull City,30,33
2013-14,HUL,Hull City,31,33
2013-14,HUL,Hull City,32,33
2013-14,HUL,Hull City,33,36
2013-14,HUL,Hull City,34,36
2013-14,HUL,Hull City,35,37
2013-14,HUL,Hull City,36,37
2013-14,HUL,Hull City,37,37
2013-14,HUL,Hull City,38,37
2013-14,LIV,Liverpool,1,3
2013-14,LIV,Liverpool,2,6
2013-14,LIV,Liverpool,3,9
2013-14,LIV,Liverpool,4,10
2013-14,LIV,Liverpool,5,10
2013-14,LIV,Liverpool,6,13
2013-14,LIV,Liverpool,7,16
2013-14,LIV,Liverpool,8,17
2013-14,LIV,Liverpool,9,20
2013-14,LIV,Liverpool,10,20
2013-14,LIV,Liverpool,11,23
2013-14,LIV,Liverpool,12,24
2013-14,LIV,Liverpool,13,24
2013-14,LIV,Liverpool,14,27
2013-14,LIV,Liverpool,15,30
2013-14,LIV,Liverpool,16,33
2013-14,LIV,Liverpool,17,36
2013-14,LIV,Liverpool,18,36
2013-14,LIV,Liverpool,19,36
2013-14,LIV,Liverpool,20,39
2013-14,LIV,Liverpool,21,42
2013-14,LIV,Liverpool,22,43
2013-14,LIV,Liverpool,23,46
2013-14,LIV,Liverpool,24,47
2013-14,LIV,Liverpool,25,50
2013-14,LIV,Liverpool,26,53
2013-14,LIV,Liverpool,27,56
2013-14,LIV,Liverpool,28,59
2013-14,LIV,Liverpool,29,62
2013-14,LIV,Liverpool,30,65
2013-14,LIV,Liverpool,31,68
2013-14,LIV,Liverpool,32,71
2013-14,LIV,Liverpool,33,74
2013-14,LIV,Liverpool,34,77
2013-14,LIV,Liverpool,35,80
2013-14,LIV,Liverpool,36,80
2013-14,LIV,Liverpool,37,81
2013-14,LIV,Liverpool,38,84
2013-14,MCI,Manchester City,1,3
2013-14,MCI,Manchester City,2,3
2013-14,MCI,Manchester City,3,6
2013-14,MCI,Manchester City,4,7
2013-14,MCI,Manchester City,5,10
2013-14,MCI,Manchester City,6,10
2013-14,MCI,Manchester City,7,13
2013-14,MCI,Manchester City,8,16
2013-14,MCI,Manchester City,9,16
2013-14,MCI,Manchester City,10,19
2013-14,MCI,Manchester City,11,19
2013-14,MCI,Manchester City,12,22
2013-14,MCI,Manchester City,13,25
2013-14,MCI,Manchester City,14,28
2013-14,MCI,Manchester City,15,29
2013-14,MCI,Manchester City,16,32
2013-14,MCI,Manchester City,17,35
2013-14,MCI,Manchester City,18,38
2013-14,MCI,Manchester City,19,41
2013-14,MCI,Manchester City,20,44
2013-14,MCI,Manchester City,21,47
2013-14,MCI,Manchester City,22,50
2013-14,MCI,Manchester City,23,53
2013-14,MCI,Manchester City,24,53
2013-14,MCI,Manchester City,25,54
2013-14,MCI,Manchester City,26,57
2013-14,MCI,Manchester City,27,60
2013-14,MCI,Manchester City,28,63
2013-14,MCI,Manchester City,29,66
2013-14,MCI,Manchester City,30,67
2013-14,MCI,Manchester City,31,70
2013-14,MCI,Manchester City,32,70
2013-14,MCI,Manchester City,33,71
2013-14,MCI,Manchester City,34,74
2013-14,MCI,Manchester City,35,77
2013-14,MCI,Manchester City,36,80
2013-14,MCI,Manchester City,37,83
2013-14,MCI,Manchester City,38,86
2013-14,MUN,Manchester United,1,3
2013-14,MUN,Manchester United,2,4
2013-14,MUN,Manchester United,3,4
2013-14,MUN,Manchester United,4,7
2013-14,MUN,Manchester United,5,7
2013-14,MUN,Manchester United,6,7
2013-14,MUN,Manchester United,7,10
2013-14,MUN,Manchester United,8,11
2013-14,MUN,Manchester United,9,14
2013-14,MUN,Manchester United,10,17
2013-14,MUN,Manchester United,11,20
2013-14,MUN,Manchester United,12,21
2013-14,MUN,Manchester United,13,22
2013-14,MUN,Manchester United,14,22
2013-14,MUN,Manchester United,15,22
2013-14,MUN,Manchester United,16,25
2013-14,MUN,Manchester United,17,28
2013-14,MUN,Manchester United,18,31
2013-14,MUN,Manchester United,19,34
2013-14,MUN,Manchester United,20,34
2013-14,MUN,Manchester United,21,37
2013-14,MUN,Manchester United,22,37
2013-14,MUN,Manchester United,23,40
2013-14,MUN,Manchester United,24,40
2013-14,MUN,Manchester United,25,41
2013-14,MUN,Manchester United,26,42
2013-14,MUN,Manchester United,27,45
2013-14,MUN,Manchester United,28,48
2013-14,MUN,Manchester United,29,48
2013-14,MUN,Manchester United,30,51
2013-14,MUN,Manchester United,31,51
2013-14,MUN,Manchester United,32,54
2013-14,MUN,Manchester United,33,57
2013-14,MUN,Manchester United,34,57
2013-14,MUN,Manchester United,35,60
2013-14,MUN,Manchester United,36,60
2013-14,MUN,Manchester United,37,63
2013-14,MUN,Manchester United,38,64
2013-14,NEW,Newcastle United,1,0
2013-14,NEW,Newcastle United,2,1
2013-14,NEW,Newcastle United,3,4
2013-14,NEW,Newcastle United,4,7
2013-14,NEW,Newcastle United,5,7
2013-14,NEW,Newcastle United,6,7
2013-14,NEW,Newcastle United,7,10
2013-14,NEW,Newcastle United,8,11
2013-14,NEW,Newcastle United,9,11
2013-14,NEW,Newcastle United,10,14
2013-14,NEW,Newcastle United,11,17
2013-14,NEW,Newcastle United,12,20
2013-14,NEW,Newcastle United,13,23
2013-14,NEW,Newcastle United,14,23
2013-14,NEW,Newcastle United,15,26
2013-14,NEW,Newcastle United,16,27
2013-14,NEW,Newcastle United,17,30
2013-14,NEW,Newcastle United,18,33
2013-14,NEW,Newcastle United,19,33
2013-14,NEW,Newcastle United,20,33
2013-14,NEW,Newcastle United,21,33
2013-14,NEW,Newcastle United,22,36
2013-14,NEW,Newcastle United,23,37
2013-14,NEW,Newcastle United,24,37
2013-14,NEW,Newcastle United,25,37
2013-14,NEW,Newcastle United,26,37
2013-14,NEW,Newcastle United,27,40
2013-14,NEW,Newcastle United,28,43
2013-14,NEW,Newcastle United,29,43
2013-14,NEW,Newcastle United,30,46
2013-14,NEW,Newcastle United,31,46
2013-14,NEW,Newcastle United,32,46
2013-14,NEW,Newcastle United,33,46
2013-14,NEW,Newcastle United,34,46
2013-14,NEW,Newcastle United,35,46
2013-14,NEW,Newcastle United,36,46
2013-14,NEW,Newcastle United,37,49
2013-14,NEW,Newcastle United,38,49
2013-14,NOR,Norwich City,1,1
2013-14,NOR,Norwich City,2,1
2013-14,NOR,Norwich City,3,4
2013-14,NOR,Norwich City,4,4
2013-14,NOR,Norwich City,5,4
2013-14,NOR,Norwich City,6,7
2013-14,NOR,Norwich City,7,7
2013-14,NOR,Norwich City,8,7
2013-14,NOR,Norwich City,9,8
2013-14,NOR,Norwich City,10,8
2013-14,NOR,Norwich City,11,11
2013-14,NOR,Norwich City,12,11
2013-14,NOR,Norwich City,13,14
2013-14,NOR,Norwich City,14,14
2013-14,NOR,Norwich City,15,17
2013-14,NOR,Norwich City,16,18
2013-14,NOR,Norwich City,17,19
2013-14,NOR,Norwich City,18,19
2013-14,NOR,Norwich City,19,19
2013-14,NOR,Norwich City,20,20
2013-14,NOR,Norwich City,21,20
2013-14,NOR,Norwich City,22,23
2013-14,NOR,Norwich City,23,24
2013-14,NOR,Norwich City,24,24
2013-14,NOR,Norwich City,25,25
2013-14,NOR,Norwich City,26,25
2013-14,NOR,Norwich City,27,28
2013-14,NOR,Norwich City,28,28
2013-14,NOR,Norwich City,29,29
2013-14,NOR,Norwich City,30,29
2013-14,NOR,Norwich City,31,32
2013-14,NOR,Norwich City,32,32
2013-14,NOR,Norwich City,33,32
2013-14,NOR,Norwich City,34,32
2013-14,NOR,Norwich City,35,32
2013-14,NOR,Norwich City,36,32
2013-14,NOR,Norwich City,37,33
2013-14,NOR,Norwich City,38,33
2013-14,SOU,Southampton,1,3
2013-14,SOU,Southampton,2,4
2013-14,SOU,Southampton,3,4
2013-14,SOU,Southampton,4,5
2013-14,SOU,Southampton,5,8
2013-14,SOU,Southampton,6,11
2013-14,SOU,Southampton,7,14
2013-14,SOU,Southampton,8,15
2013-14,SOU,Southampton,9,18
2013-14,SOU,Southampton,10,19
2013-14,SOU,Southampton,11,22
2013-14,SOU,Southampton,12,22
2013-14,SOU,Southampton,13,22
2013-14,SOU,Southampton,14,22
2013-14,SOU,Southampton,15,23
2013-14,SOU,Southampton,16,24
2013-14,SOU,Southampton,17,24
2013-14,SOU,Southampton,18,27
2013-14,SOU,Southampton,19,27
2013-14,SOU,Southampton,20,27
2013-14,SOU,Southampton,21,30
2013-14,SOU,Southampton,22,31
2013-14,SOU,Southampton,23,32
2013-14,SOU,Southampton,24,35
2013-14,SOU,Southampton,25,36
2013-14,SOU,Southampton,26,39
2013-14,SOU,Southampton,27,39
2013-14,SOU,Southampton,28,39
2013-14,SOU,Southampton,29,42
2013-14,SOU,Southampton,30,45
2013-14,SOU,Southampton,31,45
2013-14,SOU,Southampton,32,48
2013-14,SOU,Southampton,33,48
2013-14,SOU,Southampton,34,48
2013-14,SOU,Southampton,35,49
2013-14,SOU,Southampton,36,52
2013-14,SOU,Southampton,37,55
2013-14,SOU,Southampton,38,56
2013-14,STO,Stoke City,1,0
2013-14,STO,Stoke City,2,3
2013-14,STO,Stoke City,3,6
2013-14,STO,Stoke City,4,7
2013-14,STO,Stoke City,5,7
2013-14,STO,Stoke City,6,7
2013-14,STO,Stoke City,7,7
2013-14,STO,Stoke City,8,8
2013-14,STO,Stoke City,9,8
2013-14,STO,Stoke City,10,9
2013-14,STO,Stoke City,11,10
2013-14,STO,Stoke City,12,13
2013-14,STO,Stoke City,13,13
2013-14,STO,Stoke City,14,14
2013-14,STO,Stoke City,15,17
2013-14,STO,Stoke City,16,18
2013-14,STO,Stoke City,17,21
2013-14,STO,Stoke City,18,21
2013-14,STO,Stoke City,19,21
2013-14,STO,Stoke City,20,22
2013-14,STO,Stoke City,21,22
2013-14,STO,Stoke City,22,22
2013-14,STO,Stoke City,23,22
2013-14,STO,Stoke City,24,25
2013-14,STO,Stoke City,25,26
2013-14,STO,Stoke City,26,27
2013-14,STO,Stoke City,27,27
2013-14,STO,Stoke City,28,30
2013-14,STO,Stoke City,29,31
2013-14,STO,Stoke City,30,34
2013-14,STO,Stoke City,31,37
2013-14,STO,Stoke City,32,40
2013-14,STO,Stoke City,33,40
2013-14,STO,Stoke City,34,43
2013-14,STO,Stoke City,35,44
2013-14,STO,Stoke City,36,44
2013-14,STO,Stoke City,37,47
2013-14,STO,Stoke City,38,50
2013-14,SUN,Sunderland,1,0
2013-14,SUN,Sunderland,2,1
2013-14,SUN,Sunderland,3,1
2013-14,SUN,Sunderland,4,1
2013-14,SUN,Sunderland,5,1
2013-14,SUN,Sunderland,6,1
2013-14,SUN,Sunderland,7,1
2013-14,SUN,Sunderland,8,1
2013-14,SUN,Sunderland,9,4
2013-14,SUN,Sunderland,10,4
2013-14,SUN,Sunderland,11,7
2013-14,SUN,Sunderland,12,7
2013-14,SUN,Sunderland,13,8
2013-14,SUN,Sunderland,14,8
2013-14,SUN,Sunderland,15,8
2013-14,SUN,Sunderland,16,9
2013-14,SUN,Sunderland,17,10
2013-14,SUN,Sunderland,18,13
2013-14,SUN,Sunderland,19,14
2013-14,SUN,Sunderland,20,14
2013-14,SUN,Sunderland,21,17
2013-14,SUN,Sunderland,22,18
2013-14,SUN,Sunderland,23,21
2013-14,SUN,Sunderland,24,24
2013-14,SUN,Sunderland,25,24
2013-14,SUN,Sunderland,26,24
2013-14,SUN,Sunderland,27,25
2013-14,SUN,Sunderland,28,25
2013-14,SUN,Sunderland,29,25
2013-14,SUN,Sunderland,30,25
2013-14,SUN,Sunderland,31,25
2013-14,SUN,Sunderland,32,25
2013-14,SUN,Sunderland,33,26
2013-14,SUN,Sunderland,34,29
2013-14,SUN,Sunderland,35,32
2013-14,SUN,Sunderland,36,35
2013-14,SUN,Sunderland,37,38
2013-14,SUN,Sunderland,38,38
2013-14,SWA,Swansea City,1,0
2013-14,SWA,Swansea City,2,0
2013-14,SWA,Swansea City,3,3
2013-14,SWA,Swansea City,4,4
2013-14,SWA,Swansea City,5,7
2013-14,SWA,Swansea City,6,7
2013-14,SWA,Swansea City,7,7
2013-14,SWA,Swansea City,8,10
2013-14,SWA,Swansea City,9,11
2013-14,SWA,Swansea City,10,11
2013-14,SWA,Swansea City,11,12
2013-14,SWA,Swansea City,12,15
2013-14,SWA,Swansea City,13,15
2013-14,SWA,Swansea City,14,18
2013-14,SWA,Swansea City,15,19
2013-14,SWA,Swansea City,16,20
2013-14,SWA,Swansea City,17,20
2013-14,SWA,Swansea City,18,20
2013-14,SWA,Swansea City,19,21
2013-14,SWA,Swansea City,20,21
2013-14,SWA,Swansea City,21,21
2013-14,SWA,Swansea City,22,21
2013-14,SWA,Swansea City,23,24
2013-14,SWA,Swansea City,24,24
2013-14,SWA,Swansea City,25,27
2013-14,SWA,Swansea City,26,28
2013-14,SWA,Swansea City,27,28
2013-14,SWA,Swansea City,28,29
2013-14,SWA,Swansea City,29,29
2013-14,SWA,Swansea City,30,29
2013-14,SWA,Swansea City,31,30
2013-14,SWA,Swansea City,32,33
2013-14,SWA,Swansea City,33,33
2013-14,SWA,Swansea City,34,33
2013-14,SWA,Swansea City,35,36
2013-14,SWA,Swansea City,36,39
2013-14,SWA,Swansea City,37,39
2013-14,SWA,Swansea City,38,42
2013-14,TOT,Tottenham Hotspur,1,3
2013-14,TOT,Tottenham Hotspur,2,6
2013-14,TOT,Tottenham Hotspur,3,6
2013-14,TOT,Tottenham Hotspur,4,9
2013-14,TOT,Tottenham Hotspur,5,12
2013-14,TOT,Tottenham Hotspur,6,13
2013-14,TOT,Tottenham Hotspur,7,13
2013-14,TOT,Tottenham Hotspur,8,16
2013-14,TOT,Tottenham Hotspur,9,19
2013-14,TOT,Tottenham Hotspur,10,20
2013-14,TOT,Tottenham Hotspur,11,20
2013-14,TOT,Tottenham Hotspur,12,20
2013-14,TOT,Tottenham Hotspur,13,21
2013-14,TOT,Tottenham Hotspur,14,24
2013-14,TOT,Tottenham Hotspur,15,27
2013-14,TOT,Tottenham Hotspur,16,27
2013-14,TOT,Tottenham Hotspur,17,30
2013-14,TOT,Tottenham Hotspur,18,31
2013-14,TOT,Tottenham Hotspur,19,34
2013-14,TOT,Tottenham Hotspur,20,37
2013-14,TOT,Tottenham Hotspur,21,40
2013-14,TOT,Tottenham Hotspur,22,43
2013-14,TOT,Tottenham Hotspur,23,43
2013-14,TOT,Tottenham Hotspur,24,44
2013-14,TOT,Tottenham Hotspur,25,47
2013-14,TOT,Tottenham Hotspur,26,50
2013-14,TOT,Tottenham Hotspur,27,50
2013-14,TOT,Tottenham Hotspur,28,53
2013-14,TOT,Tottenham Hotspur,29,53
2013-14,TOT,Tottenham Hotspur,30,53
2013-14,TOT,Tottenham Hotspur,31,56
2013-14,TOT,Tottenham Hotspur,32,56
2013-14,TOT,Tottenham Hotspur,33,59
2013-14,TOT,Tottenham Hotspur,34,60
2013-14,TOT,Tottenham Hotspur,35,63
2013-14,TOT,Tottenham Hotspur,36,66
2013-14,TOT,Tottenham Hotspur,37,66
2013-14,TOT,Tottenham Hotspur,38,69
2013-14,WBA,West Bromwich Albion,1,0
2013-14,WBA,West Bromwich Albion,2,1
2013-14,WBA,West Bromwich Albion,3,1
2013-14,WBA,West Bromwich Albion,4,2
2013-14,WBA,West Bromwich Albion,5,5
2013-14,WBA,West Bromwich Albion,6,8
2013-14,WBA,West Bromwich Albion,7,9
2013-14,WBA,West Bromwich Albion,8,10
2013-14,WBA,West Bromwich Albion,9,10
2013-14,WBA,West Bromwich Albion,10,13
2013-14,WBA,West Bromwich Albion,11,14
2013-14,WBA,West Bromwich Albion,12,15
2013-14,WBA,West Bromwich Albion,13,15
2013-14,WBA,West Bromwich Albion,14,15
2013-14,WBA,West Bromwich Albion,15,15
2013-14,WBA,West Bromwich Albion,16,15
2013-14,WBA,West Bromwich Albion,17,16
2013-14,WBA,West Bromwich Albion,18,17
2013-14,WBA,West Bromwich Albion,19,18
2013-14,WBA,West Bromwich Albion,20,21
2013-14,WBA,West Bromwich Albion,21,21
2013-14,WBA,West Bromwich Albion,22,22
2013-14,WBA,West Bromwich Albion,23,22
2013-14,WBA,West Bromwich Albion,24,23
2013-14,WBA,West Bromwich Albion,25,23
2013-14,WBA,West Bromwich Albion,26,24
2013-14,WBA,West Bromwich Albion,27,25
2013-14,WBA,West Bromwich Albion,28,25
2013-14,WBA,West Bromwich Albion,29,28
2013-14,WBA,West Bromwich Albion,30,28
2013-14,WBA,West Bromwich Albion,31,29
2013-14,WBA,West Bromwich Albion,32,32
2013-14,WBA,West Bromwich Albion,33,33
2013-14,WBA,West Bromwich Albion,34,33
2013-14,WBA,West Bromwich Albion,35,36
2013-14,WBA,West Bromwich Albion,36,36
2013-14,WBA,West Bromwich Albion,37,36
2013-14,WBA,West Bromwich Albion,38,36
2013-14,WHU,West Ham United,1,3
2013-14,WHU,West Ham United,2,4
2013-14,WHU,West Ham United,3,4
2013-14,WHU,West Ham United,4,5
2013-14,WHU,West Ham United,5,5
2013-14,WHU,West Ham United,6,5
2013-14,WHU,West Ham United,7,8
2013-14,WHU,West Ham United,8,8
2013-14,WHU,West Ham United,9,9
2013-14,WHU,West Ham United,10,10
2013-14,WHU,West Ham United,11,10
2013-14,WHU,West Ham United,12,10
2013-14,WHU,West Ham United,13,13
2013-14,WHU,West Ham United,14,13
2013-14,WHU,West Ham United,15,13
2013-14,WHU,West Ham United,16,14
2013-14,WHU,West Ham United,17,14
2013-14,WHU,West Ham United,18,14
2013-14,WHU,West Ham United,19,15
2013-14,WHU,West Ham United,20,15
2013-14,WHU,West Ham United,21,18
2013-14,WHU,West Ham United,22,18
2013-14,WHU,West Ham United,23,19
2013-14,WHU,West Ham United,24,22
2013-14,WHU,West Ham United,25,25
2013-14,WHU,West Ham United,26,28
2013-14,WHU,West Ham United,27,31
2013-14,WHU,West Ham United,28,31
2013-14,WHU,West Ham United,29,31
2013-14,WHU,West Ham United,30,31
2013-14,WHU,West Ham United,31,34
2013-14,WHU,West Ham United,32,37
2013-14,WHU,West Ham United,33,37
2013-14,WHU,West Ham United,34,37
2013-14,WHU,West Ham United,35,37
2013-14,WHU,West Ham United,36,37
2013-14,WHU,West Ham United,37,40
2013-14,WHU,West Ham United,38,40
2014-15,ARS,Arsenal,1,3
2014-15,ARS,Arsenal,2,4
2014-15,ARS,Arsenal,3,5
2014-15,ARS,Arsenal,4,6
2014-15,ARS,Arsenal,5,9
2014-15,ARS,Arsenal,6,10
2014-15,ARS,Arsenal,7,10
2014-15,ARS,Arsenal,8,11
2014-15,ARS,Arsenal,9,14
2014-15,ARS,Arsenal,10,17
2014-15,ARS,Arsenal,11,17
2014-15,ARS,Arsenal,12,17
2014-15,ARS,Arsenal,13,20
2014-15,ARS,Arsenal,14,23
2014-15,ARS,Arsenal,15,23
2014-15,ARS,Arsenal,16,26
2014-15,ARS,Arsenal,17,27
2014-15,ARS,Arsenal,18,30
2014-15,ARS,Arsenal,19,33
2014-15,ARS,Arsenal,20,33
2014-15,ARS,Arsenal,21,36
2014-15,ARS,Arsenal,22,39
2014-15,ARS,Arsenal,23,42
2014-15,ARS,Arsenal,24,42
2014-15,ARS,Arsenal,25,45
2014-15,ARS,Arsenal,26,48
2014-15,ARS,Arsenal,27,51
2014-15,ARS,Arsenal,28,54
2014-15,ARS,Arsenal,29,57
2014-15,ARS,Arsenal,30,60
2014-15,ARS,Arsenal,31,63
2014-15,ARS,Arsenal,32,66
2014-15,ARS,Arsenal,33,67
2014-15,ARS,Arsenal,34,70
2014-15,ARS,Arsenal,35,70
2014-15,ARS,Arsenal,36,71
2014-15,ARS,Arsenal,37,72
2014-15,ARS,Arsenal,38,75
2014-15,AVL,Aston Villa,1,3
2014-15,AVL,Aston Villa,2,4
2014-15,AVL,Aston Villa,3,7
2014-15,AVL,Aston Villa,4,10
2014-15,AVL,Aston Villa,5,10
2014-15,AVL,Aston Villa,6,10
2014-15,AVL,Aston Villa,7,10
2014-15,AVL,Aston Villa,8,10
2014-15,AVL,Aston Villa,9,10
2014-15,AVL,Aston Villa,10,10
2014-15,AVL,Aston Villa,11,11
2014-15,AVL,Aston Villa,12,12
2014-15,AVL,Aston Villa,13,13
2014-15,AVL,Aston Villa,14,16
2014-15,AVL,Aston Villa,15,19
2014-15,AVL,Aston Villa,16,19
2014-15,AVL,Aston Villa,17,20
2014-15,AVL,Aston Villa,18,20
2014-15,AVL,Aston Villa,19,21
2014-15,AVL,Aston Villa,20,22
2014-15,AVL,Aston Villa,21,22
2014-15,AVL,Aston Villa,22,22
2014-15,AVL,Aston Villa,23,22
2014-15,AVL,Aston Villa,24,22
2014-15,AVL,Aston Villa,25,22
2014-15,AVL,Aston Villa,26,22
2014-15,AVL,Aston Villa,27,22
2014-15,AVL,Aston Villa,28,25
2014-15,AVL,Aston Villa,29,28
2014-15,AVL,Aston Villa,30,28
2014-15,AVL,Aston Villa,31,28
2014-15,AVL,Aston Villa,32,29
2014-15,AVL,Aston Villa,33,32
2014-15,AVL,Aston Villa,34,32
2014-15,AVL,Aston Villa,35,35
2014-15,AVL,Aston Villa,36,38
2014-15,AVL,Aston Villa,37,38
2014-15,AVL,Aston Villa,38,38
2014-15,BUR,Burnley,1,0
2014-15,BUR,Burnley,2,0
2014-15,BUR,Burnley,3,1
2014-15,BUR,Burnley,4,2
2014-15,BUR,Burnley,5,3
2014-15,BUR,Burnley,6,3
2014-15,BUR,Burnley,7,4
2014-15,BUR,Burnley,8,4
2014-15,BUR,Burnley,9,4
2014-15,BUR,Burnley,10,4
2014-15,BUR,Burnley,11,7
2014-15,BUR,Burnley,12,10
2014-15,BUR,Burnley,13,11
2014-15,BUR,Burnley,14,12
2014-15,BUR,Burnley,15,12
2014-15,BUR,Burnley,16,15
2014-15,BUR,Burnley,17,15
2014-15,BUR,Burnley,18,15
2014-15,BUR,Burnley,19,16
2014-15,BUR,Burnley,20,17
2014-15,BUR,Burnley,21,20
2014-15,BUR,Burnley,22,20
2014-15,BUR,Burnley,23,20
2014-15,BUR,Burnley,24,21
2014-15,BUR,Burnley,25,21
2014-15,BUR,Burnley,26,22
2014-15,BUR,Burnley,27,22
2014-15,BUR,Burnley,28,22
2014-15,BUR,Burnley,29,25
2014-15,BUR,Burnley,30,25
2014-15,BUR,Burnley,31,26
2014-15,BUR,Burnley,32,26
2014-15,BUR,Burnley,33,26
2014-15,BUR,Burnley,34,26
2014-15,BUR,Burnley,35,26
2014-15,BUR,Burnley,36,29
2014-15,BUR,Burnley,37,30
2014-15,BUR,Burnley,38,33
2014-15,CHE,Chelsea,1,3
2014-15,CHE,Chelsea,2,6
2014-15,CHE,Chelsea,3,9
2014-15,CHE,Chelsea,4,12
2014-15,CHE,Chelsea,5,13
2014-15,CHE,Chelsea,6,16
2014-15,CHE,Chelsea,7,19
2014-15,CHE,Chelsea,8,22
2014-15,CHE,Chelsea,9,23
2014-15,CHE,Chelsea,10,26
2014-15,CHE,Chelsea,11,29
2014-15,CHE,Chelsea,12,32
2014-15,CHE,Chelsea,13,33
2014-15,CHE,Chelsea,14,36
2014-15,CHE,Chelsea,15,36
2014-15,CHE,Chelsea,16,39
2014-15,CHE,Chelsea,17,42
2014-15,CHE,Chelsea,18,45
2014-15,CHE,Chelsea,19,46
2014-15,CHE,Chelsea,20,46
2014-15,CHE,Chelsea,21,49
2014-15,CHE,Chelsea,22,52
2014-15,CHE,Chelsea,23,53
2014-15,CHE,Chelsea,24,56
2014-15,CHE,Chelsea,25,59
2014-15,CHE,Chelsea,26,60
2014-15,CHE,Chelsea,27,63
2014-15,CHE,Chelsea,28,64
2014-15,CHE,Chelsea,29,67
2014-15,CHE,Chelsea,30,70
2014-15,CHE,Chelsea,31,73
2014-15,CHE,Chelsea,32,76
2014-15,CHE,Chelsea,33,77
2014-15,CHE,Chelsea,34,80
2014-15,CHE,Chelsea,35,83
2014-15,CHE,Chelsea,36,84
2014-15,CHE,Chelsea,37,84
2014-15,CHE,Chelsea,38,87
2014-15,CRY,Crystal Palace,1,0
2014-15,CRY,Crystal Palace,2,0
2014-15,CRY,Crystal Palace,3,1
2014-15,CRY,Crystal Palace,4,2
2014-15,CRY,Crystal Palace,5,5
2014-15,CRY,Crystal Palace,6,8
2014-15,CRY,Crystal Palace,7,8
2014-15,CRY,Crystal Palace,8,8
2014-15,CRY,Crystal Palace,9,9
2014-15,CRY,Crystal Palace,10,9
2014-15,CRY,Crystal Palace,11,9
2014-15,CRY,Crystal Palace,12,12
2014-15,CRY,Crystal Palace,13,13
2014-15,CRY,Crystal Palace,14,13
2014-15,CRY,Crystal Palace,15,14
2014-15,CRY,Crystal Palace,16,15
2014-15,CRY,Crystal Palace,17,15
2014-15,CRY,Crystal Palace,18,15
2014-15,CRY,Crystal Palace,19,16
2014-15,CRY,Crystal Palace,20,17
2014-15,CRY,Crystal Palace,21,20
2014-15,CRY,Crystal Palace,22,23
2014-15,CRY,Crystal Palace,23,23
2014-15,CRY,Crystal Palace,24,26
2014-15,CRY,Crystal Palace,25,27
2014-15,CRY,Crystal Palace,26,27
2014-15,CRY,Crystal Palace,27,30
2014-15,CRY,Crystal Palace,28,30
2014-15,CRY,Crystal Palace,29,33
2014-15,CRY,Crystal Palace,30,36
2014-15,CRY,Crystal Palace,31,39
2014-15,CRY,Crystal Palace,32,42
2014-15,CRY,Crystal Palace,33,42
2014-15,CRY,Crystal Palace,34,42
2014-15,CRY,Crystal Palace,35,42
2014-15,CRY,Crystal Palace,36,42
2014-15,CRY,Crystal Palace,37,45
2014-15,CRY,Crystal Palace,38,48
2014-15,EVE,Everton,1,1
2014-15,EVE,Everton,2,2
2014-15,EVE,Everton,3,2
2014-15,EVE,Everton,4,5
2014-15,EVE,Everton,5,5
2014-15,EVE,Everton,6,6
2014-15,EVE,Everton,7,6
2014-15,EVE,Everton,8,9
2014-15,EVE,Everton,9,12
2014-15,EVE,Everton,10,13
2014-15,EVE,Everton,11,14
2014-15,EVE,Everton,12,17
2014-15,EVE,Everton,13,17
2014-15,EVE,Everton,14,18
2014-15,EVE,Everton,15,18
2014-15,EVE,Everton,16,21
2014-15,EVE,Everton,17,21
2014-15,EVE,Everton,18,21
2014-15,EVE,Everton,19,21
2014-15,EVE,Everton,20,21
2014-15,EVE,Everton,21,22
2014-15,EVE,Everton,22,23
2014-15,EVE,Everton,23,26
2014-15,EVE,Everton,24,27
2014-15,EVE,Everton,25,27
2014-15,EVE,Everton,26,28
2014-15,EVE,Everton,27,28
2014-15,EVE,Everton,28,28
2014-15,EVE,Everton,29,31
2014-15,EVE,Everton,30,34
2014-15,EVE,Everton,31,37
2014-15,EVE,Everton,32,38
2014-15,EVE,Everton,33,41
2014-15,EVE,Everton,34,44
2014-15,EVE,Everton,35,44
2014-15,EVE,Everton,36,44
2014-15,EVE,Everton,37,47
2014-15,EVE,Everton,38,47
2014-15,HUL,Hull City,1,3
2014-15,HUL,Hull City,2,4
2014-15,HUL,Hull City,3,4
2014-15,HUL,Hull City,4,5
2014-15,HUL,Hull City,5,6
2014-15,HUL,Hull City,6,6
2014-15,HUL,Hull City,7,9
2014-15,HUL,Hull City,8,10
2014-15,HUL,Hull City,9,11
2014-15,HUL,Hull City,10,11
2014-15,HUL,Hull City,11,11
2014-15,HUL,Hull City,12,11
2014-15,HUL,Hull City,13,11
2014-15,HUL,Hull City,14,12
2014-15,HUL,Hull City,15,13
2014-15,HUL,Hull City,16,13
2014-15,HUL,Hull City,17,13
2014-15,HUL,Hull City,18,16
2014-15,HUL,Hull City,19,16
2014-15,HUL,Hull City,20,19
2014-15,HUL,Hull City,21,19
2014-15,HUL,Hull City,22,19
2014-15,HUL,Hull City,23,19
2014-15,HUL,Hull City,24,20
2014-15,HUL,Hull City,25,23
2014-15,HUL,Hull City,26,26
2014-15,HUL,Hull City,27,26
2014-15,HUL,Hull City,28,27
2014-15,HUL,Hull City,29,28
2014-15,HUL,Hull City,30,28
2014-15,HUL,Hull City,31,28
2014-15,HUL,Hull City,32,28
2014-15,HUL,Hull City,33,31
2014-15,HUL,Hull City,34,34
2014-15,HUL,Hull City,35,34
2014-15,HUL,Hull City,36,34
2014-15,HUL,Hull City,37,34
2014-15,HUL,Hull City,38,35
2014-15,LEI,Leicester City,1,1
2014-15,LEI,Leicester City,2,1
2014-15,LEI,Leicester City,3,2
2014-15,LEI,Leicester City,4,5
2014-15,LEI,Leicester City,5,8
2014-15,LEI,Leicester City,6,8
2014-15,LEI,Leicester City,7,9
2014-15,LEI,Leicester City,8,9
2014-15,LEI,Leicester City,9,9
2014-15,LEI,Leicester City,10,9
2014-15,LEI,Leicester City,11,9
2014-15,LEI,Leicester City,12,10
2014-15,LEI,Leicester City,13,10
2014-15,LEI,Leicester City,14,10
2014-15,LEI,Leicester City,15,10
2014-15,LEI,Leicester City,16,10
2014-15,LEI,Leicester City,17,10
2014-15,LEI,Leicester City,18,10
2014-15,LEI,Leicester City,19,13
2014-15,LEI,Leicester City,20,14
2014-15,LEI,Leicester City,21,17
2014-15,LEI,Leicester City,22,17
2014-15,LEI,Leicester City,23,17
2014-15,LEI,Leicester City,24,17
2014-15,LEI,Leicester City,25,17
2014-15,LEI,Leicester City,26,18
2014-15,LEI,Leicester City,27,18
2014-15,LEI,Leicester City,28,19
2014-15,LEI,Leicester City,29,19
2014-15,LEI,Leicester City,30,22
2014-15,LEI,Leicester City,31,25
2014-15,LEI,Leicester City,32,28
2014-15,LEI,Leicester City,33,31
2014-15,LEI,Leicester City,34,31
2014-15,LEI,Leicester City,35,34
2014-15,LEI,Leicester City,36,37
2014-15,LEI,Leicester City,37,38
2014-15,LEI,Leicester City,38,41
2014-15,LIV,Liverpool,1,3
2014-15,LIV,Liverpool,2,3
2014-15,LIV,Liverpool,3,6
2014-15,LIV,Liverpool,4,6
2014-15,LIV,Liverpool,5,6
2014-15,LIV,Liverpool,6,7
2014-15,LIV,Liverpool,7,10
2014-15,LIV,Liverpool,8,13
2014-15,LIV,Liverpool,9,14
2014-15,LIV,Liverpool,10,14
2014-15,LIV,Liverpool,11,14
2014-15,LIV,Liverpool,12,14
2014-15,LIV,Liverpool,13,17
2014-15,LIV,Liverpool,14,20
2014-15,LIV,Liverpool,15,21
2014-15,LIV,Liverpool,16,21
2014-15,LIV,Liverpool,17,22
2014-15,LIV,Liverpool,18,25
2014-15,LIV,Liverpool,19,28
2014-15,LIV,Liverpool,20,29
2014-15,LIV,Liverpool,21,32
2014-15,LIV,Liverpool,22,35
2014-15,LIV,Liverpool,23,38
2014-15,LIV,Liverpool,24,39
2014-15,LIV,Liverpool,25,42
2014-15,LIV,Liverpool,26,45
2014-15,LIV,Liverpool,27,48
2014-15,LIV,Liverpool,28,51
2014-15,LIV,Liverpool,29,54
2014-15,LIV,Liverpool,30,54
2014-15,LIV,Liverpool,31,54
2014-15,LIV,Liverpool,32,57
2014-15,LIV,Liverpool,33,58
2014-15,LIV,Liverpool,34,58
2014-15,LIV,Liverpool,35,61
2014-15,LIV,Liverpool,36,62
2014-15,LIV,Liverpool,37,62
2014-15,LIV,Liverpool,38,62
2014-15,MCI,Manchester City,1,3
2014-15,MCI,Manchester City,2,6
2014-15,MCI,Manchester City,3,6
2014-15,MCI,Manchester City,4,7
2014-15,MCI,Manchester City,5,8
2014-15,MCI,Manchester City,6,11
2014-15,MCI,Manchester City,7,14
2014-15,MCI,Manchester City,8,17
2014-15,MCI,Manchester City,9,17
2014-15,MCI,Manchester City,10,20
2014-15,MCI,Manchester City,11,21
2014-15,MCI,Manchester City,12,24
2014-15,MCI,Manchester City,13,27
2014-15,MCI,Manchester City,14,30
2014-15,MCI,Manchester City,15,33
2014-15,MCI,Manchester City,16,36
2014-15,MCI,Manchester City,17,39
2014-15,MCI,Manchester City,18,42
2014-15,MCI,Manchester City,19,43
2014-15,MCI,Manchester City,20,46
2014-15,MCI,Manchester City,21,47
2014-15,MCI,Manchester City,22,47
2014-15,MCI,Manchester City,23,48
2014-15,MCI,Manchester City,24,49
2014-15,MCI,Manchester City,25,52
2014-15,MCI,Manchester City,26,55
2014-15,MCI,Manchester City,27,55
2014-15,MCI,Manchester City,28,58
2014-15,MCI,Manchester City,29,58
2014-15,MCI,Manchester City,30,61
2014-15,MCI,Manchester City,31,61
2014-15,MCI,Manchester City,32,61
2014-15,MCI,Manchester City,33,64
2014-15,MCI,Manchester City,34,67
2014-15,MCI,Manchester City,35,70
2014-15,MCI,Manchester City,36,73
2014-15,MCI,Manchester City,37,76
2014-15,MCI,Manchester City,38,79
2014-15,MUN,Manchester United,1,0
2014-15,MUN,Manchester United,2,1
2014-15,MUN,Manchester United,3,2
2014-15,MUN,Manchester United,4,5
2014-15,MUN,Manchester United,5,5
2014-15,MUN,Manchester United,6,8
2014-15,MUN,Manchester United,7,11
2014-15,MUN,Manchester United,8,12
2014-15,MUN,Manchester United,9,13
2014-15,MUN,Manchester United,10,13
2014-15,MUN,Manchester United,11,16
2014-15,MUN,Manchester United,12,19
2014-15,MUN,Manchester United,13,22
2014-15,MUN,Manchester United,14,25
2014-15,MUN,Manchester United,15,28
2014-15,MUN,Manchester United,16,31
2014-15,MUN,Manchester United,17,32
2014-15,MUN,Manchester United,18,35
2014-15,MUN,Manchester United,19,36
2014-15,MUN,Manchester United,20,37
2014-15,MUN,Manchester United,21,37
2014-15,MUN,Manchester United,22,40
2014-15,MUN,Manchester United,23,43
2014-15,MUN,Manchester United,24,44
2014-15,MUN,Manchester United,25,47
2014-15,MUN,Manchester United,26,47
2014-15,MUN,Manchester United,27,50
2014-15,MUN,Manchester United,28,53
2014-15,MUN,Manchester United,29,56
2014-15,MUN,Manchester United,30,59
2014-15,MUN,Manchester United,31,62
2014-15,MUN,Manchester United,32,65
2014-15,MUN,Manchester United,33,65
2014-15,MUN,Manchester United,34,65
2014-15,MUN,Manchester United,35,65
2014-15,MUN,Manchester United,36,68
2014-15,MUN,Manchester United,37,69
2014-15,MUN,Manchester United,38,70
2014-15,NEW,Newcastle United,1,0
2014-15,NEW,Newcastle United,2,1
2014-15,NEW,Newcastle United,3,2
2014-15,NEW,Newcastle United,4,2
2014-15,NEW,Newcastle United,5,3
2014-15,NEW,Newcastle United,6,3
2014-15,NEW,Newcastle United,7,4
2014-15,NEW,Newcastle United,8,7
2014-15,NEW,Newcastle United,9,10
2014-15,NEW,Newcastle United,10,13
2014-15,NEW,Newcastle United,11,16
2014-15,NEW,Newcastle United,12,19
2014-15,NEW,Newcastle United,13,19
2014-15,NEW,Newcastle United,14,20
2014-15,NEW,Newcastle United,15,23
2014-15,NEW,Newcastle United,16,23
2014-15,NEW,Newcastle United,17,23
2014-15,NEW,Newcastle United,18,23
2014-15,NEW,Newcastle United,19,26
2014-15,NEW,Newcastle United,20,27
2014-15,NEW,Newcastle United,21,27
2014-15,NEW,Newcastle United,22,27
2014-15,NEW,Newcastle United,23,30
2014-15,NEW,Newcastle United,24,31
2014-15,NEW,Newcastle United,25,32
2014-15,NEW,Newcastle United,26,32
2014-15,NEW,Newcastle United,27,35
2014-15,NEW,Newcastle United,28,35
2014-15,NEW,Newcastle United,29,35
2014-15,NEW,Newcastle United,30,35
2014-15,NEW,Newcastle United,31,35
2014-15,NEW,Newcastle United,32,35
2014-15,NEW,Newcastle United,33,35
2014-15,NEW,Newcastle United,34,35
2014-15,NEW,Newcastle United,35,35
2014-15,NEW,Newcastle United,36,36
2014-15,NEW,Newcastle United,37,36
2014-15,NEW,Newcastle United,38,39
2014-15,QPR,Queens Park Rangers,1,0
2014-15,QPR,Queens Park Rangers,2,0
2014-15,QPR,Queens Park Rangers,3,3
2014-15,QPR,Queens Park Rangers,4,3
2014-15,QPR,Queens Park Rangers,5,4
2014-15,QPR,Queens Park Rangers,6,4
2014-15,QPR,Queens Park Rangers,7,4
2014-15,QPR,Queens Park Rangers,8,4
2014-15,QPR,Queens Park Rangers,9,7
2014-15,QPR,Queens Park Rangers,10,7
2014-15,QPR,Queens Park Rangers,11,8
2014-15,QPR,Queens Park Rangers,12,8
2014-15,QPR,Queens Park Rangers,13,11
2014-15,QPR,Queens Park Rangers,14,11
2014-15,QPR,Queens Park Rangers,15,14
2014-15,QPR,Queens Park Rangers,16,14
2014-15,QPR,Queens Park Rangers,17,17
2014-15,QPR,Queens Park Rangers,18,17
2014-15,QPR,Queens Park Rangers,19,18
2014-15,QPR,Queens Park Rangers,20,19
2014-15,QPR,Queens Park Rangers,21,19
2014-15,QPR,Queens Park Rangers,22,19
2014-15,QPR,Queens Park Rangers,23,19
2014-15,QPR,Queens Park Rangers,24,19
2014-15,QPR,Queens Park Rangers,25,22
2014-15,QPR,Queens Park Rangers,26,22
2014-15,QPR,Queens Park Rangers,27,22
2014-15,QPR,Queens Park Rangers,28,22
2014-15,QPR,Queens Park Rangers,29,22
2014-15,QPR,Queens Park Rangers,30,22
2014-15,QPR,Queens Park Rangers,31,25
2014-15,QPR,Queens Park Rangers,32,26
2014-15,QPR,Queens Park Rangers,33,26
2014-15,QPR,Queens Park Rangers,34,27
2014-15,QPR,Queens Park Rangers,35,27
2014-15,QPR,Queens Park Rangers,36,27
2014-15,QPR,Queens Park Rangers,37,30
2014-15,QPR,Queens Park Rangers,38,30
2014-15,SOU,Southampton,1,0
2014-15,SOU,Southampton,2,1
2014-15,SOU,Southampton,3,4
2014-15,SOU,Southampton,4,7
2014-15,SOU,Southampton,5,10
2014-15,SOU,Southampton,6,13
2014-15,SOU,Southampton,7,13
2014-15,SOU,Southampton,8,16
2014-15,SOU,Southampton,9,19
2014-15,SOU,Southampton,10,22
2014-15,SOU,Southampton,11,25
2014-15,SOU,Southampton,12,26
2014-15,SOU,Southampton,13,26
2014-15,SOU,Southampton,14,26
2014-15,SOU,Southampton,15,26
2014-15,SOU,Southampton,16,26
2014-15,SOU,Southampton,17,29
2014-15,SOU,Southampton,18,32
2014-15,SOU,Southampton,19,33
2014-15,SOU,Southampton,20,36
2014-15,SOU,Southampton,21,39
2014-15,SOU,Southampton,22,42
2014-15,SOU,Southampton,23,42
2014-15,SOU,Southampton,24,45
2014-15,SOU,Southampton,25,46
2014-15,SOU,Southampton,26,46
2014-15,SOU,Southampton,27,46
2014-15,SOU,Southampton,28,49
2014-15,SOU,Southampton,29,50
2014-15,SOU,Southampton,30,53
2014-15,SOU,Southampton,31,53
2014-15,SOU,Southampton,32,56
2014-15,SOU,Southampton,33,56
2014-15,SOU,Southampton,34,57
2014-15,SOU,Southampton,35,57
2014-15,SOU,Southampton,36,57
2014-15,SOU,Southampton,37,60
2014-15,SOU,Southampton,38,60
2014-15,STO,Stoke City,1,0
2014-15,STO,Stoke City,2,1
2014-15,STO,Stoke City,3,4
2014-15,STO,Stoke City,4,4
2014-15,STO,Stoke City,5,5
2014-15,STO,Stoke City,6,8
2014-15,STO,Stoke City,7,8
2014-15,STO,Stoke City,8,11
2014-15,STO,Stoke City,9,11
2014-15,STO,Stoke City,10,12
2014-15,STO,Stoke City,11,15
2014-15,STO,Stoke City,12,15
2014-15,STO,Stoke City,13,15
2014-15,STO,Stoke City,14,15
2014-15,STO,Stoke City,15,18
2014-15,STO,Stoke City,16,19
2014-15,STO,Stoke City,17,19
2014-15,STO,Stoke City,18,22
2014-15,STO,Stoke City,19,25
2014-15,STO,Stoke City,20,26
2014-15,STO,Stoke City,21,26
2014-15,STO,Stoke City,22,29
2014-15,STO,Stoke City,23,32
2014-15,STO,Stoke City,24,33
2014-15,STO,Stoke City,25,33
2014-15,STO,Stoke City,26,36
2014-15,STO,Stoke City,27,39
2014-15,STO,Stoke City,28,42
2014-15,STO,Stoke City,29,42
2014-15,STO,Stoke City,30,42
2014-15,STO,Stoke City,31,42
2014-15,STO,Stoke City,32,43
2014-15,STO,Stoke City,33,46
2014-15,STO,Stoke City,34,47
2014-15,STO,Stoke City,35,47
2014-15,STO,Stoke City,36,50
2014-15,STO,Stoke City,37,51
2014-15,STO,Stoke City,38,54
2014-15,SUN,Sunderland,1,1
2014-15,SUN,Sunderland,2,2
2014-15,SUN,Sunderland,3,2
2014-15,SUN,Sunderland,4,3
2014-15,SUN,Sunderland,5,4
2014-15,SUN,Sunderland,6,5
2014-15,SUN,Sunderland,7,8
2014-15,SUN,Sunderland,8,8
2014-15,SUN,Sunderland,9,8
2014-15,SUN,Sunderland,10,11
2014-15,SUN,Sunderland,11,12
2014-15,SUN,Sunderland,12,13
2014-15,SUN,Sunderland,13,14
2014-15,SUN,Sunderland,14,14
2014-15,SUN,Sunderland,15,15
2014-15,SUN,Sunderland,16,16
2014-15,SUN,Sunderland,17,19
2014-15,SUN,Sunderland,18,19
2014-15,SUN,Sunderland,19,20
2014-15,SUN,Sunderland,20,20
2014-15,SUN,Sunderland,21,20
2014-15,SUN,Sunderland,22,20
2014-15,SUN,Sunderland,23,23
2014-15,SUN,Sunderland,24,24
2014-15,SUN,Sunderland,25,24
2014-15,SUN,Sunderland,26,25
2014-15,SUN,Sunderland,27,25
2014-15,SUN,Sunderland,28,26
2014-15,SUN,Sunderland,29,26
2014-15,SUN,Sunderland,30,26
2014-15,SUN,Sunderland,31,29
2014-15,SUN,Sunderland,32,29
2014-15,SUN,Sunderland,33,30
2014-15,SUN,Sunderland,34,33
2014-15,SUN,Sunderland,35,36
2014-15,SUN,Sunderland,36,37
2014-15,SUN,Sunderland,37,38
2014-15,SUN,Sunderland,38,38
2014-15,SWA,Swansea City,1,3
2014-15,SWA,Swansea City,2,6
2014-15,SWA,Swansea City,3,9
2014-15,SWA,Swansea City,4,9
2014-15,SWA,Swansea City,5,9
2014-15,SWA,Swansea City,6,10
2014-15,SWA,Swansea City,7,11
2014-15,SWA,Swansea City,8,11
2014-15,SWA,Swansea City,9,14
2014-15,SWA,Swansea City,10,15
2014-15,SWA,Swansea City,11,18
2014-15,SWA,Swansea City,12,18
2014-15,SWA,Swansea City,13,19
2014-15,SWA,Swansea City,14,22
2014-15,SWA,Swansea City,15,22
2014-15,SWA,Swansea City,16,22
2014-15,SWA,Swansea City,17,25
2014-15,SWA,Swansea City,18,28
2014-15,SWA,Swansea City,19,28
2014-15,SWA,Swansea City,20,29
2014-15,SWA,Swansea City,21,30
2014-15,SWA,Swansea City,22,30
2014-15,SWA,Swansea City,23,33
2014-15,SWA,Swansea City,24,34
2014-15,SWA,Swansea City,25,34
2014-15,SWA,Swansea City,26,37
2014-15,SWA,Swansea City,27,40
2014-15,SWA,Swansea City,28,40
2014-15,SWA,Swansea City,29,40
2014-15,SWA,Swansea City,30,43
2014-15,SWA,Swansea City,31,46
2014-15,SWA,Swansea City,32,47
2014-15,SWA,Swansea City,33,47
2014-15,SWA,Swansea City,34,50
2014-15,SWA,Swansea City,35,53
2014-15,SWA,Swansea City,36,56
2014-15,SWA,Swansea City,37,56
2014-15,SWA,Swansea City,38,56
2014-15,TOT,Tottenham Hotspur,1,3
2014-15,TOT,Tottenham Hotspur,2,6
2014-15,TOT,Tottenham Hotspur,3,6
2014-15,TOT,Tottenham Hotspur,4,7
2014-15,TOT,Tottenham Hotspur,5,7
2014-15,TOT,Tottenham Hotspur,6,8
2014-15,TOT,Tottenham Hotspur,7,11
2014-15,TOT,Tottenham Hotspur,8,11
2014-15,TOT,Tottenham Hotspur,9,11
2014-15,TOT,Tottenham Hotspur,10,14
2014-15,TOT,Tottenham Hotspur,11,14
2014-15,TOT,Tottenham Hotspur,12,17
2014-15,TOT,Tottenham Hotspur,13,20
2014-15,TOT,Tottenham Hotspur,14,20
2014-15,TOT,Tottenham Hotspur,15,21
2014-15,TOT,Tottenham Hotspur,16,24
2014-15,TOT,Tottenham Hotspur,17,27
2014-15,TOT,Tottenham Hotspur,18,30
2014-15,TOT,Tottenham Hotspur,19,31
2014-15,TOT,Tottenham Hotspur,20,34
2014-15,TOT,Tottenham Hotspur,21,34
2014-15,TOT,Tottenham Hotspur,22,37
2014-15,TOT,Tottenham Hotspur,23,40
2014-15,TOT,Tottenham Hotspur,24,43
2014-15,TOT,Tottenham Hotspur,25,43
2014-15,TOT,Tottenham Hotspur,26,44
2014-15,TOT,Tottenham Hotspur,27,47
2014-15,TOT,Tottenham Hotspur,28,50
2014-15,TOT,Tottenham Hotspur,29,50
2014-15,TOT,Tottenham Hotspur,30,53
2014-15,TOT,Tottenham Hotspur,31,54
2014-15,TOT,Tottenham Hotspur,32,54
2014-15,TOT,Tottenham Hotspur,33,57
2014-15,TOT,Tottenham Hotspur,34,58
2014-15,TOT,Tottenham Hotspur,35,58
2014-15,TOT,Tottenham Hotspur,36,58
2014-15,TOT,Tottenham Hotspur,37,61
2014-15,TOT,Tottenham Hotspur,38,64
2014-15,WBA,West Bromwich Albion,1,1
2014-15,WBA,West Bromwich Albion,2,2
2014-15,WBA,West Bromwich Albion,3,2
2014-15,WBA,West Bromwich Albion,4,2
2014-15,WBA,West Bromwich Albion,5,5
2014-15,WBA,West Bromwich Albion,6,8
2014-15,WBA,West Bromwich Albion,7,8
2014-15,WBA,West Bromwich Albion,8,9
2014-15,WBA,West Bromwich Albion,9,10
2014-15,WBA,West Bromwich Albion,10,13
2014-15,WBA,West Bromwich Albion,11,13
2014-15,WBA,West Bromwich Albion,12,13
2014-15,WBA,West Bromwich Albion,13,13
2014-15,WBA,West Bromwich Albion,14,13
2014-15,WBA,West Bromwich Albion,15,14
2014-15,WBA,West Bromwich Albion,16,17
2014-15,WBA,West Bromwich Albion,17,17
2014-15,WBA,West Bromwich Albion,18,17
2014-15,WBA,West Bromwich Albion,19,17
2014-15,WBA,West Bromwich Albion,20,18
2014-15,WBA,West Bromwich Albion,21,21
2014-15,WBA,West Bromwich Albion,22,22
2014-15,WBA,West Bromwich Albion,23,22
2014-15,WBA,West Bromwich Albion,24,23
2014-15,WBA,West Bromwich Albion,25,26
2014-15,WBA,West Bromwich Albion,26,27
2014-15,WBA,West Bromwich Albion,27,30
2014-15,WBA,West Bromwich Albion,28,30
2014-15,WBA,West Bromwich Albion,29,33
2014-15,WBA,West Bromwich Albion,30,33
2014-15,WBA,West Bromwich Albion,31,33
2014-15,WBA,West Bromwich Albion,32,33
2014-15,WBA,West Bromwich Albion,33,36
2014-15,WBA,West Bromwich Albion,34,37
2014-15,WBA,West Bromwich Albion,35,40
2014-15,WBA,West Bromwich Albion,36,41
2014-15,WBA,West Bromwich Albion,37,44
2014-15,WBA,West Bromwich Albion,38,44
2014-15,WHU,West Ham United,1,0
2014-15,WHU,West Ham United,2,3
2014-15,WHU,West Ham United,3,3
2014-15,WHU,West Ham United,4,4
2014-15,WHU,West Ham United,5,7
2014-15,WHU,West Ham United,6,7
2014-15,WHU,West Ham United,7,10
2014-15,WHU,West Ham United,8,13
2014-15,WHU,West Ham United,9,16
2014-15,WHU,West Ham United,10,17
2014-15,WHU,West Ham United,11,18
2014-15,WHU,West Ham United,12,18
2014-15,WHU,West Ham United,13,21
2014-15,WHU,West Ham United,14,24
2014-15,WHU,West Ham United,15,27
2014-15,WHU,West Ham United,16,28
2014-15,WHU,West Ham United,17,31
2014-15,WHU,West Ham United,18,31
2014-15,WHU,West Ham United,19,31
2014-15,WHU,West Ham United,20,32
2014-15,WHU,West Ham United,21,33
2014-15,WHU,West Ham United,22,36
2014-15,WHU,West Ham United,23,36
2014-15,WHU,West Ham United,24,37
2014-15,WHU,West Ham United,25,38
2014-15,WHU,West Ham United,26,39
2014-15,WHU,West Ham United,27,39
2014-15,WHU,West Ham United,28,39
2014-15,WHU,West Ham United,29,39
2014-15,WHU,West Ham United,30,42
2014-15,WHU,West Ham United,31,42
2014-15,WHU,West Ham United,32,43
2014-15,WHU,West Ham United,33,43
2014-15,WHU,West Ham United,34,44
2014-15,WHU,West Ham United,35,47
2014-15,WHU,West Ham United,36,47
2014-15,WHU,West Ham United,37,47
2014-15,WHU,West Ham United,38,47
2015-16,ARS,Arsenal,1,0
2015-16,ARS,Arsenal,2,3
2015-16,ARS,Arsenal,3,4
2015-16,ARS,Arsenal,4,7
2015-16,ARS,Arsenal,5,10
2015-16,ARS,Arsenal,6,10
2015-16,ARS,Arsenal,7,13
2015-16,ARS,Arsenal,8,16
2015-16,ARS,Arsenal,9,19
2015-16,ARS,Arsenal,10,22
2015-16,ARS,Arsenal,11,25
2015-16,ARS,Arsenal,12,26
2015-16,ARS,Arsenal,13,26
2015-16,ARS,Arsenal,14,27
2015-16,ARS,Arsenal,15,30
2015-16,ARS,Arsenal,16,33
2015-16,ARS,Arsenal,17,36
2015-16,ARS,Arsenal,18,36
2015-16,ARS,Arsenal,19,39
2015-16,ARS,Arsenal,20,42
2015-16,ARS,Arsenal,21,43
2015-16,ARS,Arsenal,22,44
2015-16,ARS,Arsenal,23,44
2015-16,ARS,Arsenal,24,45
2015-16,ARS,Arsenal,25,48
2015-16,ARS,Arsenal,26,51
2015-16,ARS,Arsenal,27,51
2015-16,ARS,Arsenal,28,51
2015-16,ARS,Arsenal,29,52
2015-16,ARS,Arsenal,30,55
2015-16,ARS,Arsenal,31,58
2015-16,ARS,Arsenal,32,59
2015-16,ARS,Arsenal,33,60
2015-16,ARS,Arsenal,34,63
2015-16,ARS,Arsenal,35,64
2015-16,ARS,Arsenal,36,67
2015-16,ARS,Arsenal,37,68
2015-16,ARS,Arsenal,38,71
2015-16,AVL,Aston Villa,1,3
2015-16,AVL,Aston Villa,2,3
2015-16,AVL,Aston Villa,3,3
2015-16,AVL,Aston Villa,4,4
2015-16,AVL,Aston Villa,5,4
2015-16,AVL,Aston Villa,6,4
2015-16,AVL,Aston Villa,7,4
2015-16,AVL,Aston Villa,8,4
2015-16,AVL,Aston Villa,9,4
2015-16,AVL,Aston Villa,10,4
2015-16,AVL,Aston Villa,11,4
2015-16,AVL,Aston Villa,12,5
2015-16,AVL,Aston Villa,13,5
2015-16,AVL,Aston Villa,14,5
2015-16,AVL,Aston Villa,15,6
2015-16,AVL,Aston Villa,16,6
2015-16,AVL,Aston Villa,17,7
2015-16,AVL,Aston Villa,18,8
2015-16,AVL,Aston Villa,19,8
2015-16,AVL,Aston Villa,20,8
2015-16,AVL,Aston Villa,21,11
2015-16,AVL,Aston Villa,22,12
2015-16,AVL,Aston Villa,23,13
2015-16,AVL,Aston Villa,24,13
2015-16,AVL,Aston Villa,25,16
2015-16,AVL,Aston Villa,26,16
2015-16,AVL,Aston Villa,27,16
2015-16,AVL,Aston Villa,28,16
2015-16,AVL,Aston Villa,29,16
2015-16,AVL,Aston Villa,30,16
2015-16,AVL,Aston Villa,31,16
2015-16,AVL,Aston Villa,32,16
2015-16,AVL,Aston Villa,33,16
2015-16,AVL,Aston Villa,34,16
2015-16,AVL,Aston Villa,35,16
2015-16,AVL,Aston Villa,36,16
2015-16,AVL,Aston Villa,37,17
2015-16,AVL,Aston Villa,38,17
2015-16,BOU,Bournemouth,1,0
2015-16,BOU,Bournemouth,2,0
2015-16,BOU,Bournemouth,3,3
2015-16,BOU,Bournemouth,4,4
2015-16,BOU,Bournemouth,5,4
2015-16,BOU,Bournemouth,6,7
2015-16,BOU,Bournemouth,7,7
2015-16,BOU,Bournemouth,8,8
2015-16,BOU,Bournemouth,9,8
2015-16,BOU,Bournemouth,10,8
2015-16,BOU,Bournemouth,11,8
2015-16,BOU,Bournemouth,12,8
2015-16,BOU,Bournemouth,13,9
2015-16,BOU,Bournemouth,14,10
2015-16,BOU,Bournemouth,15,13
2015-16,BOU,Bournemouth,16,16
2015-16,BOU,Bournemouth,17,19
2015-16,BOU,Bournemouth,18,20
2015-16,BOU,Bournemouth,19,20
2015-16,BOU,Bournemouth,20,21
2015-16,BOU,Bournemouth,21,21
2015-16,BOU,Bournemouth,22,24
2015-16,BOU,Bournemouth,23,25
2015-16,BOU,Bournemouth,24,28
2015-16,BOU,Bournemouth,25,28
2015-16,BOU,Bournemouth,26,28
2015-16,BOU,Bournemouth,27,29
2015-16,BOU,Bournemouth,28,32
2015-16,BOU,Bournemouth,29,35
2015-16,BOU,Bournemouth,30,38
2015-16,BOU,Bournemouth,31,38
2015-16,BOU,Bournemouth,32,38
2015-16,BOU,Bournemouth,33,41
2015-16,BOU,Bournemouth,34,41
2015-16,BOU,Bournemouth,35,41
2015-16,BOU,Bournemouth,36,41
2015-16,BOU,Bournemouth,37,42
2015-16,BOU,Bournemouth,38,42
2015-16,CHE,Chelsea,1,1
2015-16,CHE,Chelsea,2,1
2015-16,CHE,Chelsea,3,4
2015-16,CHE,Chelsea,4,4
2015-16,CHE,Chelsea,5,4
2015-16,CHE,Chelsea,6,7
2015-16,CHE,Chelsea,7,8
2015-16,CHE,Chelsea,8,8
2015-16,CHE,Chelsea,9,11
2015-16,CHE,Chelsea,10,11
2015-16,CHE,Chelsea,11,11
2015-16,CHE,Chelsea,12,11
2015-16,CHE,Chelsea,13,14
2015-16,CHE,Chelsea,14,15
2015-16,CHE,Chelsea,15,15
2015-16,CHE,Chelsea,16,15
2015-16,CHE,Chelsea,17,18
2015-16,CHE,Chelsea,18,19
2015-16,CHE,Chelsea,19,20
2015-16,CHE,Chelsea,20,23
2015-16,CHE,Chelsea,21,24
2015-16,CHE,Chelsea,22,25
2015-16,CHE,Chelsea,23,28
2015-16,CHE,Chelsea,24,29
2015-16,CHE,Chelsea,25,30
2015-16,CHE,Chelsea,26,33
2015-16,CHE,Chelsea,27,36
2015-16,CHE,Chelsea,28,39
2015-16,CHE,Chelsea,29,40
2015-16,CHE,Chelsea,30,41
2015-16,CHE,Chelsea,31,44
2015-16,CHE,Chelsea,32,44
2015-16,CHE,Chelsea,33,44
2015-16,CHE,Chelsea,34,47
2015-16,CHE,Chelsea,35,48
2015-16,CHE,Chelsea,36,48
2015-16,CHE,Chelsea,37,49
2015-16,CHE,Chelsea,38,50
2015-16,CRY,Crystal Palace,1,3
2015-16,CRY,Crystal Palace,2,3
2015-16,CRY,Crystal Palace,3,6
2015-16,CRY,Crystal Palace,4,9
2015-16,CRY,Crystal Palace,5,9
2015-16,CRY,Crystal Palace,6,9
2015-16,CRY,Crystal Palace,7,12
2015-16,CRY,Crystal Palace,8,15
2015-16,CRY,Crystal Palace,9,15
2015-16,CRY,Crystal Palace,10,15
2015-16,CRY,Crystal Palace,11,16
2015-16,CRY,Crystal Palace,12,19
2015-16,CRY,Crystal Palace,13,19
2015-16,CRY,Crystal Palace,14,22
2015-16,CRY,Crystal Palace,15,23
2015-16,CRY,Crystal Palace,16,26
2015-16,CRY,Crystal Palace,17,29
2015-16,CRY,Crystal Palace,18,30
2015-16,CRY,Crystal Palace,19,31
2015-16,CRY,Crystal Palace,20,31
2015-16,CRY,Crystal Palace,21,31
2015-16,CRY,Crystal Palace,22,31
2015-16,CRY,Crystal Palace,23,31
2015-16,CRY,Crystal Palace,24,31
2015-16,CRY,Crystal Palace,25,32
2015-16,CRY,Crystal Palace,26,32
2015-16,CRY,Crystal Palace,27,32
2015-16,CRY,Crystal Palace,28,33
2015-16,CRY,Crystal Palace,29,33
2015-16,CRY,Crystal Palace,30,33
2015-16,CRY,Crystal Palace,31,34
2015-16,CRY,Crystal Palace,32,37
2015-16,CRY,Crystal Palace,33,38
2015-16,CRY,Crystal Palace,34,39
2015-16,CRY,Crystal Palace,35,39
2015-16,CRY,Crystal Palace,36,39
2015-16,CRY,Crystal Palace,37,42
2015-16,CRY,Crystal Palace,38,42
2015-16,EVE,Everton,1,1
2015-16,EVE,Everton,2,4
2015-16,EVE,Everton,3,4
2015-16,EVE,Everton,4,5
2015-16,EVE,Everton,5,8
2015-16,EVE,Everton,6,9
2015-16,EVE,Everton,7,12
2015-16,EVE,Everton,8,13
2015-16,EVE,Everton,9,13
2015-16,EVE,Everton,10,13
2015-16,EVE,Everton,11,16
2015-16,EVE,Everton,12,17
2015-16,EVE,Everton,13,20
2015-16,EVE,Everton,14,21
2015-16,EVE,Everton,15,22
2015-16,EVE,Everton,16,23
2015-16,EVE,Everton,17,23
2015-16,EVE,Everton,18,26
2015-16,EVE,Everton,19,26
2015-16,EVE,Everton,20,27
2015-16,EVE,Everton,21,28
2015-16,EVE,Everton,22,29
2015-16,EVE,Everton,23,29
2015-16,EVE,Everton,24,32
2015-16,EVE,Everton,25,35
2015-16,EVE,Everton,26,35
2015-16,EVE,Everton,27,38
2015-16,EVE,Everton,28,38
2015-16,EVE,Everton,29,38
2015-16,EVE,Everton,30,38
2015-16,EVE,Everton,31,39
2015-16,EVE,Everton,32,40
2015-16,EVE,Everton,33,41
2015-16,EVE,Everton,34,41
2015-16,EVE,Everton,35,44
2015-16,EVE,Everton,36,44
2015-16,EVE,Everton,37,44
2015-16,EVE,Everton,38,47
2015-16,LEI,Leicester City,1,3
2015-16,LEI,Leicester City,2,6
2015-16,LEI,Leicester City,3,7
2015-16,LEI,Leicester City,4,8
2015-16,LEI,Leicester City,5,11
2015-16,LEI,Leicester City,6,12
2015-16,LEI,Leicester City,7,12
2015-16,LEI,Leicester City,8,15
2015-16,LEI,Leicester City,9,16
2015-16,LEI,Leicester City,10,19
2015-16,LEI,Leicester City,11,22
2015-16,LEI,Leicester City,12,25
2015-16,LEI,Leicester City,13,28
2015-16,LEI,Leicester City,14,29
2015-16,LEI,Leicester City,15,32
2015-16,LEI,Leicester City,16,35
2015-16,LEI,Leicester City,17,38
2015-16,LEI,Leicester City,18,38
2015-16,LEI,Leicester City,19,39
2015-16,LEI,Leicester City,20,40
2015-16,LEI,Leicester City,21,43
2015-16,LEI,Leicester City,22,44
2015-16,LEI,Leicester City,23,47
2015-16,LEI,Leicester City,24,50
2015-16,LEI,Leicester City,25,53
2015-16,LEI,Leicester City,26,53
2015-16,LEI,Leicester City,27,56
2015-16,LEI,Leicester City,28,57
2015-16,LEI,Leicester City,29,60
2015-16,LEI,Leicester City,30,63
2015-16,LEI,Leicester City,31,66
2015-16,LEI,Leicester City,32,69
2015-16,LEI,Leicester City,33,72
2015-16,LEI,Leicester City,34,73
2015-16,LEI,Leicester City,35,76
2015-16,LEI,Leicester City,36,77
2015-16,LEI,Leicester City,37,80
2015-16,LEI,Leicester City,38,81
2015-16,LIV,Liverpool,1,3
2015-16,LIV,Liverpool,2,6
2015-16,LIV,Liverpool,3,7
2015-16,LIV,Liverpool,4,7
2015-16,LIV,Liverpool,5,7
2015-16,LIV,Liverpool,6,8
2015-16,LIV,Liverpool,7,11
2015-16,LIV,Liverpool,8,12
2015-16,LIV,Liverpool,9,13
2015-16,LIV,Liverpool,10,14
2015-16,LIV,Liverpool,11,17
2015-16,LIV,Liverpool,12,17
2015-16,LIV,Liverpool,13,20
2015-16,LIV,Liverpool,14,23
2015-16,LIV,Liverpool,15,23
2015-16,LIV,Liverpool,16,24
2015-16,LIV,Liverpool,17,24
2015-16,LIV,Liverpool,18,27
2015-16,LIV,Liverpool,19,30
2015-16,LIV,Liverpool,20,30
2015-16,LIV,Liverpool,21,31
2015-16,LIV,Liverpool,22,31
2015-16,LIV,Liverpool,23,34
2015-16,LIV,Liverpool,24,34
2015-16,LIV,Liverpool,25,35
2015-16,LIV,Liverpool,26,38
2015-16,LIV,Liverpool,27,41
2015-16,LIV,Liverpool,28,44
2015-16,LIV,Liverpool,29,44
2015-16,LIV,Liverpool,30,45
2015-16,LIV,Liverpool,31,48
2015-16,LIV,Liverpool,32,51
2015-16,LIV,Liverpool,33,54
2015-16,LIV,Liverpool,34,55
2015-16,LIV,Liverpool,35,55
2015-16,LIV,Liverpool,36,58
2015-16,LIV,Liverpool,37,59
2015-16,LIV,Liverpool,38,60
2015-16,MCI,Manchester City,1,3
2015-16,MCI,Manchester City,2,6
2015-16,MCI,Manchester City,3,9
2015-16,MCI,Manchester City,4,12
2015-16,MCI,Manchester City,5,15
2015-16,MCI,Manchester City,6,15
2015-16,MCI,Manchester City,7,15
2015-16,MCI,Manchester City,8,18
2015-16,MCI,Manchester City,9,21
2015-16,MCI,Manchester City,10,22
2015-16,MCI,Manchester City,11,25
2015-16,MCI,Manchester City,12,26
2015-16,MCI,Manchester City,13,26
2015-16,MCI,Manchester City,14,29
2015-16,MCI,Manchester City,15,29
2015-16,MCI,Manchester City,16,32
2015-16,MCI,Manchester City,17,32
2015-16,MCI,Manchester City,18,35
2015-16,MCI,Manchester City,19,36
2015-16,MCI,Manchester City,20,39
2015-16,MCI,Manchester City,21,40
2015-16,MCI,Manchester City,22,43
2015-16,MCI,Manchester City,23,44
2015-16,MCI,Manchester City,24,47
2015-16,MCI,Manchester City,25,47
2015-16,MCI,Manchester City,26,47
2015-16,MCI,Manchester City,27,47
2015-16,MCI,Manchester City,28,50
2015-16,MCI,Manchester City,29,51
2015-16,MCI,Manchester City,30,51
2015-16,MCI,Manchester City,31,54
2015-16,MCI,Manchester City,32,57
2015-16,MCI,Manchester City,33,60
2015-16,MCI,Manchester City,34,61
2015-16,MCI,Manchester City,35,64
2015-16,MCI,Manchester City,36,64
2015-16,MCI,Manchester City,37,65
2015-16,MCI,Manchester City,38,66
2015-16,MUN,Manchester United,1,3
2015-16,MUN,Manchester United,2,6
2015-16,MUN,Manchester United,3,7
2015-16,MUN,Manchester United,4,7
2015-16,MUN,Manchester United,5,10
2015-16,MUN,Manchester United,6,13
2015-16,MUN,Manchester United,7,16
2015-16,MUN,Manchester United,8,16
2015-16,MUN,Manchester United,9,19
2015-16,MUN,Manchester United,10,20
2015-16,MUN,Manchester United,11,21
2015-16,MUN,Manchester United,12,24
2015-16,MUN,Manchester United,13,27
2015-16,MUN,Manchester United,14,28
2015-16,MUN,Manchester United,15,29
2015-16,MUN,Manchester United,16,29
2015-16,MUN,Manchester United,17,29
2015-16,MUN,Manchester United,18,29
2015-16,MUN,Manchester United,19,30
2015-16,MUN,Manchester United,20,33
2015-16,MUN,Manchester United,21,34
2015-16,MUN,Manchester United,22,37
2015-16,MUN,Manchester United,23,37
2015-16,MUN,Manchester United,24,40
2015-16,MUN,Manchester United,25,41
2015-16,MUN,Manchester United,26,41
2015-16,MUN,Manchester United,27,44
2015-16,MUN,Manchester United,28,47
2015-16,MUN,Manchester United,29,47
2015-16,MUN,Manchester United,30,50
2015-16,MUN,Manchester United,31,53
2015-16,MUN,Manchester United,32,53
2015-16,MUN,Manchester United,33,56
2015-16,MUN,Manchester United,34,59
2015-16,MUN,Manchester United,35,60
2015-16,MUN,Manchester United,36,63
2015-16,MUN,Manchester United,37,63
2015-16,MUN,Manchester United,38,66
2015-16,NEW,Newcastle United,1,1
2015-16,NEW,Newcastle United,2,1
2015-16,NEW,Newcastle United,3,2
2015-16,NEW,Newcastle United,4,2
2015-16,NEW,Newcastle United,5,2
2015-16,NEW,Newcastle United,6,2
2015-16,NEW,Newcastle United,7,3
2015-16,NEW,Newcastle United,8,3
2015-16,NEW,Newcastle United,9,6
2015-16,NEW,Newcastle United,10,6
2015-16,NEW,Newcastle United,11,7
2015-16,NEW,Newcastle United,12,10
2015-16,NEW,Newcastle United,13,10
2015-16,NEW,Newcastle United,14,10
2015-16,NEW,Newcastle United,15,13
2015-16,NEW,Newcastle United,16,16
2015-16,NEW,Newcastle United,17,17
2015-16,NEW,Newcastle United,18,17
2015-16,NEW,Newcastle United,19,17
2015-16,NEW,Newcastle United,20,17
2015-16,NEW,Newcastle United,21,18
2015-16,NEW,Newcastle United,22,21
2015-16,NEW,Newcastle United,23,21
2015-16,NEW,Newcastle United,24,21
2015-16,NEW,Newcastle United,25,24
2015-16,NEW,Newcastle United,26,24
2015-16,NEW,Newcastle United,27,24
2015-16,NEW,Newcastle United,28,24
2015-16,NEW,Newcastle United,29,24
2015-16,NEW,Newcastle United,30,25
2015-16,NEW,Newcastle United,31,25
2015-16,NEW,Newcastle United,32,25
2015-16,NEW,Newcastle United,33,28
2015-16,NEW,Newcastle United,34,29
2015-16,NEW,Newcastle United,35,30
2015-16,NEW,Newcastle United,36,33
2015-16,NEW,Newcastle United,37,34
2015-16,NEW,Newcastle United,38,37
2015-16,NOR,Norwich City,1,0
2015-16,NOR,Norwich City,2,3
2015-16,NOR,Norwich City,3,4
2015-16,NOR,Norwich City,4,4
2015-16,NOR,Norwich City,5,7
2015-16,NOR,Norwich City,6,8
2015-16,NOR,Norwich City,7,9
2015-16,NOR,Norwich City,8,9
2015-16,NOR,Norwich City,9,9
2015-16,NOR,Norwich City,10,9
2015-16,NOR,Norwich City,11,9
2015-16,NOR,Norwich City,12,12
2015-16,NOR,Norwich City,13,12
2015-16,NOR,Norwich City,14,13
2015-16,NOR,Norwich City,15,13
2015-16,NOR,Norwich City,16,14
2015-16,NOR,Norwich City,17,17
2015-16,NOR,Norwich City,18,17
2015-16,NOR,Norwich City,19,20
2015-16,NOR,Norwich City,20,23
2015-16,NOR,Norwich City,21,23
2015-16,NOR,Norwich City,22,23
2015-16,NOR,Norwich City,23,23
2015-16,NOR,Norwich City,24,23
2015-16,NOR,Norwich City,25,23
2015-16,NOR,Norwich City,26,24
2015-16,NOR,Norwich City,27,24
2015-16,NOR,Norwich City,28,24
2015-16,NOR,Norwich City,29,24
2015-16,NOR,Norwich City,30,25
2015-16,NOR,Norwich City,31,28
2015-16,NOR,Norwich City,32,31
2015-16,NOR,Norwich City,33,31
2015-16,NOR,Norwich City,34,31
2015-16,NOR,Norwich City,35,31
2015-16,NOR,Norwich City,36,31
2015-16,NOR,Norwich City,37,34
2015-16,NOR,Norwich City,38,34
2015-16,SOU,Southampton,1,1
2015-16,SOU,Southampton,2,1
2015-16,SOU,Southampton,3,2
2015-16,SOU,Southampton,4,5
2015-16,SOU,Southampton,5,6
2015-16,SOU,Southampton,6,6
2015-16,SOU,Southampton,7,9
2015-16,SOU,Southampton,8,12
2015-16,SOU,Southampton,9,13
2015-16,SOU,Southampton,10,14
2015-16,SOU,Southampton,11,17
2015-16,SOU,Southampton,12,20
2015-16,SOU,Southampton,13,20
2015-16,SOU,Southampton,14,20
2015-16,SOU,Southampton,15,21
2015-16,SOU,Southampton,16,21
2015-16,SOU,Southampton,17,21
2015-16,SOU,Southampton,18,24
2015-16,SOU,Southampton,19,24
2015-16,SOU,Southampton,20,24
2015-16,SOU,Southampton,21,27
2015-16,SOU,Southampton,22,30
2015-16,SOU,Southampton,23,33
2015-16,SOU,Southampton,24,34
2015-16,SOU,Southampton,25,37
2015-16,SOU,Southampton,26,40
2015-16,SOU,Southampton,27,40
2015-16,SOU,Southampton,28,40
2015-16,SOU,Southampton,29,41
2015-16,SOU,Southampton,30,44
2015-16,SOU,Southampton,31,47
2015-16,SOU,Southampton,32,47
2015-16,SOU,Southampton,33,50
2015-16,SOU,Southampton,34,51
2015-16,SOU,Southampton,35,54
2015-16,SOU,Southampton,36,57
2015-16,SOU,Southampton,37,60
2015-16,SOU,Southampton,38,63
2015-16,STO,Stoke City,1,0
2015-16,STO,Stoke City,2,1
2015-16,STO,Stoke City,3,2
2015-16,STO,Stoke City,4,2
2015-16,STO,Stoke City,5,2
2015-16,STO,Stoke City,6,3
2015-16,STO,Stoke City,7,6
2015-16,STO,Stoke City,8,9
2015-16,STO,Stoke City,9,12
2015-16,STO,Stoke City,10,12
2015-16,STO,Stoke City,11,13
2015-16,STO,Stoke City,12,16
2015-16,STO,Stoke City,13,19
2015-16,STO,Stoke City,14,19
2015-16,STO,Stoke City,15,22
2015-16,STO,Stoke City,16,23
2015-16,STO,Stoke City,17,23
2015-16,STO,Stoke City,18,26
2015-16,STO,Stoke City,19,29
2015-16,STO,Stoke City,20,29
2015-16,STO,Stoke City,21,32
2015-16,STO,Stoke City,22,33
2015-16,STO,Stoke City,23,33
2015-16,STO,Stoke City,24,33
2015-16,STO,Stoke City,25,33
2015-16,STO,Stoke City,26,36
2015-16,STO,Stoke City,27,39
2015-16,STO,Stoke City,28,42
2015-16,STO,Stoke City,29,43
2015-16,STO,Stoke City,30,43
2015-16,STO,Stoke City,31,46
2015-16,STO,Stoke City,32,47
2015-16,STO,Stoke City,33,47
2015-16,STO,Stoke City,34,47
2015-16,STO,Stoke City,35,47
2015-16,STO,Stoke City,36,48
2015-16,STO,Stoke City,37,48
2015-16,STO,Stoke City,38,51
2015-16,SUN,Sunderland,1,0
2015-16,SUN,Sunderland,2,0
2015-16,SUN,Sunderland,3,1
2015-16,SUN,Sunderland,4,2
2015-16,SUN,Sunderland,5,2
2015-16,SUN,Sunderland,6,2
2015-16,SUN,Sunderland,7,2
2015-16,SUN,Sunderland,8,3
2015-16,SUN,Sunderland,9,3
2015-16,SUN,Sunderland,10,6
2015-16,SUN,Sunderland,11,6
2015-16,SUN,Sunderland,12,6
2015-16,SUN,Sunderland,13,9
2015-16,SUN,Sunderland,14,12
2015-16,SUN,Sunderland,15,12
2015-16,SUN,Sunderland,16,12
2015-16,SUN,Sunderland,17,12
2015-16,SUN,Sunderland,18,12
2015-16,SUN,Sunderland,19,12
2015-16,SUN,Sunderland,20,15
2015-16,SUN,Sunderland,21,18
2015-16,SUN,Sunderland,22,18
2015-16,SUN,Sunderland,23,19
2015-16,SUN,Sunderland,24,19
2015-16,SUN,Sunderland,25,20
2015-16,SUN,Sunderland,26,23
2015-16,SUN,Sunderland,27,23
2015-16,SUN,Sunderland,28,24
2015-16,SUN,Sunderland,29,25
2015-16,SUN,Sunderland,30,26
2015-16,SUN,Sunderland,31,27
2015-16,SUN,Sunderland,32,27
2015-16,SUN,Sunderland,33,30
2015-16,SUN,Sunderland,34,31
2015-16,SUN,Sunderland,35,32
2015-16,SUN,Sunderland,36,35
2015-16,SUN,Sunderland,37,38
2015-16,SUN,Sunderland,38,39
2015-16,SWA,Swansea City,1,1
2015-16,SWA,Swansea City,2,4
2015-16,SWA,Swansea City,3,5
2015-16,SWA,Swansea City,4,8
2015-16,SWA,Swansea City,5,8
2015-16,SWA,Swansea City,6,9
2015-16,SWA,Swansea City,7,9
2015-16,SWA,Swansea City,8,10
2015-16,SWA,Swansea City,9,10
2015-16,SWA,Swansea City,10,13
2015-16,SWA,Swansea City,11,13
2015-16,SWA,Swansea City,12,13
2015-16,SWA,Swansea City,13,14
2015-16,SWA,Swansea City,14,14
2015-16,SWA,Swansea City,15,14
2015-16,SWA,Swansea City,16,14
2015-16,SWA,Swansea City,17,15
2015-16,SWA,Swansea City,18,18
2015-16,SWA,Swansea City,19,19
2015-16,SWA,Swansea City,20,19
2015-16,SWA,Swansea City,21,19
2015-16,SWA,Swansea City,22,22
2015-16,SWA,Swansea City,23,25
2015-16,SWA,Swansea City,24,26
2015-16,SWA,Swansea City,25,27
2015-16,SWA,Swansea City,26,27
2015-16,SWA,Swansea City,27,27
2015-16,SWA,Swansea City,28,30
2015-16,SWA,Swansea City,29,33
2015-16,SWA,Swansea City,30,33
2015-16,SWA,Swansea City,31,36
2015-16,SWA,Swansea City,32,37
2015-16,SWA,Swansea City,33,40
2015-16,SWA,Swansea City,34,40
2015-16,SWA,Swansea City,35,40
2015-16,SWA,Swansea City,36,43
2015-16,SWA,Swansea City,37,46
2015-16,SWA,Swansea City,38,47
2015-16,TOT,Tottenham Hotspur,1,0
2015-16,TOT,Tottenham Hotspur,2,1
2015-16,TOT,Tottenham Hotspur,3,2
2015-16,TOT,Tottenham Hotspur,4,3
2015-16,TOT,Tottenham Hotspur,5,6
2015-16,TOT,Tottenham Hotspur,6,9
2015-16,TOT,Tottenham Hotspur,7,12
2015-16,TOT,Tottenham Hotspur,8,13
2015-16,TOT,Tottenham Hotspur,9,14
2015-16,TOT,Tottenham Hotspur,10,17
2015-16,TOT,Tottenham Hotspur,11,20
2015-16,TOT,Tottenham Hotspur,12,21
2015-16,TOT,Tottenham Hotspur,13,24
2015-16,TOT,Tottenham Hotspur,14,25
2015-16,TOT,Tottenham Hotspur,15,26
2015-16,TOT,Tottenham Hotspur,16,26
2015-16,TOT,Tottenham Hotspur,17,29
2015-16,TOT,Tottenham Hotspur,18,32
2015-16,TOT,Tottenham Hotspur,19,35
2015-16,TOT,Tottenham Hotspur,20,36
2015-16,TOT,Tottenham Hotspur,21,36
2015-16,TOT,Tottenham Hotspur,22,39
2015-16,TOT,Tottenham Hotspur,23,42
2015-16,TOT,Tottenham Hotspur,24,45
2015-16,TOT,Tottenham Hotspur,25,48
2015-16,TOT,Tottenham Hotspur,26,51
2015-16,TOT,Tottenham Hotspur,27,54
2015-16,TOT,Tottenham Hotspur,28,54
2015-16,TOT,Tottenham Hotspur,29,55
2015-16,TOT,Tottenham Hotspur,30,58
2015-16,TOT,Tottenham Hotspur,31,61
2015-16,TOT,Tottenham Hotspur,32,62
2015-16,TOT,Tottenham Hotspur,33,65
2015-16,TOT,Tottenham Hotspur,34,68
2015-16,TOT,Tottenham Hotspur,35,69
2015-16,TOT,Tottenham Hotspur,36,70
2015-16,TOT,Tottenham Hotspur,37,70
2015-16,TOT,Tottenham Hotspur,38,70
2015-16,WAT,Watford,1,1
2015-16,WAT,Watford,2,2
2015-16,WAT,Watford,3,3
2015-16,WAT,Watford,4,3
2015-16,WAT,Watford,5,6
2015-16,WAT,Watford,6,9
2015-16,WAT,Watford,7,9
2015-16,WAT,Watford,8,10
2015-16,WAT,Watford,9,10
2015-16,WAT,Watford,10,13
2015-16,WAT,Watford,11,16
2015-16,WAT,Watford,12,16
2015-16,WAT,Watford,13,16
2015-16,WAT,Watford,14,19
2015-16,WAT,Watford,15,22
2015-16,WAT,Watford,16,25
2015-16,WAT,Watford,17,28
2015-16,WAT,Watford,18,29
2015-16,WAT,Watford,19,29
2015-16,WAT,Watford,20,29
2015-16,WAT,Watford,21,29
2015-16,WAT,Watford,22,29
2015-16,WAT,Watford,23,32
2015-16,WAT,Watford,24,33
2015-16,WAT,Watford,25,33
2015-16,WAT,Watford,26,36
2015-16,WAT,Watford,27,37
2015-16,WAT,Watford,28,37
2015-16,WAT,Watford,29,37
2015-16,WAT,Watford,30,37
2015-16,WAT,Watford,31,37
2015-16,WAT,Watford,32,38
2015-16,WAT,Watford,33,41
2015-16,WAT,Watford,34,41
2015-16,WAT,Watford,35,44
2015-16,WAT,Watford,36,44
2015-16,WAT,Watford,37,44
2015-16,WAT,Watford,38,45
2015-16,WBA,West Bromwich Albion,1,0
2015-16,WBA,West Bromwich Albion,2,1
2015-16,WBA,West Bromwich Albion,3,1
2015-16,WBA,West Bromwich Albion,4,4
2015-16,WBA,West Bromwich Albion,5,5
2015-16,WBA,West Bromwich Albion,6,8
2015-16,WBA,West Bromwich Albion,7,8
2015-16,WBA,West Bromwich Albion,8,8
2015-16,WBA,West Bromwich Albion,9,11
2015-16,WBA,West Bromwich Albion,10,14
2015-16,WBA,West Bromwich Albion,11,14
2015-16,WBA,West Bromwich Albion,12,14
2015-16,WBA,West Bromwich Albion,13,17
2015-16,WBA,West Bromwich Albion,14,18
2015-16,WBA,West Bromwich Albion,15,19
2015-16,WBA,West Bromwich Albion,16,20
2015-16,WBA,West Bromwich Albion,17,20
2015-16,WBA,West Bromwich Albion,18,20
2015-16,WBA,West Bromwich Albion,19,23
2015-16,WBA,West Bromwich Albion,20,26
2015-16,WBA,West Bromwich Albion,21,27
2015-16,WBA,West Bromwich Albion,22,27
2015-16,WBA,West Bromwich Albion,23,28
2015-16,WBA,West Bromwich Albion,24,29
2015-16,WBA,West Bromwich Albion,25,29
2015-16,WBA,West Bromwich Albion,26,32
2015-16,WBA,West Bromwich Albion,27,35
2015-16,WBA,West Bromwich Albion,28,36
2015-16,WBA,West Bromwich Albion,29,39
2015-16,WBA,West Bromwich Albion,30,39
2015-16,WBA,West Bromwich Albion,31,40
2015-16,WBA,West Bromwich Albion,32,40
2015-16,WBA,West Bromwich Albion,33,40
2015-16,WBA,West Bromwich Albion,34,40
2015-16,WBA,West Bromwich Albion,35,41
2015-16,WBA,West Bromwich Albion,36,41
2015-16,WBA,West Bromwich Albion,37,42
2015-16,WBA,West Bromwich Albion,38,43
2015-16,WHU,West Ham United,1,3
2015-16,WHU,West Ham United,2,3
2015-16,WHU,West Ham United,3,3
2015-16,WHU,West Ham United,4,6
2015-16,WHU,West Ham United,5,9
2015-16,WHU,West Ham United,6,12
2015-16,WHU,West Ham United,7,13
2015-16,WHU,West Ham United,8,14
2015-16,WHU,West Ham United,9,17
2015-16,WHU,West Ham United,10,20
2015-16,WHU,West Ham United,11,20
2015-16,WHU,West Ham United,12,21
2015-16,WHU,West Ham United,13,21
2015-16,WHU,West Ham United,14,22
2015-16,WHU,West Ham United,15,23
2015-16,WHU,West Ham United,16,24
2015-16,WHU,West Ham United,17,25
2015-16,WHU,West Ham United,18,26
2015-16,WHU,West Ham United,19,29
2015-16,WHU,West Ham United,20,32
2015-16,WHU,West Ham United,21,35
2015-16,WHU,West Ham United,22,35
2015-16,WHU,West Ham United,23,36
2015-16,WHU,West Ham United,24,39
2015-16,WHU,West Ham United,25,39
2015-16,WHU,West Ham United,26,40
2015-16,WHU,West Ham United,27,43
2015-16,WHU,West Ham United,28,46
2015-16,WHU,West Ham United,29,49
2015-16,WHU,West Ham United,30,50
2015-16,WHU,West Ham United,31,51
2015-16,WHU,West Ham United,32,52
2015-16,WHU,West Ham United,33,53
2015-16,WHU,West Ham United,34,56
2015-16,WHU,West Ham United,35,59
2015-16,WHU,West Ham United,36,59
2015-16,WHU,West Ham United,37,62
2015-16,WHU,West Ham United,38,62
2016-17,ARS,Arsenal,1,0
2016-17,ARS,Arsenal,2,1
2016-17,ARS,Arsenal,3,4
2016-17,ARS,Arsenal,4,7
2016-17,ARS,Arsenal,5,10
2016-17,ARS,Arsenal,6,13
2016-17,ARS,Arsenal,7,16
2016-17,ARS,Arsenal,8,19
2016-17,ARS,Arsenal,9,20
2016-17,ARS,Arsenal,10,23
2016-17,ARS,Arsenal,11,24
2016-17,ARS,Arsenal,12,25
2016-17,ARS,Arsenal,13,28
2016-17,ARS,Arsenal,14,31
2016-17,ARS,Arsenal,15,34
2016-17,ARS,Arsenal,16,34
2016-17,ARS,Arsenal,17,34
2016-17,ARS,Arsenal,18,37
2016-17,ARS,Arsenal,19,40
2016-17,ARS,Arsenal,20,41
2016-17,ARS,Arsenal,21,44
2016-17,ARS,Arsenal,22,47
2016-17,ARS,Arsenal,23,47
2016-17,ARS,Arsenal,24,47
2016-17,ARS,Arsenal,25,50
2016-17,ARS,Arsenal,26,50
2016-17,ARS,Arsenal,27,50
2016-17,ARS,Arsenal,28,51
2016-17,ARS,Arsenal,29,54
2016-17,ARS,Arsenal,30,54
2016-17,ARS,Arsenal,31,57
2016-17,ARS,Arsenal,32,60
2016-17,ARS,Arsenal,33,60
2016-17,ARS,Arsenal,34,63
2016-17,ARS,Arsenal,35,66
2016-17,ARS,Arsenal,36,69
2016-17,ARS,Arsenal,37,72
2016-17,ARS,Arsenal,38,75
2016-17,BOU,Bournemouth,1,0
2016-17,BOU,Bournemouth,2,0
2016-17,BOU,Bournemouth,3,1
2016-17,BOU,Bournemouth,4,4
2016-17,BOU,Bournemouth,5,4
2016-17,BOU,Bournemouth,6,7
2016-17,BOU,Bournemouth,7,8
2016-17,BOU,Bournemouth,8,11
2016-17,BOU,Bournemouth,9,12
2016-17,BOU,Bournemouth,10,12
2016-17,BOU,Bournemouth,11,12
2016-17,BOU,Bournemouth,12,15
2016-17,BOU,Bournemouth,13,15
2016-17,BOU,Bournemouth,14,18
2016-17,BOU,Bournemouth,15,18
2016-17,BOU,Bournemouth,16,21
2016-17,BOU,Bournemouth,17,21
2016-17,BOU,Bournemouth,18,21
2016-17,BOU,Bournemouth,19,24
2016-17,BOU,Bournemouth,20,25
2016-17,BOU,Bournemouth,21,25
2016-17,BOU,Bournemouth,22,26
2016-17,BOU,Bournemouth,23,26
2016-17,BOU,Bournemouth,24,26
2016-17,BOU,Bournemouth,25,26
2016-17,BOU,Bournemouth,26,26
2016-17,BOU,Bournemouth,27,27
2016-17,BOU,Bournemouth,28,30
2016-17,BOU,Bournemouth,29,33
2016-17,BOU,Bournemouth,30,34
2016-17,BOU,Bournemouth,31,35
2016-17,BOU,Bournemouth,32,35
2016-17,BOU,Bournemouth,33,35
2016-17,BOU,Bournemouth,34,38
2016-17,BOU,Bournemouth,35,41
2016-17,BOU,Bournemouth,36,42
2016-17,BOU,Bournemouth,37,45
2016-17,BOU,Bournemouth,38,46
2016-17,BUR,Burnley,1,0
2016-17,BUR,Burnley,2,3
2016-17,BUR,Burnley,3,3
2016-17,BUR,Burnley,4,4
2016-17,BUR,Burnley,5,4
2016-17,BUR,Burnley,6,7
2016-17,BUR,Burnley,7,7
2016-17,BUR,Burnley,8,7
2016-17,BUR,Burnley,9,10
2016-17,BUR,Burnley,10,11
2016-17,BUR,Burnley,11,14
2016-17,BUR,Burnley,12,14
2016-17,BUR,Burnley,13,14
2016-17,BUR,Burnley,14,14
2016-17,BUR,Burnley,15,17
2016-17,BUR,Burnley,16,17
2016-17,BUR,Burnley,17,17
2016-17,BUR,Burnley,18,20
2016-17,BUR,Burnley,19,23
2016-17,BUR,Burnley,20,23
2016-17,BUR,Burnley,21,26
2016-17,BUR,Burnley,22,26
2016-17,BUR,Burnley,23,29
2016-17,BUR,Burnley,24,29
2016-17,BUR,Burnley,25,30
2016-17,BUR,Burnley,26,31
2016-17,BUR,Burnley,27,31
2016-17,BUR,Burnley,28,31
2016-17,BUR,Burnley,29,32
2016-17,BUR,Burnley,30,32
2016-17,BUR,Burnley,31,35
2016-17,BUR,Burnley,32,36
2016-17,BUR,Burnley,33,36
2016-17,BUR,Burnley,34,36
2016-17,BUR,Burnley,35,39
2016-17,BUR,Burnley,36,40
2016-17,BUR,Burnley,37,40
2016-17,BUR,Burnley,38,40
2016-17,CHE,Chelsea,1,3
2016-17,CHE,Chelsea,2,6
2016-17,CHE,Chelsea,3,9
2016-17,CHE,Chelsea,4,10
2016-17,CHE,Chelsea,5,10
2016-17,CHE,Chelsea,6,10
2016-17,CHE,Chelsea,7,13
2016-17,CHE,Chelsea,8,16
2016-17,CHE,Chelsea,9,19
2016-17,CHE,Chelsea,10,22
2016-17,CHE,Chelsea,11,25
2016-17,CHE,Chelsea,12,28
2016-17,CHE,Chelsea,13,31
2016-17,CHE,Chelsea,14,34
2016-17,CHE,Chelsea,15,37
2016-17,CHE,Chelsea,16,40
2016-17,CHE,Chelsea,17,43
2016-17,CHE,Chelsea,18,46
2016-17,CHE,Chelsea,19,49
2016-17,CHE,Chelsea,20,49
2016-17,CHE,Chelsea,21,52
2016-17,CHE,Chelsea,22,55
2016-17,CHE,Chelsea,23,56
2016-17,CHE,Chelsea,24,59
2016-17,CHE,Chelsea,25,60
2016-17,CHE,Chelsea,26,63
2016-17,CHE,Chelsea,27,66
2016-17,CHE,Chelsea,28,69
2016-17,CHE,Chelsea,29,69
2016-17,CHE,Chelsea,30,72
2016-17,CHE,Chelsea,31,75
2016-17,CHE,Chelsea,32,75
2016-17,CHE,Chelsea,33,78
2016-17,CHE,Chelsea,34,81
2016-17,CHE,Chelsea,35,84
2016-17,CHE,Chelsea,36,87
2016-17,CHE,Chelsea,37,90
2016-17,CHE,Chelsea,38,93
2016-17,CRY,Crystal Palace,1,0
2016-17,CRY,Crystal Palace,2,0
2016-17,CRY,Crystal Palace,3,1
2016-17,CRY,Crystal Palace,4,4
2016-17,CRY,Crystal Palace,5,7
2016-17,CRY,Crystal Palace,6,10
2016-17,CRY,Crystal Palace,7,11
2016-17,CRY,Crystal Palace,8,11
2016-17,CRY,Crystal Palace,9,11
2016-17,CRY,Crystal Palace,10,11
2016-17,CRY,Crystal Palace,11,11
2016-17,CRY,Crystal Palace,12,11
2016-17,CRY,Crystal Palace,13,11
2016-17,CRY,Crystal Palace,14,14
2016-17,CRY,Crystal Palace,15,15
2016-17,CRY,Crystal Palace,16,15
2016-17,CRY,Crystal Palace,17,15
2016-17,CRY,Crystal Palace,18,16
2016-17,CRY,Crystal Palace,19,16
2016-17,CRY,Crystal Palace,20,16
2016-17,CRY,Crystal Palace,21,16
2016-17,CRY,Crystal Palace,22,16
2016-17,CRY,Crystal Palace,23,19
2016-17,CRY,Crystal Palace,24,19
2016-17,CRY,Crystal Palace,25,19
2016-17,CRY,Crystal Palace,26,22
2016-17,CRY,Crystal Palace,27,25
2016-17,CRY,Crystal Palace,28,28
2016-17,CRY,Crystal Palace,29,31
2016-17,CRY,Crystal Palace,30,31
2016-17,CRY,Crystal Palace,31,34
2016-17,CRY,Crystal Palace,32,35
2016-17,CRY,Crystal Palace,33,38
2016-17,CRY,Crystal Palace,34,38
2016-17,CRY,Crystal Palace,35,38
2016-17,CRY,Crystal Palace,36,38
2016-17,CRY,Crystal Palace,37,41
2016-17,CRY,Crystal Palace,38,41
2016-17,EVE,Everton,1,1
2016-17,EVE,Everton,2,4
2016-17,EVE,Everton,3,7
2016-17,EVE,Everton,4,10
2016-17,EVE,Everton,5,13
2016-17,EVE,Everton,6,13
2016-17,EVE,Everton,7,14
2016-17,EVE,Everton,8,15
2016-17,EVE,Everton,9,15
2016-17,EVE,Everton,10,18
2016-17,EVE,Everton,11,18
2016-17,EVE,Everton,12,19
2016-17,EVE,Everton,13,19
2016-17,EVE,Everton,14,20
2016-17,EVE,Everton,15,20
2016-17,EVE,Everton,16,23
2016-17,EVE,Everton,17,23
2016-17,EVE,Everton,18,26
2016-17,EVE,Everton,19,27
2016-17,EVE,Everton,20,30
2016-17,EVE,Everton,21,33
2016-17,EVE,Everton,22,36
2016-17,EVE,Everton,23,37
2016-17,EVE,Everton,24,40
2016-17,EVE,Everton,25,41
2016-17,EVE,Everton,26,44
2016-17,EVE,Everton,27,44
2016-17,EVE,Everton,28,47
2016-17,EVE,Everton,29,50
2016-17,EVE,Everton,30,50
2016-17,EVE,Everton,31,51
2016-17,EVE,Everton,32,54
2016-17,EVE,Everton,33,57
2016-17,EVE,Everton,34,58
2016-17,EVE,Everton,35,58
2016-17,EVE,Everton,36,58
2016-17,EVE,Everton,37,61
2016-17,EVE,Everton,38,61
2016-17,HUL,Hull City,1,3
2016-17,HUL,Hull City,2,6
2016-17,HUL,Hull City,3,6
2016-17,HUL,Hull City,4,7
2016-17,HUL,Hull City,5,7
2016-17,HUL,Hull City,6,7
2016-17,HUL,Hull City,7,7
2016-17,HUL,Hull City,8,7
2016-17,HUL,Hull City,9,7
2016-17,HUL,Hull City,10,7
2016-17,HUL,Hull City,11,10
2016-17,HUL,Hull City,12,10
2016-17,HUL,Hull City,13,11
2016-17,HUL,Hull City,14,11
2016-17,HUL,Hull City,15,12
2016-17,HUL,Hull City,16,12
2016-17,HUL,Hull City,17,12
2016-17,HUL,Hull City,18,12
2016-17,HUL,Hull City,19,13
2016-17,HUL,Hull City,20,13
2016-17,HUL,Hull City,21,16
2016-17,HUL,Hull City,22,16
2016-17,HUL,Hull City,23,17
2016-17,HUL,Hull City,24,20
2016-17,HUL,Hull City,25,20
2016-17,HUL,Hull City,26,21
2016-17,HUL,Hull City,27,21
2016-17,HUL,Hull City,28,24
2016-17,HUL,Hull City,29,24
2016-17,HUL,Hull City,30,27
2016-17,HUL,Hull City,31,30
2016-17,HUL,Hull City,32,30
2016-17,HUL,Hull City,33,30
2016-17,HUL,Hull City,34,33
2016-17,HUL,Hull City,35,34
2016-17,HUL,Hull City,36,34
2016-17,HUL,Hull City,37,34
2016-17,HUL,Hull City,38,34
2016-17,LEI,Leicester City,1,0
2016-17,LEI,Leicester City,2,1
2016-17,LEI,Leicester City,3,4
2016-17,LEI,Leicester City,4,4
2016-17,LEI,Leicester City,5,7
2016-17,LEI,Leicester City,6,7
2016-17,LEI,Leicester City,7,8
2016-17,LEI,Leicester City,8,8
2016-17,LEI,Leicester City,9,11
2016-17,LEI,Leicester City,10,12
2016-17,LEI,Leicester City,11,12
2016-17,LEI,Leicester City,12,12
2016-17,LEI,Leicester City,13,13
2016-17,LEI,Leicester City,14,13
2016-17,LEI,Leicester City,15,16
2016-17,LEI,Leicester City,16,16
2016-17,LEI,Leicester City,17,17
2016-17,LEI,Leicester City,18,17
2016-17,LEI,Leicester City,19,20
2016-17,LEI,Leicester City,20,21
2016-17,LEI,Leicester City,21,21
2016-17,LEI,Leicester City,22,21
2016-17,LEI,Leicester City,23,21
2016-17,LEI,Leicester City,24,21
2016-17,LEI,Leicester City,25,21
2016-17,LEI,Leicester City,26,24
2016-17,LEI,Leicester City,27,27
2016-17,LEI,Leicester City,28,30
2016-17,LEI,Leicester City,29,33
2016-17,LEI,Leicester City,30,36
2016-17,LEI,Leicester City,31,36
2016-17,LEI,Leicester City,32,37
2016-17,LEI,Leicester City,33,37
2016-17,LEI,Leicester City,34,40
2016-17,LEI,Leicester City,35,43
2016-17,LEI,Leicester City,36,43
2016-17,LEI,Leicester City,37,43
2016-17,LEI,Leicester City,38,44
2016-17,LIV,Liverpool,1,3
2016-17,LIV,Liverpool,2,3
2016-17,LIV,Liverpool,3,4
2016-17,LIV,Liverpool,4,7
2016-17,LIV,Liverpool,5,10
2016-17,LIV,Liverpool,6,13
2016-17,LIV,Liverpool,7,16
2016-17,LIV,Liverpool,8,17
2016-17,LIV,Liverpool,9,20
2016-17,LIV,Liverpool,10,23
2016-17,LIV,Liverpool,11,26
2016-17,LIV,Liverpool,12,27
2016-17,LIV,Liverpool,13,30
2016-17,LIV,Liverpool,14,30
2016-17,LIV,Liverpool,15,31
2016-17,LIV,Liverpool,16,34
2016-17,LIV,Liverpool,17,37
2016-17,LIV,Liverpool,18,40
2016-17,LIV,Liverpool,19,43
2016-17,LIV,Liverpool,20,44
2016-17,LIV,Liverpool,21,45
2016-17,LIV,Liverpool,22,45
2016-17,LIV,Liverpool,23,46
2016-17,LIV,Liverpool,24,46
2016-17,LIV,Liverpool,25,49
2016-17,LIV,Liverpool,26,49
2016-17,LIV,Liverpool,27,52
2016-17,LIV,Liverpool,28,55
2016-17,LIV,Liverpool,29,56
2016-17,LIV,Liverpool,30,59
2016-17,LIV,Liverpool,31,60
2016-17,LIV,Liverpool,32,63
2016-17,LIV,Liverpool,33,66
2016-17,LIV,Liverpool,34,66
2016-17,LIV,Liverpool,35,69
2016-17,LIV,Liverpool,36,70
2016-17,LIV,Liverpool,37,73
2016-17,LIV,Liverpool,38,76
2016-17,MCI,Manchester City,1,3
2016-17,MCI,Manchester City,2,6
2016-17,MCI,Manchester City,3,9
2016-17,MCI,Manchester City,4,12
2016-17,MCI,Manchester City,5,15
2016-17,MCI,Manchester City,6,18
2016-17,MCI,Manchester City,7,18
2016-17,MCI,Manchester City,8,19
2016-17,MCI,Manchester City,9,20
2016-17,MCI,Manchester City,10,23
2016-17,MCI,Manchester City,11,24
2016-17,MCI,Manchester City,12,27
2016-17,MCI,Manchester City,13,30
2016-17,MCI,Manchester City,14,30
2016-17,MCI,Manchester City,15,30
2016-17,MCI,Manchester City,16,33
2016-17,MCI,Manchester City,17,36
2016-17,MCI,Manchester City,18,39
2016-17,MCI,Manchester City,19,39
2016-17,MCI,Manchester City,20,42
2016-17,MCI,Manchester City,21,42
2016-17,MCI,Manchester City,22,43
2016-17,MCI,Manchester City,23,46
2016-17,MCI,Manchester City,24,49
2016-17,MCI,Manchester City,25,52
2016-17,MCI,Manchester City,26,55
2016-17,MCI,Manchester City,27,56
2016-17,MCI,Manchester City,28,57
2016-17,MCI,Manchester City,29,58
2016-17,MCI,Manchester City,30,58
2016-17,MCI,Manchester City,31,61
2016-17,MCI,Manchester City,32,64
2016-17,MCI,Manchester City,33,65
2016-17,MCI,Manchester City,34,66
2016-17,MCI,Manchester City,35,69
2016-17,MCI,Manchester City,36,72
2016-17,MCI,Manchester City,37,75
2016-17,MCI,Manchester City,38,78
2016-17,MID,Middlesbrough,1,1
2016-17,MID,Middlesbrough,2,4
2016-17,MID,Middlesbrough,3,5
2016-17,MID,Middlesbrough,4,5
2016-17,MID,Middlesbrough,5,5
2016-17,MID,Middlesbrough,6,5
2016-17,MID,Middlesbrough,7,6
2016-17,MID,Middlesbrough,8,6
2016-17,MID,Middlesbrough,9,7
2016-17,MID,Middlesbrough,10,10
2016-17,MID,Middlesbrough,11,11
2016-17,MID,Middlesbrough,12,11
2016-17,MID,Middlesbrough,13,12
2016-17,MID,Middlesbrough,14,15
2016-17,MID,Middlesbrough,15,15
2016-17,MID,Middlesbrough,16,15
2016-17,MID,Middlesbrough,17,18
2016-17,MID,Middlesbrough,18,18
2016-17,MID,Middlesbrough,19,18
2016-17,MID,Middlesbrough,20,19
2016-17,MID,Middlesbrough,21,20
2016-17,MID,Middlesbrough,22,20
2016-17,MID,Middlesbrough,23,21
2016-17,MID,Middlesbrough,24,21
2016-17,MID,Middlesbrough,25,22
2016-17,MID,Middlesbrough,26,22
2016-17,MID,Middlesbrough,27,22
2016-17,MID,Middlesbrough,28,22
2016-17,MID,Middlesbrough,29,23
2016-17,MID,Middlesbrough,30,23
2016-17,MID,Middlesbrough,31,24
2016-17,MID,Middlesbrough,32,24
2016-17,MID,Middlesbrough,33,24
2016-17,MID,Middlesbrough,34,27
2016-17,MID,Middlesbrough,35,28
2016-17,MID,Middlesbrough,36,28
2016-17,MID,Middlesbrough,37,28
2016-17,MID,Middlesbrough,38,28
2016-17,MUN,Manchester United,1,3
2016-17,MUN,Manchester United,2,6
2016-17,MUN,Manchester United,3,9
2016-17,MUN,Manchester United,4,9
2016-17,MUN,Manchester United,5,9
2016-17,MUN,Manchester United,6,12
2016-17,MUN,Manchester United,7,13
2016-17,MUN,Manchester United,8,14
2016-17,MUN,Manchester United,9,14
2016-17,MUN,Manchester United,10,15
2016-17,MUN,Manchester United,11,18
2016-17,MUN,Manchester United,12,19
2016-17,MUN,Manchester United,13,20
2016-17,MUN,Manchester United,14,21
2016-17,MUN,Manchester United,15,24
2016-17,MUN,Manchester United,16,27
2016-17,MUN,Manchester United,17,30
2016-17,MUN,Manchester United,18,33
2016-17,MUN,Manchester United,19,36
2016-17,MUN,Manchester United,20,39
2016-17,MUN,Manchester United,21,40
2016-17,MUN,Manchester United,22,41
2016-17,MUN,Manchester United,23,42
2016-17,MUN,Manchester United,24,45
2016-17,MUN,Manchester United,25,48
2016-17,MUN,Manchester United,26,49
2016-17,MUN,Manchester United,27,52
2016-17,MUN,Manchester United,28,53
2016-17,MUN,Manchester United,29,54
2016-17,MUN,Manchester United,30,57
2016-17,MUN,Manchester United,31,60
2016-17,MUN,Manchester United,32,63
2016-17,MUN,Manchester United,33,64
2016-17,MUN,Manchester United,34,65
2016-17,MUN,Manchester United,35,65
2016-17,MUN,Manchester United,36,65
2016-17,MUN,Manchester United,37,66
2016-17,MUN,Manchester United,38,69
2016-17,SOU,Southampton,1,1
2016-17,SOU,Southampton,2,1
2016-17,SOU,Southampton,3,2
2016-17,SOU,Southampton,4,2
2016-17,SOU,Southampton,5,5
2016-17,SOU,Southampton,6,8
2016-17,SOU,Southampton,7,9
2016-17,SOU,Southampton,8,12
2016-17,SOU,Southampton,9,13
2016-17,SOU,Southampton,10,13
2016-17,SOU,Southampton,11,13
2016-17,SOU,Southampton,12,14
2016-17,SOU,Southampton,13,17
2016-17,SOU,Southampton,14,17
2016-17,SOU,Southampton,15,20
2016-17,SOU,Southampton,16,21
2016-17,SOU,Southampton,17,24
2016-17,SOU,Southampton,18,24
2016-17,SOU,Southampton,19,24
2016-17,SOU,Southampton,20,24
2016-17,SOU,Southampton,21,24
2016-17,SOU,Southampton,22,27
2016-17,SOU,Southampton,23,27
2016-17,SOU,Southampton,24,27
2016-17,SOU,Southampton,25,30
2016-17,SOU,Southampton,26,33
2016-17,SOU,Southampton,27,33
2016-17,SOU,Southampton,28,34
2016-17,SOU,Southampton,29,37
2016-17,SOU,Southampton,30,40
2016-17,SOU,Southampton,31,40
2016-17,SOU,Southampton,32,40
2016-17,SOU,Southampton,33,41
2016-17,SOU,Southampton,34,42
2016-17,SOU,Southampton,35,42
2016-17,SOU,Southampton,36,45
2016-17,SOU,Southampton,37,46
2016-17,SOU,Southampton,38,46
2016-17,STO,Stoke City,1,1
2016-17,STO,Stoke City,2,1
2016-17,STO,Stoke City,3,1
2016-17,STO,Stoke City,4,1
2016-17,STO,Stoke City,5,1
2016-17,STO,Stoke City,6,2
2016-17,STO,Stoke City,7,3
2016-17,STO,Stoke City,8,6
2016-17,STO,Stoke City,9,9
2016-17,STO,Stoke City,10,12
2016-17,STO,Stoke City,11,13
2016-17,STO,Stoke City,12,13
2016-17,STO,Stoke City,13,16
2016-17,STO,Stoke City,14,19
2016-17,STO,Stoke City,15,19
2016-17,STO,Stoke City,16,20
2016-17,STO,Stoke City,17,21
2016-17,STO,Stoke City,18,21
2016-17,STO,Stoke City,19,21
2016-17,STO,Stoke City,20,24
2016-17,STO,Stoke City,21,27
2016-17,STO,Stoke City,22,28
2016-17,STO,Stoke City,23,29
2016-17,STO,Stoke City,24,29
2016-17,STO,Stoke City,25,32
2016-17,STO,Stoke City,26,32
2016-17,STO,Stoke City,27,35
2016-17,STO,Stoke City,28,36
2016-17,STO,Stoke City,29,36
2016-17,STO,Stoke City,30,36
2016-17,STO,Stoke City,31,36
2016-17,STO,Stoke City,32,36
2016-17,STO,Stoke City,33,39
2016-17,STO,Stoke City,34,39
2016-17,STO,Stoke City,35,40
2016-17,STO,Stoke City,36,41
2016-17,STO,Stoke City,37,41
2016-17,STO,Stoke City,38,44
2016-17,SUN,Sunderland,1,0
2016-17,SUN,Sunderland,2,0
2016-17,SUN,Sunderland,3,1
2016-17,SUN,Sunderland,4,1
2016-17,SUN,Sunderland,5,1
2016-17,SUN,Sunderland,6,1
2016-17,SUN,Sunderland,7,2
2016-17,SUN,Sunderland,8,2
2016-17,SUN,Sunderland,9,2
2016-17,SUN,Sunderland,10,2
2016-17,SUN,Sunderland,11,5
2016-17,SUN,Sunderland,12,8
2016-17,SUN,Sunderland,13,8
2016-17,SUN,Sunderland,14,11
2016-17,SUN,Sunderland,15,11
2016-17,SUN,Sunderland,16,11
2016-17,SUN,Sunderland,17,14
2016-17,SUN,Sunderland,18,14
2016-17,SUN,Sunderland,19,14
2016-17,SUN,Sunderland,20,15
2016-17,SUN,Sunderland,21,15
2016-17,SUN,Sunderland,22,15
2016-17,SUN,Sunderland,23,16
2016-17,SUN,Sunderland,24,19
2016-17,SUN,Sunderland,25,19
2016-17,SUN,Sunderland,26,19
2016-17,SUN,Sunderland,27,19
2016-17,SUN,Sunderland,28,20
2016-17,SUN,Sunderland,29,20
2016-17,SUN,Sunderland,30,20
2016-17,SUN,Sunderland,31,20
2016-17,SUN,Sunderland,32,21
2016-17,SUN,Sunderland,33,21
2016-17,SUN,Sunderland,34,21
2016-17,SUN,Sunderland,35,24
2016-17,SUN,Sunderland,36,24
2016-17,SUN,Sunderland,37,24
2016-17,SUN,Sunderland,38,24
2016-17,SWA,Swansea City,1,3
2016-17,SWA,Swansea City,2,3
2016-17,SWA,Swansea City,3,3
2016-17,SWA,Swansea City,4,4
2016-17,SWA,Swansea City,5,4
2016-17,SWA,Swansea City,6,4
2016-17,SWA,Swansea City,7,4
2016-17,SWA,Swansea City,8,4
2016-17,SWA,Swansea City,9,5
2016-17,SWA,Swansea City,10,5
2016-17,SWA,Swansea City,11,5
2016-17,SWA,Swansea City,12,6
2016-17,SWA,Swansea City,13,9
2016-17,SWA,Swansea City,14,9
2016-17,SWA,Swansea City,15,12
2016-17,SWA,Swansea City,16,12
2016-17,SWA,Swansea City,17,12
2016-17,SWA,Swansea City,18,12
2016-17,SWA,Swansea City,19,12
2016-17,SWA,Swansea City,20,15
2016-17,SWA,Swansea City,21,15
2016-17,SWA,Swansea City,22,18
2016-17,SWA,Swansea City,23,21
2016-17,SWA,Swansea City,24,21
2016-17,SWA,Swansea City,25,24
2016-17,SWA,Swansea City,26,24
2016-17,SWA,Swansea City,27,27
2016-17,SWA,Swansea City,28,27
2016-17,SWA,Swansea City,29,27
2016-17,SWA,Swansea City,30,28
2016-17,SWA,Swansea City,31,28
2016-17,SWA,Swansea City,32,28
2016-17,SWA,Swansea City,33,28
2016-17,SWA,Swansea City,34,31
2016-17,SWA,Swansea City,35,32
2016-17,SWA,Swansea City,36,35
2016-17,SWA,Swansea City,37,38
2016-17,SWA,Swansea City,38,41
2016-17,TOT,Tottenham Hotspur,1,1
2016-17,TOT,Tottenham Hotspur,2,4
2016-17,TOT,Tottenham Hotspur,3,5
2016-17,TOT,Tottenham Hotspur,4,8
2016-17,TOT,Tottenham Hotspur,5,11
2016-17,TOT,Tottenham Hotspur,6,14
2016-17,TOT,Tottenham Hotspur,7,17
2016-17,TOT,Tottenham Hotspur,8,18
2016-17,TOT,Tottenham Hotspur,9,19
2016-17,TOT,Tottenham Hotspur,10,20
2016-17,TOT,Tottenham Hotspur,11,21
2016-17,TOT,Tottenham Hotspur,12,24
2016-17,TOT,Tottenham Hotspur,13,24
2016-17,TOT,Tottenham Hotspur,14,27
2016-17,TOT,Tottenham Hotspur,15,27
2016-17,TOT,Tottenham Hotspur,16,30
2016-17,TOT,Tottenham Hotspur,17,33
2016-17,TOT,Tottenham Hotspur,18,36
2016-17,TOT,Tottenham Hotspur,19,39
2016-17,TOT,Tottenham Hotspur,20,42
2016-17,TOT,Tottenham Hotspur,21,45
2016-17,TOT,Tottenham Hotspur,22,46
2016-17,TOT,Tottenham Hotspur,23,47
2016-17,TOT,Tottenham Hotspur,24,50
2016-17,TOT,Tottenham Hotspur,25,50
2016-17,TOT,Tottenham Hotspur,26,53
2016-17,TOT,Tottenham Hotspur,27,56
2016-17,TOT,Tottenham Hotspur,28,59
2016-17,TOT,Tottenham Hotspur,29,62
2016-17,TOT,Tottenham Hotspur,30,65
2016-17,TOT,Tottenham Hotspur,31,68
2016-17,TOT,Tottenham Hotspur,32,71
2016-17,TOT,Tottenham Hotspur,33,74
2016-17,TOT,Tottenham Hotspur,34,77
2016-17,TOT,Tottenham Hotspur,35,77
2016-17,TOT,Tottenham Hotspur,36,80
2016-17,TOT,Tottenham Hotspur,37,83
2016-17,TOT,Tottenham Hotspur,38,86
2016-17,WAT,Watford,1,1
2016-17,WAT,Watford,2,1
2016-17,WAT,Watford,3,1
2016-17,WAT,Watford,4,4
2016-17,WAT,Watford,5,7
2016-17,WAT,Watford,6,7
2016-17,WAT,Watford,7,8
2016-17,WAT,Watford,8,11
2016-17,WAT,Watford,9,12
2016-17,WAT,Watford,10,15
2016-17,WAT,Watford,11,15
2016-17,WAT,Watford,12,18
2016-17,WAT,Watford,13,18
2016-17,WAT,Watford,14,18
2016-17,WAT,Watford,15,21
2016-17,WAT,Watford,16,21
2016-17,WAT,Watford,17,21
2016-17,WAT,Watford,18,22
2016-17,WAT,Watford,19,22
2016-17,WAT,Watford,20,22
2016-17,WAT,Watford,21,23
2016-17,WAT,Watford,22,24
2016-17,WAT,Watford,23,27
2016-17,WAT,Watford,24,30
2016-17,WAT,Watford,25,30
2016-17,WAT,Watford,26,31
2016-17,WAT,Watford,27,31
2016-17,WAT,Watford,28,31
2016-17,WAT,Watford,29,34
2016-17,WAT,Watford,30,37
2016-17,WAT,Watford,31,37
2016-17,WAT,Watford,32,40
2016-17,WAT,Watford,33,40
2016-17,WAT,Watford,34,40
2016-17,WAT,Watford,35,40
2016-17,WAT,Watford,36,40
2016-17,WAT,Watford,37,40
2016-17,WAT,Watford,38,40
2016-17,WBA,West Bromwich Albion,1,3
2016-17,WBA,West Bromwich Albion,2,3
2016-17,WBA,West Bromwich Albion,3,4
2016-17,WBA,West Bromwich Albion,4,4
2016-17,WBA,West Bromwich Albion,5,7
2016-17,WBA,West Bromwich Albion,6,8
2016-17,WBA,West Bromwich Albion,7,9
2016-17,WBA,West Bromwich Albion,8,10
2016-17,WBA,West Bromwich Albion,9,10
2016-17,WBA,West Bromwich Albion,10,10
2016-17,WBA,West Bromwich Albion,11,13
2016-17,WBA,West Bromwich Albion,12,16
2016-17,WBA,West Bromwich Albion,13,17
2016-17,WBA,West Bromwich Albion,14,20
2016-17,WBA,West Bromwich Albion,15,20
2016-17,WBA,West Bromwich Albion,16,23
2016-17,WBA,West Bromwich Albion,17,23
2016-17,WBA,West Bromwich Albion,18,23
2016-17,WBA,West Bromwich Albion,19,26
2016-17,WBA,West Bromwich Albion,20,29
2016-17,WBA,West Bromwich Albion,21,29
2016-17,WBA,West Bromwich Albion,22,32
2016-17,WBA,West Bromwich Albion,23,33
2016-17,WBA,West Bromwich Albion,24,36
2016-17,WBA,West Bromwich Albion,25,37
2016-17,WBA,West Bromwich Albion,26,40
2016-17,WBA,West Bromwich Albion,27,40
2016-17,WBA,West Bromwich Albion,28,40
2016-17,WBA,West Bromwich Albion,29,43
2016-17,WBA,West Bromwich Albion,30,44
2016-17,WBA,West Bromwich Albion,31,44
2016-17,WBA,West Bromwich Albion,32,44
2016-17,WBA,West Bromwich Albion,33,44
2016-17,WBA,West Bromwich Albion,34,44
2016-17,WBA,West Bromwich Albion,35,45
2016-17,WBA,West Bromwich Albion,36,45
2016-17,WBA,West Bromwich Albion,37,45
2016-17,WBA,West Bromwich Albion,38,45
2016-17,WHU,West Ham United,1,0
2016-17,WHU,West Ham United,2,3
2016-17,WHU,West Ham United,3,3
2016-17,WHU,West Ham United,4,3
2016-17,WHU,West Ham United,5,3
2016-17,WHU,West Ham United,6,3
2016-17,WHU,West Ham United,7,4
2016-17,WHU,West Ham United,8,7
2016-17,WHU,West Ham United,9,10
2016-17,WHU,West Ham United,10,10
2016-17,WHU,West Ham United,11,11
2016-17,WHU,West Ham United,12,11
2016-17,WHU,West Ham United,13,12
2016-17,WHU,West Ham United,14,12
2016-17,WHU,West Ham United,15,13
2016-17,WHU,West Ham United,16,16
2016-17,WHU,West Ham United,17,19
2016-17,WHU,West Ham United,18,22
2016-17,WHU,West Ham United,19,22
2016-17,WHU,West Ham United,20,22
2016-17,WHU,West Ham United,21,25
2016-17,WHU,West Ham United,22,28
2016-17,WHU,West Ham United,23,28
2016-17,WHU,West Ham United,24,31
2016-17,WHU,West Ham United,25,32
2016-17,WHU,West Ham United,26,33
2016-17,WHU,West Ham United,27,33
2016-17,WHU,West Ham United,28,33
2016-17,WHU,West Ham United,29,33
2016-17,WHU,West Ham United,30,33
2016-17,WHU,West Ham United,31,33
2016-17,WHU,West Ham United,32,36
2016-17,WHU,West Ham United,33,37
2016-17,WHU,West Ham United,34,38
2016-17,WHU,West Ham United,35,39
2016-17,WHU,West Ham United,36,42
2016-17,WHU,West Ham United,37,42
2016-17,WHU,West Ham United,38,45
2017-18,ARS,Arsenal,1,3
2017-18,ARS,Arsenal,2,3
2017-18,ARS,Arsenal,3,3
2017-18,ARS,Arsenal,4,6
2017-18,ARS,Arsenal,5,7
2017-18,ARS,Arsenal,6,10
2017-18,ARS,Arsenal,7,13
2017-18,ARS,Arsenal,8,13
2017-18,ARS,Arsenal,9,16
2017-18,ARS,Arsenal,10,19
2017-18,ARS,Arsenal,11,19
2017-18,ARS,Arsenal,12,22
2017-18,ARS,Arsenal,13,25
2017-18,ARS,Arsenal,14,28
2017-18,ARS,Arsenal,15,28
2017-18,ARS,Arsenal,16,29
2017-18,ARS,Arsenal,17,30
2017-18,ARS,Arsenal,18,33
2017-18,ARS,Arsenal,19,34
2017-18,ARS,Arsenal,20,37
2017-18,ARS,Arsenal,21,38
2017-18,ARS,Arsenal,22,39
2017-18,ARS,Arsenal,23,39
2017-18,ARS,Arsenal,24,42
2017-18,ARS,Arsenal,25,42
2017-18,ARS,Arsenal,26,45
2017-18,ARS,Arsenal,27,45
2017-18,ARS,Arsenal,28,45
2017-18,ARS,Arsenal,29,45
2017-18,ARS,Arsenal,30,48
2017-18,ARS,Arsenal,31,51
2017-18,ARS,Arsenal,32,54
2017-18,ARS,Arsenal,33,54
2017-18,ARS,Arsenal,34,57
2017-18,ARS,Arsenal,35,57
2017-18,ARS,Arsenal,36,60
2017-18,ARS,Arsenal,37,60
2017-18,ARS,Arsenal,38,63
2017-18,BHA,Brighton and Hove Albion,1,0
2017-18,BHA,Brighton and Hove Albion,2,0
2017-18,BHA,Brighton and Hove Albion,3,1
2017-18,BHA,Brighton and Hove Albion,4,4
2017-18,BHA,Brighton and Hove Albion,5,4
2017-18,BHA,Brighton and Hove Albion,6,7
2017-18,BHA,Brighton and Hove Albion,7,7
2017-18,BHA,Brighton and Hove Albion,8,8
2017-18,BHA,Brighton and Hove Albion,9,11
2017-18,BHA,Brighton and Hove Albion,10,12
2017-18,BHA,Brighton and Hove Albion,11,15
2017-18,BHA,Brighton and Hove Albion,12,16
2017-18,BHA,Brighton and Hove Albion,13,16
2017-18,BHA,Brighton and Hove Albion,14,17
2017-18,BHA,Brighton and Hove Albion,15,17
2017-18,BHA,Brighton and Hove Albion,16,17
2017-18,BHA,Brighton and Hove Albion,17,17
2017-18,BHA,Brighton and Hove Albion,18,18
2017-18,BHA,Brighton and Hove Albion,19,21
2017-18,BHA,Brighton and Hove Albion,20,21
2017-18,BHA,Brighton and Hove Albion,21,22
2017-18,BHA,Brighton and Hove Albion,22,23
2017-18,BHA,Brighton and Hove Albion,23,23
2017-18,BHA,Brighton and Hove Albion,24,23
2017-18,BHA,Brighton and Hove Albion,25,24
2017-18,BHA,Brighton and Hove Albion,26,27
2017-18,BHA,Brighton and Hove Albion,27,28
2017-18,BHA,Brighton and Hove Albion,28,31
2017-18,BHA,Brighton and Hove Albion,29,34
2017-18,BHA,Brighton and Hove Albion,30,34
2017-18,BHA,Brighton and Hove Albion,31,34
2017-18,BHA,Brighton and Hove Albion,32,35
2017-18,BHA,Brighton and Hove Albion,33,35
2017-18,BHA,Brighton and Hove Albion,34,36
2017-18,BHA,Brighton and Hove Albion,35,37
2017-18,BHA,Brighton and Hove Albion,36,40
2017-18,BHA,Brighton and Hove Albion,37,40
2017-18,BHA,Brighton and Hove Albion,38,40
2017-18,BOU,Bournemouth,1,0
2017-18,BOU,Bournemouth,2,0
2017-18,BOU,Bournemouth,3,0
2017-18,BOU,Bournemouth,4,0
2017-18,BOU,Bournemouth,5,3
2017-18,BOU,Bournemouth,6,3
2017-18,BOU,Bournemouth,7,4
2017-18,BOU,Bournemouth,8,4
2017-18,BOU,Bournemouth,9,7
2017-18,BOU,Bournemouth,10,7
2017-18,BOU,Bournemouth,11,10
2017-18,BOU,Bournemouth,12,13
2017-18,BOU,Bournemouth,13,14
2017-18,BOU,Bournemouth,14,14
2017-18,BOU,Bournemouth,15,15
2017-18,BOU,Bournemouth,16,16
2017-18,BOU,Bournemouth,17,16
2017-18,BOU,Bournemouth,18,16
2017-18,BOU,Bournemouth,19,16
2017-18,BOU,Bournemouth,20,17
2017-18,BOU,Bournemouth,21,20
2017-18,BOU,Bournemouth,22,21
2017-18,BOU,Bournemouth,23,24
2017-18,BOU,Bournemouth,24,25
2017-18,BOU,Bournemouth,25,28
2017-18,BOU,Bournemouth,26,31
2017-18,BOU,Bournemouth,27,31
2017-18,BOU,Bournemouth,28,32
2017-18,BOU,Bournemouth,29,33
2017-18,BOU,Bournemouth,30,33
2017-18,BOU,Bournemouth,31,36
2017-18,BOU,Bournemouth,32,37
2017-18,BOU,Bournemouth,33,38
2017-18,BOU,Bournemouth,34,38
2017-18,BOU,Bournemouth,35,38
2017-18,BOU,Bournemouth,36,38
2017-18,BOU,Bournemouth,37,41
2017-18,BOU,Bournemouth,38,44
2017-18,BUR,Burnley,1,3
2017-18,BUR,Burnley,2,3
2017-18,BUR,Burnley,3,4
2017-18,BUR,Burnley,4,7
2017-18,BUR,Burnley,5,8
2017-18,BUR,Burnley,6,9
2017-18,BUR,Burnley,7,12
2017-18,BUR,Burnley,8,13
2017-18,BUR,Burnley,9,13
2017-18,BUR,Burnley,10,16
2017-18,BUR,Burnley,11,19
2017-18,BUR,Burnley,12,22
2017-18,BUR,Burnley,13,22
2017-18,BUR,Burnley,14,25
2017-18,BUR,Burnley,15,25
2017-18,BUR,Burnley,16,28
2017-18,BUR,Burnley,17,31
2017-18,BUR,Burnley,18,32
2017-18,BUR,Burnley,19,32
2017-18,BUR,Burnley,20,33
2017-18,BUR,Burnley,21,34
2017-18,BUR,Burnley,22,34
2017-18,BUR,Burnley,23,34
2017-18,BUR,Burnley,24,34
2017-18,BUR,Burnley,25,35
2017-18,BUR,Burnley,26,36
2017-18,BUR,Burnley,27,36
2017-18,BUR,Burnley,28,37
2017-18,BUR,Burnley,29,40
2017-18,BUR,Burnley,30,43
2017-18,BUR,Burnley,31,46
2017-18,BUR,Burnley,32,49
2017-18,BUR,Burnley,33,52
2017-18,BUR,Burnley,34,52
2017-18,BUR,Burnley,35,53
2017-18,BUR,Burnley,36,54
2017-18,BUR,Burnley,37,54
2017-18,BUR,Burnley,38,54
2017-18,CHE,Chelsea,1,0
2017-18,CHE,Chelsea,2,3
2017-18,CHE,Chelsea,3,6
2017-18,CHE,Chelsea,4,9
2017-18,CHE,Chelsea,5,10
2017-18,CHE,Chelsea,6,13
2017-18,CHE,Chelsea,7,13
2017-18,CHE,Chelsea,8,13
2017-18,CHE,Chelsea,9,16
2017-18,CHE,Chelsea,10,19
2017-18,CHE,Chelsea,11,22
2017-18,CHE,Chelsea,12,25
2017-18,CHE,Chelsea,13,26
2017-18,CHE,Chelsea,14,29
2017-18,CHE,Chelsea,15,32
2017-18,CHE,Chelsea,16,32
2017-18,CHE,Chelsea,17,35
2017-18,CHE,Chelsea,18,38
2017-18,CHE,Chelsea,19,39
2017-18,CHE,Chelsea,20,42
2017-18,CHE,Chelsea,21,45
2017-18,CHE,Chelsea,22,46
2017-18,CHE,Chelsea,23,47
2017-18,CHE,Chelsea,24,50
2017-18,CHE,Chelsea,25,50
2017-18,CHE,Chelsea,26,50
2017-18,CHE,Chelsea,27,53
2017-18,CHE,Chelsea,28,53
2017-18,CHE,Chelsea,29,53
2017-18,CHE,Chelsea,30,56
2017-18,CHE,Chelsea,31,56
2017-18,CHE,Chelsea,32,57
2017-18,CHE,Chelsea,33,60
2017-18,CHE,Chelsea,34,63
2017-18,CHE,Chelsea,35,66
2017-18,CHE,Chelsea,36,69
2017-18,CHE,Chelsea,37,70
2017-18,CHE,Chelsea,38,70
2017-18,CRY,Crystal Palace,1,0
2017-18,CRY,Crystal Palace,2,0
2017-18,CRY,Crystal Palace,3,0
2017-18,CRY,Crystal Palace,4,0
2017-18,CRY,Crystal Palace,5,0
2017-18,CRY,Crystal Palace,6,0
2017-18,CRY,Crystal Palace,7,0
2017-18,CRY,Crystal Palace,8,3
2017-18,CRY,Crystal Palace,9,3
2017-18,CRY,Crystal Palace,10,4
2017-18,CRY,Crystal Palace,11,4
2017-18,CRY,Crystal Palace,12,5
2017-18,CRY,Crystal Palace,13,8
2017-18,CRY,Crystal Palace,14,9
2017-18,CRY,Crystal Palace,15,10
2017-18,CRY,Crystal Palace,16,11
2017-18,CRY,Crystal Palace,17,14
2017-18,CRY,Crystal Palace,18,17
2017-18,CRY,Crystal Palace,19,18
2017-18,CRY,Crystal Palace,20,18
2017-18,CRY,Crystal Palace,21,19
2017-18,CRY,Crystal Palace,22,22
2017-18,CRY,Crystal Palace,23,25
2017-18,CRY,Crystal Palace,24,25
2017-18,CRY,Crystal Palace,25,26
2017-18,CRY,Crystal Palace,26,27
2017-18,CRY,Crystal Palace,27,27
2017-18,CRY,Crystal Palace,28,27
2017-18,CRY,Crystal Palace,29,27
2017-18,CRY,Crystal Palace,30,27
2017-18,CRY,Crystal Palace,31,30
2017-18,CRY,Crystal Palace,32,30
2017-18,CRY,Crystal Palace,33,31
2017-18,CRY,Crystal Palace,34,34
2017-18,CRY,Crystal Palace,35,35
2017-18,CRY,Crystal Palace,36,38
2017-18,CRY,Crystal Palace,37,41
2017-18,CRY,Crystal Palace,38,44
2017-18,EVE,Everton,1,3
2017-18,EVE,Everton,2,4
2017-18,EVE,Everton,3,4
2017-18,EVE,Everton,4,4
2017-18,EVE,Everton,5,4
2017-18,EVE,Everton,6,7
2017-18,EVE,Everton,7,7
2017-18,EVE,Everton,8,8
2017-18,EVE,Everton,9,8
2017-18,EVE,Everton,10,8
2017-18,EVE,Everton,11,11
2017-18,EVE,Everton,12,12
2017-18,EVE,Everton,13,12
2017-18,EVE,Everton,14,15
2017-18,EVE,Everton,15,18
2017-18,EVE,Everton,16,19
2017-18,EVE,Everton,17,22
2017-18,EVE,Everton,18,25
2017-18,EVE,Everton,19,26
2017-18,EVE,Everton,20,27
2017-18,EVE,Everton,21,27
2017-18,EVE,Everton,22,27
2017-18,EVE,Everton,23,27
2017-18,EVE,Everton,24,28
2017-18,EVE,Everton,25,31
2017-18,EVE,Everton,26,31
2017-18,EVE,Everton,27,34
2017-18,EVE,Everton,28,34
2017-18,EVE,Everton,29,34
2017-18,EVE,Everton,30,37
2017-18,EVE,Everton,31,40
2017-18,EVE,Everton,32,40
2017-18,EVE,Everton,33,41
2017-18,EVE,Everton,34,42
2017-18,EVE,Everton,35,45
2017-18,EVE,Everton,36,48
2017-18,EVE,Everton,37,49
2017-18,EVE,Everton,38,49
2017-18,HUD,Huddersfield Town,1,3
2017-18,HUD,Huddersfield Town,2,6
2017-18,HUD,Huddersfield Town,3,7
2017-18,HUD,Huddersfield Town,4,7
2017-18,HUD,Huddersfield Town,5,8
2017-18,HUD,Huddersfield Town,6,9
2017-18,HUD,Huddersfield Town,7,9
2017-18,HUD,Huddersfield Town,8,9
2017-18,HUD,Huddersfield Town,9,12
2017-18,HUD,Huddersfield Town,10,12
2017-18,HUD,Huddersfield Town,11,15
2017-18,HUD,Huddersfield Town,12,15
2017-18,HUD,Huddersfield Town,13,15
2017-18,HUD,Huddersfield Town,14,15
2017-18,HUD,Huddersfield Town,15,15
2017-18,HUD,Huddersfield Town,16,18
2017-18,HUD,Huddersfield Town,17,18
2017-18,HUD,Huddersfield Town,18,21
2017-18,HUD,Huddersfield Town,19,22
2017-18,HUD,Huddersfield Town,20,23
2017-18,HUD,Huddersfield Town,21,24
2017-18,HUD,Huddersfield Town,22,24
2017-18,HUD,Huddersfield Town,23,24
2017-18,HUD,Huddersfield Town,24,24
2017-18,HUD,Huddersfield Town,25,24
2017-18,HUD,Huddersfield Town,26,24
2017-18,HUD,Huddersfield Town,27,27
2017-18,HUD,Huddersfield Town,28,30
2017-18,HUD,Huddersfield Town,29,30
2017-18,HUD,Huddersfield Town,30,31
2017-18,HUD,Huddersfield Town,31,31
2017-18,HUD,Huddersfield Town,32,31
2017-18,HUD,Huddersfield Town,33,32
2017-18,HUD,Huddersfield Town,34,35
2017-18,HUD,Huddersfield Town,35,35
2017-18,HUD,Huddersfield Town,36,36
2017-18,HUD,Huddersfield Town,37,37
2017-18,HUD,Huddersfield Town,38,37
2017-18,LEI,Leicester City,1,0
2017-18,LEI,Leicester City,2,3
2017-18,LEI,Leicester City,3,3
2017-18,LEI,Leicester City,4,3
2017-18,LEI,Leicester City,5,4
2017-18,LEI,Leicester City,6,4
2017-18,LEI,Leicester City,7,5
2017-18,LEI,Leicester City,8,6
2017-18,LEI,Leicester City,9,9
2017-18,LEI,Leicester City,10,12
2017-18,LEI,Leicester City,11,13
2017-18,LEI,Leicester City,12,13
2017-18,LEI,Leicester City,13,14
2017-18,LEI,Leicester City,14,17
2017-18,LEI,Leicester City,15,20
2017-18,LEI,Leicester City,16,23
2017-18,LEI,Leicester City,17,26
2017-18,LEI,Leicester City,18,26
2017-18,LEI,Leicester City,19,27
2017-18,LEI,Leicester City,20,27
2017-18,LEI,Leicester City,21,27
2017-18,LEI,Leicester City,22,30
2017-18,LEI,Leicester City,23,31
2017-18,LEI,Leicester City,24,34
2017-18,LEI,Leicester City,25,34
2017-18,LEI,Leicester City,26,35
2017-18,LEI,Leicester City,27,35
2017-18,LEI,Leicester City,28,36
2017-18,LEI,Leicester City,29,37
2017-18,LEI,Leicester City,30,40
2017-18,LEI,Leicester City,31,43
2017-18,LEI,Leicester City,32,43
2017-18,LEI,Leicester City,33,43
2017-18,LEI,Leicester City,34,44
2017-18,LEI,Leicester City,35,44
2017-18,LEI,Leicester City,36,44
2017-18,LEI,Leicester City,37,47
2017-18,LEI,Leicester City,38,47
2017-18,LIV,Liverpool,1,1
2017-18,LIV,Liverpool,2,4
2017-18,LIV,Liverpool,3,7
2017-18,LIV,Liverpool,4,7
2017-18,LIV,Liverpool,5,8
2017-18,LIV,Liverpool,6,11
2017-18,LIV,Liverpool,7,12
2017-18,LIV,Liverpool,8,13
2017-18,LIV,Liverpool,9,13
2017-18,LIV,Liverpool,10,16
2017-18,LIV,Liverpool,11,19
2017-18,LIV,Liverpool,12,22
2017-18,LIV,Liverpool,13,23
2017-18,LIV,Liverpool,14,26
2017-18,LIV,Liverpool,15,29
2017-18,LIV,Liverpool,16,30
2017-18,LIV,Liverpool,17,31
2017-18,LIV,Liverpool,18,34
2017-18,LIV,Liverpool,19,35
2017-18,LIV,Liverpool,20,38
2017-18,LIV,Liverpool,21,41
2017-18,LIV,Liverpool,22,44
2017-18,LIV,Liverpool,23,47
2017-18,LIV,Liverpool,24,47
2017-18,LIV,Liverpool,25,50
2017-18,LIV,Liverpool,26,51
2017-18,LIV,Liverpool,27,54
2017-18,LIV,Liverpool,28,57
2017-18,LIV,Liverpool,29,60
2017-18,LIV,Liverpool,30,60
2017-18,LIV,Liverpool,31,63
2017-18,LIV,Liverpool,32,66
2017-18,LIV,Liverpool,33,67
2017-18,LIV,Liverpool,34,70
2017-18,LIV,Liverpool,35,71
2017-18,LIV,Liverpool,36,72
2017-18,LIV,Liverpool,37,72
2017-18,LIV,Liverpool,38,75
2017-18,MCI,Manchester City,1,3
2017-18,MCI,Manchester City,2,4
2017-18,MCI,Manchester City,3,7
2017-18,MCI,Manchester City,4,10
2017-18,MCI,Manchester City,5,13
2017-18,MCI,Manchester City,6,16
2017-18,MCI,Manchester City,7,19
2017-18,MCI,Manchester City,8,22
2017-18,MCI,Manchester City,9,25
2017-18,MCI,Manchester City,10,28
2017-18,MCI,Manchester City,11,31
2017-18,MCI,Manchester City,12,34
2017-18,MCI,Manchester City,13,37
2017-18,MCI,Manchester City,14,40
2017-18,MCI,Manchester City,15,43
2017-18,MCI,Manchester City,16,46
2017-18,MCI,Manchester City,17,49
2017-18,MCI,Manchester City,18,52
2017-18,MCI,Manchester City,19,55
2017-18,MCI,Manchester City,20,58
2017-18,MCI,Manchester City,21,59
2017-18,MCI,Manchester City,22,62
2017-18,MCI,Manchester City,23,62
2017-18,MCI,Manchester City,24,65
2017-18,MCI,Manchester City,25,68
2017-18,MCI,Manchester City,26,69
2017-18,MCI,Manchester City,27,72
2017-18,MCI,Manchester City,28,75
2017-18,MCI,Manchester City,29,78
2017-18,MCI,Manchester City,30,81
2017-18,MCI,Manchester City,31,84
2017-18,MCI,Manchester City,32,84
2017-18,MCI,Manchester City,33,87
2017-18,MCI,Manchester City,34,90
2017-18,MCI,Manchester City,35,93
2017-18,MCI,Manchester City,36,94
2017-18,MCI,Manchester City,37,97
2017-18,MCI,Manchester City,38,100
2017-18,MUN,Manchester United,1,3
2017-18,MUN,Manchester United,2,6
2017-18,MUN,Manchester United,3,9
2017-18,MUN,Manchester United,4,10
2017-18,MUN,Manchester United,5,13
2017-18,MUN,Manchester United,6,16
2017-18,MUN,Manchester United,7,19
2017-18,MUN,Manchester United,8,20
2017-18,MUN,Manchester United,9,20
2017-18,MUN,Manchester United,10,23
2017-18,MUN,Manchester United,11,23
2017-18,MUN,Manchester United,12,26
2017-18,MUN,Manchester United,13,29
2017-18,MUN,Manchester United,14,32
2017-18,MUN,Manchester United,15,35
2017-18,MUN,Manchester United,16,35
2017-18,MUN,Manchester United,17,38
2017-18,MUN,Manchester United,18,41
2017-18,MUN,Manchester United,19,42
2017-18,MUN,Manchester United,20,43
2017-18,MUN,Manchester United,21,44
2017-18,MUN,Manchester United,22,47
2017-18,MUN,Manchester United,23,50
2017-18,MUN,Manchester United,24,53
2017-18,MUN,Manchester United,25,53
2017-18,MUN,Manchester United,26,56
2017-18,MUN,Manchester United,27,56
2017-18,MUN,Manchester United,28,59
2017-18,MUN,Manchester United,29,62
2017-18,MUN,Manchester United,30,65
2017-18,MUN,Manchester United,31,68
2017-18,MUN,Manchester United,32,71
2017-18,MUN,Manchester United,33,71
2017-18,MUN,Manchester United,34,74
2017-18,MUN,Manchester United,35,77
2017-18,MUN,Manchester United,36,77
2017-18,MUN,Manchester United,37,78
2017-18,MUN,Manchester United,38,81
2017-18,NEW,Newcastle United,1,0
2017-18,NEW,Newcastle United,2,0
2017-18,NEW,Newcastle United,3,3
2017-18,NEW,Newcastle United,4,6
2017-18,NEW,Newcastle United,5,9
2017-18,NEW,Newcastle United,6,9
2017-18,NEW,Newcastle United,7,10
2017-18,NEW,Newcastle United,8,11
2017-18,NEW,Newcastle United,9,14
2017-18,NEW,Newcastle United,10,14
2017-18,NEW,Newcastle United,11,14
2017-18,NEW,Newcastle United,12,14
2017-18,NEW,Newcastle United,13,14
2017-18,NEW,Newcastle United,14,15
2017-18,NEW,Newcastle United,15,15
2017-18,NEW,Newcastle United,16,15
2017-18,NEW,Newcastle United,17,15
2017-18,NEW,Newcastle United,18,15
2017-18,NEW,Newcastle United,19,18
2017-18,NEW,Newcastle United,20,18
2017-18,NEW,Newcastle United,21,19
2017-18,NEW,Newcastle United,22,22
2017-18,NEW,Newcastle United,23,23
2017-18,NEW,Newcastle United,24,23
2017-18,NEW,Newcastle United,25,24
2017-18,NEW,Newcastle United,26,25
2017-18,NEW,Newcastle United,27,28
2017-18,NEW,Newcastle United,28,29
2017-18,NEW,Newcastle United,29,29
2017-18,NEW,Newcastle United,30,32
2017-18,NEW,Newcastle United,31,35
2017-18,NEW,Newcastle United,32,38
2017-18,NEW,Newcastle United,33,41
2017-18,NEW,Newcastle United,34,41
2017-18,NEW,Newcastle United,35,41
2017-18,NEW,Newcastle United,36,41
2017-18,NEW,Newcastle United,37,41
2017-18,NEW,Newcastle United,38,44
2017-18,SOU,Southampton,1,1
2017-18,SOU,Southampton,2,4
2017-18,SOU,Southampton,3,5
2017-18,SOU,Southampton,4,5
2017-18,SOU,Southampton,5,8
2017-18,SOU,Southampton,6,8
2017-18,SOU,Southampton,7,8
2017-18,SOU,Southampton,8,9
2017-18,SOU,Southampton,9,12
2017-18,SOU,Southampton,10,13
2017-18,SOU,Southampton,11,13
2017-18,SOU,Southampton,12,13
2017-18,SOU,Southampton,13,16
2017-18,SOU,Southampton,14,16
2017-18,SOU,Southampton,15,17
2017-18,SOU,Southampton,16,18
2017-18,SOU,Southampton,17,18
2017-18,SOU,Southampton,18,18
2017-18,SOU,Southampton,19,19
2017-18,SOU,Southampton,20,19
2017-18,SOU,Southampton,21,20
2017-18,SOU,Southampton,22,20
2017-18,SOU,Southampton,23,21
2017-18,SOU,Southampton,24,22
2017-18,SOU,Southampton,25,23
2017-18,SOU,Southampton,26,26
2017-18,SOU,Southampton,27,26
2017-18,SOU,Southampton,28,27
2017-18,SOU,Southampton,29,28
2017-18,SOU,Southampton,30,28
2017-18,SOU,Southampton,31,28
2017-18,SOU,Southampton,32,28
2017-18,SOU,Southampton,33,28
2017-18,SOU,Southampton,34,29
2017-18,SOU,Southampton,35,32
2017-18,SOU,Southampton,36,33
2017-18,SOU,Southampton,37,36
2017-18,SOU,Southampton,38,36
2017-18,STO,Stoke City,1,0
2017-18,STO,Stoke City,2,3
2017-18,STO,Stoke City,3,4
2017-18,STO,Stoke City,4,5
2017-18,STO,Stoke City,5,5
2017-18,STO,Stoke City,6,5
2017-18,STO,Stoke City,7,8
2017-18,STO,Stoke City,8,8
2017-18,STO,Stoke City,9,8
2017-18,STO,Stoke City,10,11
2017-18,STO,Stoke City,11,12
2017-18,STO,Stoke City,12,13
2017-18,STO,Stoke City,13,13
2017-18,STO,Stoke City,14,13
2017-18,STO,Stoke City,15,16
2017-18,STO,Stoke City,16,16
2017-18,STO,Stoke City,17,16
2017-18,STO,Stoke City,18,16
2017-18,STO,Stoke City,19,19
2017-18,STO,Stoke City,20,20
2017-18,STO,Stoke City,21,20
2017-18,STO,Stoke City,22,20
2017-18,STO,Stoke City,23,20
2017-18,STO,Stoke City,24,23
2017-18,STO,Stoke City,25,24
2017-18,STO,Stoke City,26,24
2017-18,STO,Stoke City,27,25
2017-18,STO,Stoke City,28,26
2017-18,STO,Stoke City,29,27
2017-18,STO,Stoke City,30,27
2017-18,STO,Stoke City,31,27
2017-18,STO,Stoke City,32,27
2017-18,STO,Stoke City,33,27
2017-18,STO,Stoke City,34,28
2017-18,STO,Stoke City,35,29
2017-18,STO,Stoke City,36,30
2017-18,STO,Stoke City,37,30
2017-18,STO,Stoke City,38,33
2017-18,SWA,Swansea City,1,1
2017-18,SWA,Swansea City,2,1
2017-18,SWA,Swansea City,3,4
2017-18,SWA,Swansea City,4,4
2017-18,SWA,Swansea City,5,5
2017-18,SWA,Swansea City,6,5
2017-18,SWA,Swansea City,7,5
2017-18,SWA,Swansea City,8,8
2017-18,SWA,Swansea City,9,8
2017-18,SWA,Swansea City,10,8
2017-18,SWA,Swansea City,11,8
2017-18,SWA,Swansea City,12,8
2017-18,SWA,Swansea City,13,9
2017-18,SWA,Swansea City,14,9
2017-18,SWA,Swansea City,15,9
2017-18,SWA,Swansea City,16,12
2017-18,SWA,Swansea City,17,12
2017-18,SWA,Swansea City,18,12
2017-18,SWA,Swansea City,19,13
2017-18,SWA,Swansea City,20,13
2017-18,SWA,Swansea City,21,16
2017-18,SWA,Swansea City,22,16
2017-18,SWA,Swansea City,23,17
2017-18,SWA,Swansea City,24,20
2017-18,SWA,Swansea City,25,23
2017-18,SWA,Swansea City,26,24
2017-18,SWA,Swansea City,27,27
2017-18,SWA,Swansea City,28,27
2017-18,SWA,Swansea City,29,30
2017-18,SWA,Swansea City,30,31
2017-18,SWA,Swansea City,31,31
2017-18,SWA,Swansea City,32,32
2017-18,SWA,Swansea City,33,33
2017-18,SWA,Swansea City,34,33
2017-18,SWA,Swansea City,35,33
2017-18,SWA,Swansea City,36,33
2017-18,SWA,Swansea City,37,33
2017-18,SWA,Swansea City,38,33
2017-18,TOT,Tottenham Hotspur,1,3
2017-18,TOT,Tottenham Hotspur,2,3
2017-18,TOT,Tottenham Hotspur,3,4
2017-18,TOT,Tottenham Hotspur,4,7
2017-18,TOT,Tottenham Hotspur,5,8
2017-18,TOT,Tottenham Hotspur,6,11
2017-18,TOT,Tottenham Hotspur,7,14
2017-18,TOT,Tottenham Hotspur,8,17
2017-18,TOT,Tottenham Hotspur,9,20
2017-18,TOT,Tottenham Hotspur,10,20
2017-18,TOT,Tottenham Hotspur,11,23
2017-18,TOT,Tottenham Hotspur,12,23
2017-18,TOT,Tottenham Hotspur,13,24
2017-18,TOT,Tottenham Hotspur,14,24
2017-18,TOT,Tottenham Hotspur,15,25
2017-18,TOT,Tottenham Hotspur,16,28
2017-18,TOT,Tottenham Hotspur,17,31
2017-18,TOT,Tottenham Hotspur,18,31
2017-18,TOT,Tottenham Hotspur,19,34
2017-18,TOT,Tottenham Hotspur,20,37
2017-18,TOT,Tottenham Hotspur,21,40
2017-18,TOT,Tottenham Hotspur,22,41
2017-18,TOT,Tottenham Hotspur,23,44
2017-18,TOT,Tottenham Hotspur,24,45
2017-18,TOT,Tottenham Hotspur,25,48
2017-18,TOT,Tottenham Hotspur,26,49
2017-18,TOT,Tottenham Hotspur,27,52
2017-18,TOT,Tottenham Hotspur,28,55
2017-18,TOT,Tottenham Hotspur,29,58
2017-18,TOT,Tottenham Hotspur,30,61
2017-18,TOT,Tottenham Hotspur,31,64
2017-18,TOT,Tottenham Hotspur,32,67
2017-18,TOT,Tottenham Hotspur,33,67
2017-18,TOT,Tottenham Hotspur,34,68
2017-18,TOT,Tottenham Hotspur,35,71
2017-18,TOT,Tottenham Hotspur,36,71
2017-18,TOT,Tottenham Hotspur,37,74
2017-18,TOT,Tottenham Hotspur,38,77
2017-18,WAT,Watford,1,1
2017-18,WAT,Watford,2,4
2017-18,WAT,Watford,3,5
2017-18,WAT,Watford,4,8
2017-18,WAT,Watford,5,8
2017-18,WAT,Watford,6,11
2017-18,WAT,Watford,7,12
2017-18,WAT,Watford,8,15
2017-18,WAT,Watford,9,15
2017-18,WAT,Watford,10,15
2017-18,WAT,Watford,11,15
2017-18,WAT,Watford,12,18
2017-18,WAT,Watford,13,21
2017-18,WAT,Watford,14,21
2017-18,WAT,Watford,15,22
2017-18,WAT,Watford,16,22
2017-18,WAT,Watford,17,22
2017-18,WAT,Watford,18,22
2017-18,WAT,Watford,19,22
2017-18,WAT,Watford,20,25
2017-18,WAT,Watford,21,25
2017-18,WAT,Watford,22,25
2017-18,WAT,Watford,23,26
2017-18,WAT,Watford,24,26
2017-18,WAT,Watford,25,27
2017-18,WAT,Watford,26,30
2017-18,WAT,Watford,27,30
2017-18,WAT,Watford,28,33
2017-18,WAT,Watford,29,36
2017-18,WAT,Watford,30,36
2017-18,WAT,Watford,31,36
2017-18,WAT,Watford,32,37
2017-18,WAT,Watford,33,37
2017-18,WAT,Watford,34,37
2017-18,WAT,Watford,35,38
2017-18,WAT,Watford,36,38
2017-18,WAT,Watford,37,41
2017-18,WAT,Watford,38,41
2017-18,WBA,West Bromwich Albion,1,3
2017-18,WBA,West Bromwich Albion,2,6
2017-18,WBA,West Bromwich Albion,3,7
2017-18,WBA,West Bromwich Albion,4,7
2017-18,WBA,West Bromwich Albion,5,8
2017-18,WBA,West Bromwich Albion,6,8
2017-18,WBA,West Bromwich Albion,7,9
2017-18,WBA,West Bromwich Albion,8,10
2017-18,WBA,West Bromwich Albion,9,10
2017-18,WBA,West Bromwich Albion,10,10
2017-18,WBA,West Bromwich Albion,11,10
2017-18,WBA,West Bromwich Albion,12,10
2017-18,WBA,West Bromwich Albion,13,11
2017-18,WBA,West Bromwich Albion,14,12
2017-18,WBA,West Bromwich Albion,15,13
2017-18,WBA,West Bromwich Albion,16,13
2017-18,WBA,West Bromwich Albion,17,14
2017-18,WBA,West Bromwich Albion,18,14
2017-18,WBA,West Bromwich Albion,19,14
2017-18,WBA,West Bromwich Albion,20,15
2017-18,WBA,West Bromwich Albion,21,16
2017-18,WBA,West Bromwich Albion,22,16
2017-18,WBA,West Bromwich Albion,23,19
2017-18,WBA,West Bromwich Albion,24,20
2017-18,WBA,West Bromwich Albion,25,20
2017-18,WBA,West Bromwich Albion,26,20
2017-18,WBA,West Bromwich Albion,27,20
2017-18,WBA,West Bromwich Albion,28,20
2017-18,WBA,West Bromwich Albion,29,20
2017-18,WBA,West Bromwich Albion,30,20
2017-18,WBA,West Bromwich Albion,31,20
2017-18,WBA,West Bromwich Albion,32,20
2017-18,WBA,West Bromwich Albion,33,21
2017-18,WBA,West Bromwich Albion,34,24
2017-18,WBA,West Bromwich Albion,35,25
2017-18,WBA,West Bromwich Albion,36,28
2017-18,WBA,West Bromwich Albion,37,31
2017-18,WBA,West Bromwich Albion,38,31
2017-18,WHU,West Ham United,1,0
2017-18,WHU,West Ham United,2,0
2017-18,WHU,West Ham United,3,0
2017-18,WHU,West Ham United,4,3
2017-18,WHU,West Ham United,5,4
2017-18,WHU,West Ham United,6,4
2017-18,WHU,West Ham United,7,7
2017-18,WHU,West Ham United,8,8
2017-18,WHU,West Ham United,9,8
2017-18,WHU,West Ham United,10,9
2017-18,WHU,West Ham United,11,9
2017-18,WHU,West Ham United,12,9
2017-18,WHU,West Ham United,13,10
2017-18,WHU,West Ham United,14,10
2017-18,WHU,West Ham United,15,10
2017-18,WHU,West Ham United,16,13
2017-18,WHU,West Ham United,17,14
2017-18,WHU,West Ham United,18,17
2017-18,WHU,West Ham United,19,17
2017-18,WHU,West Ham United,20,18
2017-18,WHU,West Ham United,21,21
2017-18,WHU,West Ham United,22,22
2017-18,WHU,West Ham United,23,25
2017-18,WHU,West Ham United,24,26
2017-18,WHU,West Ham United,25,27
2017-18,WHU,West Ham United,26,27
2017-18,WHU,West Ham United,27,30
2017-18,WHU,West Ham United,28,30
2017-18,WHU,West Ham United,29,30
2017-18,WHU,West Ham United,30,30
2017-18,WHU,West Ham United,31,33
2017-18,WHU,West Ham United,32,34
2017-18,WHU,West Ham United,33,35
2017-18,WHU,West Ham United,34,35
2017-18,WHU,West Ham United,35,35
2017-18,WHU,West Ham United,36,38
2017-18,WHU,West Ham United,37,39
2017-18,WHU,West Ham United,38,42
2018-19,ARS,Arsenal,1,0
2018-19,ARS,Arsenal,2,0
2018-19,ARS,Arsenal,3,3
2018-19,ARS,Arsenal,4,6
2018-19,ARS,Arsenal,5,9
2018-19,ARS,Arsenal,6,12
2018-19,ARS,Arsenal,7,15
2018-19,ARS,Arsenal,8,18
2018-19,ARS,Arsenal,9,21
2018-19,ARS,Arsenal,10,22
2018-19,ARS,Arsenal,11,23
2018-19,ARS,Arsenal,12,24
2018-19,ARS,Arsenal,13,27
2018-19,ARS,Arsenal,14,30
2018-19,ARS,Arsenal,15,31
2018-19,ARS,Arsenal,16,34
2018-19,ARS,Arsenal,17,34
2018-19,ARS,Arsenal,18,37
2018-19,ARS,Arsenal,19,38
2018-19,ARS,Arsenal,20,38
2018-19,ARS,Arsenal,21,41
2018-19,ARS,Arsenal,22,41
2018-19,ARS,Arsenal,23,44
2018-19,ARS,Arsenal,24,47
2018-19,ARS,Arsenal,25,47
2018-19,ARS,Arsenal,26,50
2018-19,ARS,Arsenal,27,53
2018-19,ARS,Arsenal,28,56
2018-19,ARS,Arsenal,29,57
2018-19,ARS,Arsenal,30,60
2018-19,ARS,Arsenal,31,63
2018-19,ARS,Arsenal,32,63
2018-19,ARS,Arsenal,33,66
2018-19,ARS,Arsenal,34,66
2018-19,ARS,Arsenal,35,66
2018-19,ARS,Arsenal,36,66
2018-19,ARS,Arsenal,37,67
2018-19,ARS,Arsenal,38,70
2018-19,BHA,Brighton and Hove Albion,1,0
2018-19,BHA,Brighton and Hove Albion,2,3
2018-19,BHA,Brighton and Hove Albion,3,3
2018-19,BHA,Brighton and Hove Albion,4,4
2018-19,BHA,Brighton and Hove Albion,5,5
2018-19,BHA,Brighton and Hove Albion,6,5
2018-19,BHA,Brighton and Hove Albion,7,5
2018-19,BHA,Brighton and Hove Albion,8,8
2018-19,BHA,Brighton and Hove Albion,9,11
2018-19,BHA,Brighton and Hove Albion,10,14
2018-19,BHA,Brighton and Hove Albion,11,14
2018-19,BHA,Brighton and Hove Albion,12,14
2018-19,BHA,Brighton and Hove Albion,13,15
2018-19,BHA,Brighton and Hove Albion,14,18
2018-19,BHA,Brighton and Hove Albion,15,21
2018-19,BHA,Brighton and Hove Albion,16,21
2018-19,BHA,Brighton and Hove Albion,17,21
2018-19,BHA,Brighton and Hove Albion,18,21
2018-19,BHA,Brighton and Hove Albion,19,22
2018-19,BHA,Brighton and Hove Albion,20,25
2018-19,BHA,Brighton and Hove Albion,21,26
2018-19,BHA,Brighton and Hove Albion,22,26
2018-19,BHA,Brighton and Hove Albion,23,26
2018-19,BHA,Brighton and Hove Albion,24,26
2018-19,BHA,Brighton and Hove Albion,25,27
2018-19,BHA,Brighton and Hove Albion,26,27
2018-19,BHA,Brighton and Hove Albion,27,27
2018-19,BHA,Brighton and Hove Albion,28,30
2018-19,BHA,Brighton and Hove Albion,29,33
2018-19,BHA,Brighton and Hove Albion,30,33
2018-19,BHA,Brighton and Hove Albion,31,33
2018-19,BHA,Brighton and Hove Albion,32,33
2018-19,BHA,Brighton and Hove Albion,33,33
2018-19,BHA,Brighton and Hove Albion,34,34
2018-19,BHA,Brighton and Hove Albion,35,34
2018-19,BHA,Brighton and Hove Albion,36,35
2018-19,BHA,Brighton and Hove Albion,37,36
2018-19,BHA,Brighton and Hove Albion,38,36
2018-19,BOU,Bournemouth,1,3
2018-19,BOU,Bournemouth,2,6
2018-19,BOU,Bournemouth,3,7
2018-19,BOU,Bournemouth,4,7
2018-19,BOU,Bournemouth,5,10
2018-19,BOU,Bournemouth,6,10
2018-19,BOU,Bournemouth,7,13
2018-19,BOU,Bournemouth,8,16
2018-19,BOU,Bournemouth,9,17
2018-19,BOU,Bournemouth,10,20
2018-19,BOU,Bournemouth,11,20
2018-19,BOU,Bournemouth,12,20
2018-19,BOU,Bournemouth,13,20
2018-19,BOU,Bournemouth,14,20
2018-19,BOU,Bournemouth,15,23
2018-19,BOU,Bournemouth,16,23
2018-19,BOU,Bournemouth,17,23
2018-19,BOU,Bournemouth,18,26
2018-19,BOU,Bournemouth,19,26
2018-19,BOU,Bournemouth,20,26
2018-19,BOU,Bournemouth,21,27
2018-19,BOU,Bournemouth,22,27
2018-19,BOU,Bournemouth,23,30
2018-19,BOU,Bournemouth,24,33
2018-19,BOU,Bournemouth,25,33
2018-19,BOU,Bournemouth,26,33
2018-19,BOU,Bournemouth,27,34
2018-19,BOU,Bournemouth,28,34
2018-19,BOU,Bournemouth,29,34
2018-19,BOU,Bournemouth,30,37
2018-19,BOU,Bournemouth,31,38
2018-19,BOU,Bournemouth,32,38
2018-19,BOU,Bournemouth,33,38
2018-19,BOU,Bournemouth,34,41
2018-19,BOU,Bournemouth,35,41
2018-19,BOU,Bournemouth,36,42
2018-19,BOU,Bournemouth,37,45
2018-19,BOU,Bournemouth,38,45
2018-19,BUR,Burnley,1,1
2018-19,BUR,Burnley,2,1
2018-19,BUR,Burnley,3,1
2018-19,BUR,Burnley,4,1
2018-19,BUR,Burnley,5,1
2018-19,BUR,Burnley,6,4
2018-19,BUR,Burnley,7,7
2018-19,BUR,Burnley,8,8
2018-19,BUR,Burnley,9,8
2018-19,BUR,Burnley,10,8
2018-19,BUR,Burnley,11,8
2018-19,BUR,Burnley,12,9
2018-19,BUR,Burnley,13,9
2018-19,BUR,Burnley,14,9
2018-19,BUR,Burnley,15,9
2018-19,BUR,Burnley,16,12
2018-19,BUR,Burnley,17,12
2018-19,BUR,Burnley,18,12
2018-19,BUR,Burnley,19,12
2018-19,BUR,Burnley,20,15
2018-19,BUR,Burnley,21,18
2018-19,BUR,Burnley,22,21
2018-19,BUR,Burnley,23,22
2018-19,BUR,Burnley,24,23
2018-19,BUR,Burnley,25,24
2018-19,BUR,Burnley,26,27
2018-19,BUR,Burnley,27,30
2018-19,BUR,Burnley,28,30
2018-19,BUR,Burnley,29,30
2018-19,BUR,Burnley,30,30
2018-19,BUR,Burnley,31,30
2018-19,BUR,Burnley,32,33
2018-19,BUR,Burnley,33,36
2018-19,BUR,Burnley,34,39
2018-19,BUR,Burnley,35,40
2018-19,BUR,Burnley,36,40
2018-19,BUR,Burnley,37,40
2018-19,BUR,Burnley,38,40
2018-19,CAR,Cardiff City,1,0
2018-19,CAR,Cardiff City,2,1
2018-19,CAR,Cardiff City,3,2
2018-19,CAR,Cardiff City,4,2
2018-19,CAR,Cardiff City,5,2
2018-19,CAR,Cardiff City,6,2
2018-19,CAR,Cardiff City,7,2
2018-19,CAR,Cardiff City,8,2
2018-19,CAR,Cardiff City,9,5
2018-19,CAR,Cardiff City,10,5
2018-19,CAR,Cardiff City,11,5
2018-19,CAR,Cardiff City,12,8
2018-19,CAR,Cardiff City,13,8
2018-19,CAR,Cardiff City,14,11
2018-19,CAR,Cardiff City,15,11
2018-19,CAR,Cardiff City,16,14
2018-19,CAR,Cardiff City,17,14
2018-19,CAR,Cardiff City,18,14
2018-19,CAR,Cardiff City,19,15
2018-19,CAR,Cardiff City,20,18
2018-19,CAR,Cardiff City,21,18
2018-19,CAR,Cardiff City,22,19
2018-19,CAR,Cardiff City,23,19
2018-19,CAR,Cardiff City,24,19
2018-19,CAR,Cardiff City,25,22
2018-19,CAR,Cardiff City,26,25
2018-19,CAR,Cardiff City,27,25
2018-19,CAR,Cardiff City,28,25
2018-19,CAR,Cardiff City,29,25
2018-19,CAR,Cardiff City,30,28
2018-19,CAR,Cardiff City,31,28
2018-19,CAR,Cardiff City,32,28
2018-19,CAR,Cardiff City,33,28
2018-19,CAR,Cardiff City,34,31
2018-19,CAR,Cardiff City,35,31
2018-19,CAR,Cardiff City,36,31
2018-19,CAR,Cardiff City,37,31
2018-19,CAR,Cardiff City,38,34
2018-19,CHE,Chelsea,1,3
2018-19,CHE,Chelsea,2,6
2018-19,CHE,Chelsea,3,9
2018-19,CHE,Chelsea,4,12
2018-19,CHE,Chelsea,5,15
2018-19,CHE,Chelsea,6,16
2018-19,CHE,Chelsea,7,17
2018-19,CHE,Chelsea,8,20
2018-19,CHE,Chelsea,9,21
2018-19,CHE,Chelsea,10,24
2018-19,CHE,Chelsea,11,27
2018-19,CHE,Chelsea,12,28
2018-19,CHE,Chelsea,13,28
2018-19,CHE,Chelsea,14,31
2018-19,CHE,Chelsea,15,31
2018-19,CHE,Chelsea,16,34
2018-19,CHE,Chelsea,17,37
2018-19,CHE,Chelsea,18,37
2018-19,CHE,Chelsea,19,40
2018-19,CHE,Chelsea,20,43
2018-19,CHE,Chelsea,21,44
2018-19,CHE,Chelsea,22,47
2018-19,CHE,Chelsea,23,47
2018-19,CHE,Chelsea,24,47
2018-19,CHE,Chelsea,25,50
2018-19,CHE,Chelsea,26,50
2018-19,CHE,Chelsea,27,53
2018-19,CHE,Chelsea,28,56
2018-19,CHE,Chelsea,29,57
2018-19,CHE,Chelsea,30,57
2018-19,CHE,Chelsea,31,60
2018-19,CHE,Chelsea,32,63
2018-19,CHE,Chelsea,33,66
2018-19,CHE,Chelsea,34,66
2018-19,CHE,Chelsea,35,67
2018-19,CHE,Chelsea,36,68
2018-19,CHE,Chelsea,37,71
2018-19,CHE,Chelsea,38,72
2018-19,CRY,Crystal Palace,1,3
2018-19,CRY,Crystal Palace,2,3
2018-19,CRY,Crystal Palace,3,3
2018-19,CRY,Crystal Palace,4,3
2018-19,CRY,Crystal Palace,5,6
2018-19,CRY,Crystal Palace,6,7
2018-19,CRY,Crystal Palace,7,7
2018-19,CRY,Crystal Palace,8,7
2018-19,CRY,Crystal Palace,9,7
2018-19,CRY,Crystal Palace,10,8
2018-19,CRY,Crystal Palace,11,8
2018-19,CRY,Crystal Palace,12,8
2018-19,CRY,Crystal Palace,13,9
2018-19,CRY,Crystal Palace,14,12
2018-19,CRY,Crystal Palace,15,12
2018-19,CRY,Crystal Palace,16,12
2018-19,CRY,Crystal Palace,17,15
2018-19,CRY,Crystal Palace,18,18
2018-19,CRY,Crystal Palace,19,19
2018-19,CRY,Crystal Palace,20,19
2018-19,CRY,Crystal Palace,21,22
2018-19,CRY,Crystal Palace,22,22
2018-19,CRY,Crystal Palace,23,22
2018-19,CRY,Crystal Palace,24,23
2018-19,CRY,Crystal Palace,25,26
2018-19,CRY,Crystal Palace,26,27
2018-19,CRY,Crystal Palace,27,30
2018-19,CRY,Crystal Palace,28,30
2018-19,CRY,Crystal Palace,29,33
2018-19,CRY,Crystal Palace,30,33
2018-19,CRY,Crystal Palace,31,36
2018-19,CRY,Crystal Palace,32,36
2018-19,CRY,Crystal Palace,33,39
2018-19,CRY,Crystal Palace,34,39
2018-19,CRY,Crystal Palace,35,42
2018-19,CRY,Crystal Palace,36,43
2018-19,CRY,Crystal Palace,37,46
2018-19,CRY,Crystal Palace,38,49
2018-19,EVE,Everton,1,1
2018-19,EVE,Everton,2,4
2018-19,EVE,Everton,3,5
2018-19,EVE,Everton,4,6
2018-19,EVE,Everton,5,6
2018-19,EVE,Everton,6,6
2018-19,EVE,Everton,7,9
2018-19,EVE,Everton,8,12
2018-19,EVE,Everton,9,15
2018-19,EVE,Everton,10,15
2018-19,EVE,Everton,11,18
2018-19,EVE,Everton,12,19
2018-19,EVE,Everton,13,22
2018-19,EVE,Everton,14,22
2018-19,EVE,Everton,15,23
2018-19,EVE,Everton,16,24
2018-19,EVE,Everton,17,24
2018-19,EVE,Everton,18,24
2018-19,EVE,Everton,19,27
2018-19,EVE,Everton,20,27
2018-19,EVE,Everton,21,27
2018-19,EVE,Everton,22,30
2018-19,EVE,Everton,23,30
2018-19,EVE,Everton,24,33
2018-19,EVE,Everton,25,33
2018-19,EVE,Everton,26,33
2018-19,EVE,Everton,27,33
2018-19,EVE,Everton,28,36
2018-19,EVE,Everton,29,37
2018-19,EVE,Everton,30,37
2018-19,EVE,Everton,31,40
2018-19,EVE,Everton,32,43
2018-19,EVE,Everton,33,46
2018-19,EVE,Everton,34,46
2018-19,EVE,Everton,35,49
2018-19,EVE,Everton,36,50
2018-19,EVE,Everton,37,53
2018-19,EVE,Everton,38,54
2018-19,FUL,Fulham,1,0
2018-19,FUL,Fulham,2,0
2018-19,FUL,Fulham,3,3
2018-19,FUL,Fulham,4,4
2018-19,FUL,Fulham,5,4
2018-19,FUL,Fulham,6,5
2018-19,FUL,Fulham,7,5
2018-19,FUL,Fulham,8,5
2018-19,FUL,Fulham,9,5
2018-19,FUL,Fulham,10,5
2018-19,FUL,Fulham,11,5
2018-19,FUL,Fulham,12,5
2018-19,FUL,Fulham,13,8
2018-19,FUL,Fulham,14,8
2018-19,FUL,Fulham,15,9
2018-19,FUL,Fulham,16,9
2018-19,FUL,Fulham,17,9
2018-19,FUL,Fulham,18,10
2018-19,FUL,Fulham,19,11
2018-19,FUL,Fulham,20,14
2018-19,FUL,Fulham,21,14
2018-19,FUL,Fulham,22,14
2018-19,FUL,Fulham,23,14
2018-19,FUL,Fulham,24,17
2018-19,FUL,Fulham,25,17
2018-19,FUL,Fulham,26,17
2018-19,FUL,Fulham,27,17
2018-19,FUL,Fulham,28,17
2018-19,FUL,Fulham,29,17
2018-19,FUL,Fulham,30,17
2018-19,FUL,Fulham,31,17
2018-19,FUL,Fulham,32,17
2018-19,FUL,Fulham,33,17
2018-19,FUL,Fulham,34,20
2018-19,FUL,Fulham,35,23
2018-19,FUL,Fulham,36,26
2018-19,FUL,Fulham,37,26
2018-19,FUL,Fulham,38,26
2018-19,HUD,Huddersfield Town,1,0
2018-19,HUD,Huddersfield Town,2,0
2018-19,HUD,Huddersfield Town,3,1
2018-19,HUD,Huddersfield Town,4,2
2018-19,HUD,Huddersfield Town,5,2
2018-19,HUD,Huddersfield Town,6,2
2018-19,HUD,Huddersfield Town,7,2
2018-19,HUD,Huddersfield Town,8,3
2018-19,HUD,Huddersfield Town,9,3
2018-19,HUD,Huddersfield Town,10,3
2018-19,HUD,Huddersfield Town,11,6
2018-19,HUD,Huddersfield Town,12,7
2018-19,HUD,Huddersfield Town,13,10
2018-19,HUD,Huddersfield Town,14,10
2018-19,HUD,Huddersfield Town,15,10
2018-19,HUD,Huddersfield Town,16,10
2018-19,HUD,Huddersfield Town,17,10
2018-19,HUD,Huddersfield Town,18,10
2018-19,HUD,Huddersfield Town,19,10
2018-19,HUD,Huddersfield Town,20,10
2018-19,HUD,Huddersfield Town,21,10
2018-19,HUD,Huddersfield Town,22,11
2018-19,HUD,Huddersfield Town,23,11
2018-19,HUD,Huddersfield Town,24,11
2018-19,HUD,Huddersfield Town,25,11
2018-19,HUD,Huddersfield Town,26,11
2018-19,HUD,Huddersfield Town,27,11
2018-19,HUD,Huddersfield Town,28,14
2018-19,HUD,Huddersfield Town,29,14
2018-19,HUD,Huddersfield Town,30,14
2018-19,HUD,Huddersfield Town,31,14
2018-19,HUD,Huddersfield Town,32,14
2018-19,HUD,Huddersfield Town,33,14
2018-19,HUD,Huddersfield Town,34,14
2018-19,HUD,Huddersfield Town,35,14
2018-19,HUD,Huddersfield Town,36,14
2018-19,HUD,Huddersfield Town,37,15
2018-19,HUD,Huddersfield Town,38,16
2018-19,LEI,Leicester City,1,0
2018-19,LEI,Leicester City,2,3
2018-19,LEI,Leicester City,3,6
2018-19,LEI,Leicester City,4,6
2018-19,LEI,Leicester City,5,6
2018-19,LEI,Leicester City,6,9
2018-19,LEI,Leicester City,7,12
2018-19,LEI,Leicester City,8,12
2018-19,LEI,Leicester City,9,12
2018-19,LEI,Leicester City,10,13
2018-19,LEI,Leicester City,11,16
2018-19,LEI,Leicester City,12,17
2018-19,LEI,Leicester City,13,18
2018-19,LEI,Leicester City,14,21
2018-19,LEI,Leicester City,15,22
2018-19,LEI,Leicester City,16,22
2018-19,LEI,Leicester City,17,22
2018-19,LEI,Leicester City,18,25
2018-19,LEI,Leicester City,19,28
2018-19,LEI,Leicester City,20,28
2018-19,LEI,Leicester City,21,31
2018-19,LEI,Leicester City,22,31
2018-19,LEI,Leicester City,23,31
2018-19,LEI,Leicester City,24,32
2018-19,LEI,Leicester City,25,32
2018-19,LEI,Leicester City,26,32
2018-19,LEI,Leicester City,27,32
2018-19,LEI,Leicester City,28,35
2018-19,LEI,Leicester City,29,35
2018-19,LEI,Leicester City,30,38
2018-19,LEI,Leicester City,31,41
2018-19,LEI,Leicester City,32,44
2018-19,LEI,Leicester City,33,47
2018-19,LEI,Leicester City,34,47
2018-19,LEI,Leicester City,35,48
2018-19,LEI,Leicester City,36,51
2018-19,LEI,Leicester City,37,51
2018-19,LEI,Leicester City,38,52
2018-19,LIV,Liverpool,1,3
2018-19,LIV,Liverpool,2,6
2018-19,LIV,Liverpool,3,9
2018-19,LIV,Liverpool,4,12
2018-19,LIV,Liverpool,5,15
2018-19,LIV,Liverpool,6,18
2018-19,LIV,Liverpool,7,19
2018-19,LIV,Liverpool,8,20
2018-19,LIV,Liverpool,9,23
2018-19,LIV,Liverpool,10,26
2018-19,LIV,Liverpool,11,27
2018-19,LIV,Liverpool,12,30
2018-19,LIV,Liverpool,13,33
2018-19,LIV,Liverpool,14,36
2018-19,LIV,Liverpool,15,39
2018-19,LIV,Liverpool,16,42
2018-19,LIV,Liverpool,17,45
2018-19,LIV,Liverpool,18,48
2018-19,LIV,Liverpool,19,51
2018-19,LIV,Liverpool,20,54
2018-19,LIV,Liverpool,21,54
2018-19,LIV,Liverpool,22,57
2018-19,LIV,Liverpool,23,60
2018-19,LIV,Liverpool,24,61
2018-19,LIV,Liverpool,25,62
2018-19,LIV,Liverpool,26,65
2018-19,LIV,Liverpool,27,66
2018-19,LIV,Liverpool,28,69
2018-19,LIV,Liverpool,29,70
2018-19,LIV,Liverpool,30,73
2018-19,LIV,Liverpool,31,76
2018-19,LIV,Liverpool,32,79
2018-19,LIV,Liverpool,33,82
2018-19,LIV,Liverpool,34,85
2018-19,LIV,Liverpool,35,88
2018-19,LIV,Liverpool,36,91
2018-19,LIV,Liverpool,37,94
2018-19,LIV,Liverpool,38,97
2018-19,MCI,Manchester City,1,3
2018-19,MCI,Manchester City,2,6
2018-19,MCI,Manchester City,3,7
2018-19,MCI,Manchester City,4,10
2018-19,MCI,Manchester City,5,13
2018-19,MCI,Manchester City,6,16
2018-19,MCI,Manchester City,7,19
2018-19,MCI,Manchester City,8,20
2018-19,MCI,Manchester City,9,23
2018-19,MCI,Manchester City,10,26
2018-19,MCI,Manchester City,11,29
2018-19,MCI,Manchester City,12,32
2018-19,MCI,Manchester City,13,35
2018-19,MCI,Manchester City,14,38
2018-19,MCI,Manchester City,15,41
2018-19,MCI,Manchester City,16,41
2018-19,MCI,Manchester City,17,44
2018-19,MCI,Manchester City,18,44
2018-19,MCI,Manchester City,19,44
2018-19,MCI,Manchester City,20,47
2018-19,MCI,Manchester City,21,50
2018-19,MCI,Manchester City,22,53
2018-19,MCI,Manchester City,23,56
2018-19,MCI,Manchester City,24,56
2018-19,MCI,Manchester City,25,59
2018-19,MCI,Manchester City,26,62
2018-19,MCI,Manchester City,27,65
2018-19,MCI,Manchester City,28,68
2018-19,MCI,Manchester City,29,71
2018-19,MCI,Manchester City,30,74
2018-19,MCI,Manchester City,31,77
2018-19,MCI,Manchester City,32,80
2018-19,MCI,Manchester City,33,83
2018-19,MCI,Manchester City,34,86
2018-19,MCI,Manchester City,35,89
2018-19,MCI,Manchester City,36,92
2018-19,MCI,Manchester City,37,95
2018-19,MCI,Manchester City,38,98
2018-19,MUN,Manchester United,1,3
2018-19,MUN,Manchester United,2,3
2018-19,MUN,Manchester United,3,3
2018-19,MUN,Manchester United,4,6
2018-19,MUN,Manchester United,5,9
2018-19,MUN,Manchester United,6,10
2018-19,MUN,Manchester United,7,10
2018-19,MUN,Manchester United,8,13
2018-19,MUN,Manchester United,9,14
2018-19,MUN,Manchester United,10,17
2018-19,MUN,Manchester United,11,20
2018-19,MUN,Manchester United,12,20
2018-19,MUN,Manchester United,13,21
2018-19,MUN,Manchester United,14,22
2018-19,MUN,Manchester United,15,23
2018-19,MUN,Manchester United,16,26
2018-19,MUN,Manchester United,17,26
2018-19,MUN,Manchester United,18,29
2018-19,MUN,Manchester United,19,32
2018-19,MUN,Manchester United,20,35
2018-19,MUN,Manchester United,21,38
2018-19,MUN,Manchester United,22,41
2018-19,MUN,Manchester United,23,44
2018-19,MUN,Manchester United,24,45
2018-19,MUN,Manchester United,25,48
2018-19,MUN,Manchester United,26,51
2018-19,MUN,Manchester United,27,52
2018-19,MUN,Manchester United,28,55
2018-19,MUN,Manchester United,29,58
2018-19,MUN,Manchester United,30,58
2018-19,MUN,Manchester United,31,61
2018-19,MUN,Manchester United,32,61
2018-19,MUN,Manchester United,33,64
2018-19,MUN,Manchester United,34,64
2018-19,MUN,Manchester United,35,64
2018-19,MUN,Manchester United,36,65
2018-19,MUN,Manchester United,37,66
2018-19,MUN,Manchester United,38,66
2018-19,NEW,Newcastle United,1,0
2018-19,NEW,Newcastle United,2,1
2018-19,NEW,Newcastle United,3,1
2018-19,NEW,Newcastle United,4,1
2018-19,NEW,Newcastle United,5,1
2018-19,NEW,Newcastle United,6,2
2018-19,NEW,Newcastle United,7,2
2018-19,NEW,Newcastle United,8,2
2018-19,NEW,Newcastle United,9,2
2018-19,NEW,Newcastle United,10,3
2018-19,NEW,Newcastle United,11,6
2018-19,NEW,Newcastle United,12,9
2018-19,NEW,Newcastle United,13,12
2018-19,NEW,Newcastle United,14,12
2018-19,NEW,Newcastle United,15,13
2018-19,NEW,Newcastle United,16,13
2018-19,NEW,Newcastle United,17,16
2018-19,NEW,Newcastle United,18,17
2018-19,NEW,Newcastle United,19,17
2018-19,NEW,Newcastle United,20,18
2018-19,NEW,Newcastle United,21,18
2018-19,NEW,Newcastle United,22,18
2018-19,NEW,Newcastle United,23,21
2018-19,NEW,Newcastle United,24,24
2018-19,NEW,Newcastle United,25,24
2018-19,NEW,Newcastle United,26,25
2018-19,NEW,Newcastle United,27,28
2018-19,NEW,Newcastle United,28,31
2018-19,NEW,Newcastle United,29,31
2018-19,NEW,Newcastle United,30,34
2018-19,NEW,Newcastle United,31,35
2018-19,NEW,Newcastle United,32,35
2018-19,NEW,Newcastle United,33,35
2018-19,NEW,Newcastle United,34,38
2018-19,NEW,Newcastle United,35,41
2018-19,NEW,Newcastle United,36,42
2018-19,NEW,Newcastle United,37,42
2018-19,NEW,Newcastle United,38,45
2018-19,SOU,Southampton,1,1
2018-19,SOU,Southampton,2,1
2018-19,SOU,Southampton,3,1
2018-19,SOU,Southampton,4,4
2018-19,SOU,Southampton,5,5
2018-19,SOU,Southampton,6,5
2018-19,SOU,Southampton,7,5
2018-19,SOU,Southampton,8,5
2018-19,SOU,Southampton,9,6
2018-19,SOU,Southampton,10,7
2018-19,SOU,Southampton,11,7
2018-19,SOU,Southampton,12,8
2018-19,SOU,Southampton,13,8
2018-19,SOU,Southampton,14,9
2018-19,SOU,Southampton,15,9
2018-19,SOU,Southampton,16,9
2018-19,SOU,Southampton,17,12
2018-19,SOU,Southampton,18,15
2018-19,SOU,Southampton,19,15
2018-19,SOU,Southampton,20,15
2018-19,SOU,Southampton,21,16
2018-19,SOU,Southampton,22,19
2018-19,SOU,Southampton,23,22
2018-19,SOU,Southampton,24,23
2018-19,SOU,Southampton,25,24
2018-19,SOU,Southampton,26,24
2018-19,SOU,Southampton,27,24
2018-19,SOU,Southampton,28,27
2018-19,SOU,Southampton,29,27
2018-19,SOU,Southampton,30,30
2018-19,SOU,Southampton,31,33
2018-19,SOU,Southampton,32,33
2018-19,SOU,Southampton,33,36
2018-19,SOU,Southampton,34,36
2018-19,SOU,Southampton,35,37
2018-19,SOU,Southampton,36,38
2018-19,SOU,Southampton,37,38
2018-19,SOU,Southampton,38,39
2018-19,TOT,Tottenham Hotspur,1,3
2018-19,TOT,Tottenham Hotspur,2,6
2018-19,TOT,Tottenham Hotspur,3,9
2018-19,TOT,Tottenham Hotspur,4,9
2018-19,TOT,Tottenham Hotspur,5,9
2018-19,TOT,Tottenham Hotspur,6,12
2018-19,TOT,Tottenham Hotspur,7,15
2018-19,TOT,Tottenham Hotspur,8,18
2018-19,TOT,Tottenham Hotspur,9,21
2018-19,TOT,Tottenham Hotspur,10,21
2018-19,TOT,Tottenham Hotspur,11,24
2018-19,TOT,Tottenham Hotspur,12,27
2018-19,TOT,Tottenham Hotspur,13,30
2018-19,TOT,Tottenham Hotspur,14,30
2018-19,TOT,Tottenham Hotspur,15,33
2018-19,TOT,Tottenham Hotspur,16,36
2018-19,TOT,Tottenham Hotspur,17,39
2018-19,TOT,Tottenham Hotspur,18,42
2018-19,TOT,Tottenham Hotspur,19,45
2018-19,TOT,Tottenham Hotspur,20,45
2018-19,TOT,Tottenham Hotspur,21,48
2018-19,TOT,Tottenham Hotspur,22,48
2018-19,TOT,Tottenham Hotspur,23,51
2018-19,TOT,Tottenham Hotspur,24,54
2018-19,TOT,Tottenham Hotspur,25,57
2018-19,TOT,Tottenham Hotspur,26,60
2018-19,TOT,Tottenham Hotspur,27,60
2018-19,TOT,Tottenham Hotspur,28,60
2018-19,TOT,Tottenham Hotspur,29,61
2018-19,TOT,Tottenham Hotspur,30,61
2018-19,TOT,Tottenham Hotspur,31,61
2018-19,TOT,Tottenham Hotspur,32,64
2018-19,TOT,Tottenham Hotspur,33,67
2018-19,TOT,Tottenham Hotspur,34,67
2018-19,TOT,Tottenham Hotspur,35,70
2018-19,TOT,Tottenham Hotspur,36,70
2018-19,TOT,Tottenham Hotspur,37,70
2018-19,TOT,Tottenham Hotspur,38,71
2018-19,WAT,Watford,1,3
2018-19,WAT,Watford,2,6
2018-19,WAT,Watford,3,9
2018-19,WAT,Watford,4,12
2018-19,WAT,Watford,5,12
2018-19,WAT,Watford,6,13
2018-19,WAT,Watford,7,13
2018-19,WAT,Watford,8,13
2018-19,WAT,Watford,9,16
2018-19,WAT,Watford,10,19
2018-19,WAT,Watford,11,19
2018-19,WAT,Watford,12,20
2018-19,WAT,Watford,13,20
2018-19,WAT,Watford,14,20
2018-19,WAT,Watford,15,20
2018-19,WAT,Watford,16,21
2018-19,WAT,Watford,17,24
2018-19,WAT,Watford,18,27
2018-19,WAT,Watford,19,27
2018-19,WAT,Watford,20,28
2018-19,WAT,Watford,21,29
2018-19,WAT,Watford,22,32
2018-19,WAT,Watford,23,33
2018-19,WAT,Watford,24,33
2018-19,WAT,Watford,25,34
2018-19,WAT,Watford,26,37
2018-19,WAT,Watford,27,40
2018-19,WAT,Watford,28,40
2018-19,WAT,Watford,29,43
2018-19,WAT,Watford,30,43
2018-19,WAT,Watford,31,43
2018-19,WAT,Watford,32,46
2018-19,WAT,Watford,33,46
2018-19,WAT,Watford,34,49
2018-19,WAT,Watford,35,50
2018-19,WAT,Watford,36,50
2018-19,WAT,Watford,37,50
2018-19,WAT,Watford,38,50
2018-19,WHU,West Ham United,1,0
2018-19,WHU,West Ham United,2,0
2018-19,WHU,West Ham United,3,0
2018-19,WHU,West Ham United,4,0
2018-19,WHU,West Ham United,5,3
2018-19,WHU,West Ham United,6,4
2018-19,WHU,West Ham United,7,7
2018-19,WHU,West Ham United,8,7
2018-19,WHU,West Ham United,9,7
2018-19,WHU,West Ham United,10,8
2018-19,WHU,West Ham United,11,11
2018-19,WHU,West Ham United,12,12
2018-19,WHU,West Ham United,13,12
2018-19,WHU,West Ham United,14,15
2018-19,WHU,West Ham United,15,18
2018-19,WHU,West Ham United,16,21
2018-19,WHU,West Ham United,17,24
2018-19,WHU,West Ham United,18,24
2018-19,WHU,West Ham United,19,27
2018-19,WHU,West Ham United,20,27
2018-19,WHU,West Ham United,21,28
2018-19,WHU,West Ham United,22,31
2018-19,WHU,West Ham United,23,31
2018-19,WHU,West Ham United,24,31
2018-19,WHU,West Ham United,25,32
2018-19,WHU,West Ham United,26,33
2018-19,WHU,West Ham United,27,36
2018-19,WHU,West Ham United,28,36
2018-19,WHU,West Ham United,29,39
2018-19,WHU,West Ham United,30,39
2018-19,WHU,West Ham United,31,42
2018-19,WHU,West Ham United,32,42
2018-19,WHU,West Ham United,33,42
2018-19,WHU,West Ham United,34,42
2018-19,WHU,West Ham United,35,43
2018-19,WHU,West Ham United,36,46
2018-19,WHU,West Ham United,37,49
2018-19,WHU,West Ham United,38,52
2018-19,WOL,Wolverhampton Wanderers,1,1
2018-19,WOL,Wolverhampton Wanderers,2,1
2018-19,WOL,Wolverhampton Wanderers,3,2
2018-19,WOL,Wolverhampton Wanderers,4,5
2018-19,WOL,Wolverhampton Wanderers,5,8
2018-19,WOL,Wolverhampton Wanderers,6,9
2018-19,WOL,Wolverhampton Wanderers,7,12
2018-19,WOL,Wolverhampton Wanderers,8,15
2018-19,WOL,Wolverhampton Wanderers,9,15
2018-19,WOL,Wolverhampton Wanderers,10,15
2018-19,WOL,Wolverhampton Wanderers,11,15
2018-19,WOL,Wolverhampton Wanderers,12,16
2018-19,WOL,Wolverhampton Wanderers,13,16
2018-19,WOL,Wolverhampton Wanderers,14,16
2018-19,WOL,Wolverhampton Wanderers,15,19
2018-19,WOL,Wolverhampton Wanderers,16,22
2018-19,WOL,Wolverhampton Wanderers,17,25
2018-19,WOL,Wolverhampton Wanderers,18,25
2018-19,WOL,Wolverhampton Wanderers,19,26
2018-19,WOL,Wolverhampton Wanderers,20,29
2018-19,WOL,Wolverhampton Wanderers,21,29
2018-19,WOL,Wolverhampton Wanderers,22,29
2018-19,WOL,Wolverhampton Wanderers,23,32
2018-19,WOL,Wolverhampton Wanderers,24,35
2018-19,WOL,Wolverhampton Wanderers,25,38
2018-19,WOL,Wolverhampton Wanderers,26,39
2018-19,WOL,Wolverhampton Wanderers,27,40
2018-19,WOL,Wolverhampton Wanderers,28,40
2018-19,WOL,Wolverhampton Wanderers,29,43
2018-19,WOL,Wolverhampton Wanderers,30,44
2018-19,WOL,Wolverhampton Wanderers,31,44
2018-19,WOL,Wolverhampton Wanderers,32,47
2018-19,WOL,Wolverhampton Wanderers,33,47
2018-19,WOL,Wolverhampton Wanderers,34,48
2018-19,WOL,Wolverhampton Wanderers,35,51
2018-19,WOL,Wolverhampton Wanderers,36,54
2018-19,WOL,Wolverhampton Wanderers,37,57
2018-19,WOL,Wolverhampton Wanderers,38,57
2019-20,ARS,Arsenal,1,3
2019-20,ARS,Arsenal,2,6
2019-20,ARS,Arsenal,3,6
2019-20,ARS,Arsenal,4,7
2019-20,ARS,Arsenal,5,8
2019-20,ARS,Arsenal,6,11
2019-20,ARS,Arsenal,7,12
2019-20,ARS,Arsenal,8,15
2019-20,ARS,Arsenal,9,15
2019-20,ARS,Arsenal,10,16
2019-20,ARS,Arsenal,11,17
2019-20,ARS,Arsenal,12,17
2019-20,ARS,Arsenal,13,18
2019-20,ARS,Arsenal,14,19
2019-20,ARS,Arsenal,15,19
2019-20,ARS,Arsenal,16,22
2019-20,ARS,Arsenal,17,22
2019-20,ARS,Arsenal,18,23
2019-20,ARS,Arsenal,19,24
2019-20,ARS,Arsenal,20,24
2019-20,ARS,Arsenal,21,27
2019-20,ARS,Arsenal,22,28
2019-20,ARS,Arsenal,23,29
2019-20,ARS,Arsenal,24,30
2019-20,ARS,Arsenal,25,31
2019-20,ARS,Arsenal,26,34
2019-20,ARS,Arsenal,27,37
2019-20,ARS,Arsenal,28,40
2019-20,ARS,Arsenal,29,40
2019-20,ARS,Arsenal,30,40
2019-20,ARS,Arsenal,31,43
2019-20,ARS,Arsenal,32,46
2019-20,ARS,Arsenal,33,49
2019-20,ARS,Arsenal,34,50
2019-20,ARS,Arsenal,35,50
2019-20,ARS,Arsenal,36,53
2019-20,ARS,Arsenal,37,53
2019-20,ARS,Arsenal,38,56
2019-20,AVL,Aston Villa,1,0
2019-20,AVL,Aston Villa,2,0
2019-20,AVL,Aston Villa,3,3
2019-20,AVL,Aston Villa,4,3
2019-20,AVL,Aston Villa,5,4
2019-20,AVL,Aston Villa,6,4
2019-20,AVL,Aston Villa,7,5
2019-20,AVL,Aston Villa,8,8
2019-20,AVL,Aston Villa,9,11
2019-20,AVL,Aston Villa,10,11
2019-20,AVL,Aston Villa,11,11
2019-20,AVL,Aston Villa,12,11
2019-20,AVL,Aston Villa,13,14
2019-20,AVL,Aston Villa,14,15
2019-20,AVL,Aston Villa,15,15
2019-20,AVL,Aston Villa,16,15
2019-20,AVL,Aston Villa,17,15
2019-20,AVL,Aston Villa,18,15
2019-20,AVL,Aston Villa,19,18
2019-20,AVL,Aston Villa,20,18
2019-20,AVL,Aston Villa,21,21
2019-20,AVL,Aston Villa,22,21
2019-20,AVL,Aston Villa,23,22
2019-20,AVL,Aston Villa,24,25
2019-20,AVL,Aston Villa,25,25
2019-20,AVL,Aston Villa,26,25
2019-20,AVL,Aston Villa,27,25
2019-20,AVL,Aston Villa,28,25
2019-20,AVL,Aston Villa,29,26
2019-20,AVL,Aston Villa,30,26
2019-20,AVL,Aston Villa,31,27
2019-20,AVL,Aston Villa,32,27
2019-20,AVL,Aston Villa,33,27
2019-20,AVL,Aston Villa,34,27
2019-20,AVL,Aston Villa,35,30
2019-20,AVL,Aston Villa,36,31
2019-20,AVL,Aston Villa,37,34
2019-20,AVL,Aston Villa,38,35
2019-20,BHA,Brighton and Hove Albion,1,3
2019-20,BHA,Brighton and Hove Albion,2,4
2019-20,BHA,Brighton and Hove Albion,3,4
2019-20,BHA,Brighton and Hove Albion,4,4
2019-20,BHA,Brighton and Hove Albion,5,5
2019-20,BHA,Brighton and Hove Albion,6,6
2019-20,BHA,Brighton and Hove Albion,7,6
2019-20,BHA,Brighton and Hove Albion,8,9
2019-20,BHA,Brighton and Hove Albion,9,9
2019-20,BHA,Brighton and Hove Albion,10,12
2019-20,BHA,Brighton and Hove Albion,11,15
2019-20,BHA,Brighton and Hove Albion,12,15
2019-20,BHA,Brighton and Hove Albion,13,15
2019-20,BHA,Brighton and Hove Albion,14,15
2019-20,BHA,Brighton and Hove Albion,15,18
2019-20,BHA,Brighton and Hove Albion,16,19
2019-20,BHA,Brighton and Hove Albion,17,20
2019-20,BHA,Brighton and Hove Albion,18,20
2019-20,BHA,Brighton and Hove Albion,19,20
2019-20,BHA,Brighton and Hove Albion,20,23
2019-20,BHA,Brighton and Hove Albion,21,24
2019-20,BHA,Brighton and Hove Albion,22,24
2019-20,BHA,Brighton and Hove Albion,23,25
2019-20,BHA,Brighton and Hove Albion,24,25
2019-20,BHA,Brighton and Hove Albion,25,26
2019-20,BHA,Brighton and Hove Albion,26,27
2019-20,BHA,Brighton and Hove Albion,27,28
2019-20,BHA,Brighton and Hove Albion,28,28
2019-20,BHA,Brighton and Hove Albion,29,29
2019-20,BHA,Brighton and Hove Albion,30,32
2019-20,BHA,Brighton and Hove Albion,31,33
2019-20,BHA,Brighton and Hove Albion,32,33
2019-20,BHA,Brighton and Hove Albion,33,36
2019-20,BHA,Brighton and Hove Albion,34,36
2019-20,BHA,Brighton and Hove Albion,35,36
2019-20,BHA,Brighton and Hove Albion,36,37
2019-20,BHA,Brighton and Hove Albion,37,38
2019-20,BHA,Brighton and Hove Albion,38,41
2019-20,BOU,Bournemouth,1,1
2019-20,BOU,Bournemouth,2,4
2019-20,BOU,Bournemouth,3,4
2019-20,BOU,Bournemouth,4,4
2019-20,BOU,Bournemouth,5,7
2019-20,BOU,Bournemouth,6,10
2019-20,BOU,Bournemouth,7,11
2019-20,BOU,Bournemouth,8,11
2019-20,BOU,Bournemouth,9,12
2019-20,BOU,Bournemouth,10,13
2019-20,BOU,Bournemouth,11,16
2019-20,BOU,Bournemouth,12,16
2019-20,BOU,Bournemouth,13,16
2019-20,BOU,Bournemouth,14,16
2019-20,BOU,Bournemouth,15,16
2019-20,BOU,Bournemouth,16,16
2019-20,BOU,Bournemouth,17,19
2019-20,BOU,Bournemouth,18,19
2019-20,BOU,Bournemouth,19,20
2019-20,BOU,Bournemouth,20,20
2019-20,BOU,Bournemouth,21,20
2019-20,BOU,Bournemouth,22,20
2019-20,BOU,Bournemouth,23,20
2019-20,BOU,Bournemouth,24,23
2019-20,BOU,Bournemouth,25,26
2019-20,BOU,Bournemouth,26,26
2019-20,BOU,Bournemouth,27,26
2019-20,BOU,Bournemouth,28,27
2019-20,BOU,Bournemouth,29,27
2019-20,BOU,Bournemouth,30,27
2019-20,BOU,Bournemouth,31,27
2019-20,BOU,Bournemouth,32,27
2019-20,BOU,Bournemouth,33,27
2019-20,BOU,Bournemouth,34,28
2019-20,BOU,Bournemouth,35,31
2019-20,BOU,Bournemouth,36,31
2019-20,BOU,Bournemouth,37,31
2019-20,BOU,Bournemouth,38,34
2019-20,BUR,Burnley,1,3
2019-20,BUR,Burnley,2,3
2019-20,BUR,Burnley,3,4
2019-20,BUR,Burnley,4,4
2019-20,BUR,Burnley,5,5
2019-20,BUR,Burnley,6,8
2019-20,BUR,Burnley,7,9
2019-20,BUR,Burnley,8,12
2019-20,BUR,Burnley,9,12
2019-20,BUR,Burnley,10,12
2019-20,BUR,Burnley,11,12
2019-20,BUR,Burnley,12,15
2019-20,BUR,Burnley,13,18
2019-20,BUR,Burnley,14,18
2019-20,BUR,Burnley,15,18
2019-20,BUR,Burnley,16,18
2019-20,BUR,Burnley,17,21
2019-20,BUR,Burnley,18,24
2019-20,BUR,Burnley,19,24
2019-20,BUR,Burnley,20,24
2019-20,BUR,Burnley,21,24
2019-20,BUR,Burnley,22,24
2019-20,BUR,Burnley,23,27
2019-20,BUR,Burnley,24,30
2019-20,BUR,Burnley,25,31
2019-20,BUR,Burnley,26,34
2019-20,BUR,Burnley,27,37
2019-20,BUR,Burnley,28,38
2019-20,BUR,Burnley,29,39
2019-20,BUR,Burnley,30,39
2019-20,BUR,Burnley,31,42
2019-20,BUR,Burnley,32,45
2019-20,BUR,Burnley,33,46
2019-20,BUR,Burnley,34,49
2019-20,BUR,Burnley,35,50
2019-20,BUR,Burnley,36,51
2019-20,BUR,Burnley,37,54
2019-20,BUR,Burnley,38,54
2019-20,CHE,Chelsea,1,0
2019-20,CHE,Chelsea,2,1
2019-20,CHE,Chelsea,3,4
2019-20,CHE,Chelsea,4,5
2019-20,CHE,Chelsea,5,8
2019-20,CHE,Chelsea,6,8
2019-20,CHE,Chelsea,7,11
2019-20,CHE,Chelsea,8,14
2019-20,CHE,Chelsea,9,17
2019-20,CHE,Chelsea,10,20
2019-20,CHE,Chelsea,11,23
2019-20,CHE,Chelsea,12,26
2019-20,CHE,Chelsea,13,26
2019-20,CHE,Chelsea,14,26
2019-20,CHE,Chelsea,15,29
2019-20,CHE,Chelsea,16,29
2019-20,CHE,Chelsea,17,29
2019-20,CHE,Chelsea,18,32
2019-20,CHE,Chelsea,19,32
2019-20,CHE,Chelsea,20,35
2019-20,CHE,Chelsea,21,36
2019-20,CHE,Chelsea,22,39
2019-20,CHE,Chelsea,23,39
2019-20,CHE,Chelsea,24,40
2019-20,CHE,Chelsea,25,41
2019-20,CHE,Chelsea,26,41
2019-20,CHE,Chelsea,27,44
2019-20,CHE,Chelsea,28,45
2019-20,CHE,Chelsea,29,48
2019-20,CHE,Chelsea,30,51
2019-20,CHE,Chelsea,31,54
2019-20,CHE,Chelsea,32,54
2019-20,CHE,Chelsea,33,57
2019-20,CHE,Chelsea,34,60
2019-20,CHE,Chelsea,35,60
2019-20,CHE,Chelsea,36,63
2019-20,CHE,Chelsea,37,63
2019-20,CHE,Chelsea,38,66
2019-20,CRY,Crystal Palace,1,1
2019-20,CRY,Crystal Palace,2,1
2019-20,CRY,Crystal Palace,3,4
2019-20,CRY,Crystal Palace,4,7
2019-20,CRY,Crystal Palace,5,7
2019-20,CRY,Crystal Palace,6,8
2019-20,CRY,Crystal Palace,7,11
2019-20,CRY,Crystal Palace,8,14
2019-20,CRY,Crystal Palace,9,14
2019-20,CRY,Crystal Palace,10,15
2019-20,CRY,Crystal Palace,11,15
2019-20,CRY,Crystal Palace,12,15
2019-20,CRY,Crystal Palace,13,15
2019-20,CRY,Crystal Palace,14,18
2019-20,CRY,Crystal Palace,15,21
2019-20,CRY,Crystal Palace,16,22
2019-20,CRY,Crystal Palace,17,23
2019-20,CRY,Crystal Palace,18,23
2019-20,CRY,Crystal Palace,19,26
2019-20,CRY,Crystal Palace,20,27
2019-20,CRY,Crystal Palace,21,28
2019-20,CRY,Crystal Palace,22,29
2019-20,CRY,Crystal Palace,23,30
2019-20,CRY,Crystal Palace,24,30
2019-20,CRY,Crystal Palace,25,30
2019-20,CRY,Crystal Palace,26,30
2019-20,CRY,Crystal Palace,27,33
2019-20,CRY,Crystal Palace,28,36
2019-20,CRY,Crystal Palace,29,39
2019-20,CRY,Crystal Palace,30,42
2019-20,CRY,Crystal Palace,31,42
2019-20,CRY,Crystal Palace,32,42
2019-20,CRY,Crystal Palace,33,42
2019-20,CRY,Crystal Palace,34,42
2019-20,CRY,Crystal Palace,35,42
2019-20,CRY,Crystal Palace,36,42
2019-20,CRY,Crystal Palace,37,42
2019-20,CRY,Crystal Palace,38,43
2019-20,EVE,Everton,1,1
2019-20,EVE,Everton,2,4
2019-20,EVE,Everton,3,4
2019-20,EVE,Everton,4,7
2019-20,EVE,Everton,5,7
2019-20,EVE,Everton,6,7
2019-20,EVE,Everton,7,7
2019-20,EVE,Everton,8,7
2019-20,EVE,Everton,9,10
2019-20,EVE,Everton,10,10
2019-20,EVE,Everton,11,11
2019-20,EVE,Everton,12,14
2019-20,EVE,Everton,13,14
2019-20,EVE,Everton,14,14
2019-20,EVE,Everton,15,14
2019-20,EVE,Everton,16,17
2019-20,EVE,Everton,17,18
2019-20,EVE,Everton,18,19
2019-20,EVE,Everton,19,22
2019-20,EVE,Everton,20,25
2019-20,EVE,Everton,21,25
2019-20,EVE,Everton,22,28
2019-20,EVE,Everton,23,29
2019-20,EVE,Everton,24,30
2019-20,EVE,Everton,25,33
2019-20,EVE,Everton,26,36
2019-20,EVE,Everton,27,36
2019-20,EVE,Everton,28,37
2019-20,EVE,Everton,29,37
2019-20,EVE,Everton,30,38
2019-20,EVE,Everton,31,41
2019-20,EVE,Everton,32,44
2019-20,EVE,Everton,33,44
2019-20,EVE,Everton,34,45
2019-20,EVE,Everton,35,45
2019-20,EVE,Everton,36,46
2019-20,EVE,Everton,37,49
2019-20,EVE,Everton,38,49
2019-20,LEI,Leicester City,1,1
2019-20,LEI,Leicester City,2,2
2019-20,LEI,Leicester City,3,5
2019-20,LEI,Leicester City,4,8
2019-20,LEI,Leicester City,5,8
2019-20,LEI,Leicester City,6,11
2019-20,LEI,Leicester City,7,14
2019-20,LEI,Leicester City,8,14
2019-20,LEI,Leicester City,9,17
2019-20,LEI,Leicester City,10,20
2019-20,LEI,Leicester City,11,23
2019-20,LEI,Leicester City,12,26
2019-20,LEI,Leicester City,13,29
2019-20,LEI,Leicester City,14,32
2019-20,LEI,Leicester City,15,35
2019-20,LEI,Leicester City,16,38
2019-20,LEI,Leicester City,17,39
2019-20,LEI,Leicester City,18,39
2019-20,LEI,Leicester City,19,39
2019-20,LEI,Leicester City,20,42
2019-20,LEI,Leicester City,21,45
2019-20,LEI,Leicester City,22,45
2019-20,LEI,Leicester City,23,45
2019-20,LEI,Leicester City,24,48
2019-20,LEI,Leicester City,25,49
2019-20,LEI,Leicester City,26,50
2019-20,LEI,Leicester City,27,50
2019-20,LEI,Leicester City,28,50
2019-20,LEI,Leicester City,29,53
2019-20,LEI,Leicester City,30,54
2019-20,LEI,Leicester City,31,55
2019-20,LEI,Leicester City,32,55
2019-20,LEI,Leicester City,33,58
2019-20,LEI,Leicester City,34,59
2019-20,LEI,Leicester City,35,59
2019-20,LEI,Leicester City,36,62
2019-20,LEI,Leicester City,37,62
2019-20,LEI,Leicester City,38,62
2019-20,LIV,Liverpool,1,3
2019-20,LIV,Liverpool,2,6
2019-20,LIV,Liverpool,3,9
2019-20,LIV,Liverpool,4,12
2019-20,LIV,Liverpool,5,15
2019-20,LIV,Liverpool,6,18
2019-20,LIV,Liverpool,7,21
2019-20,LIV,Liverpool,8,24
2019-20,LIV,Liverpool,9,25
2019-20,LIV,Liverpool,10,28
2019-20,LIV,Liverpool,11,31
2019-20,LIV,Liverpool,12,34
2019-20,LIV,Liverpool,13,37
2019-20,LIV,Liverpool,14,40
2019-20,LIV,Liverpool,15,43
2019-20,LIV,Liverpool,16,46
2019-20,LIV,Liverpool,17,49
2019-20,LIV,Liverpool,18,52
2019-20,LIV,Liverpool,19,55
2019-20,LIV,Liverpool,20,58
2019-20,LIV,Liverpool,21,61
2019-20,LIV,Liverpool,22,64
2019-20,LIV,Liverpool,23,67
2019-20,LIV,Liverpool,24,70
2019-20,LIV,Liverpool,25,73
2019-20,LIV,Liverpool,26,76
2019-20,LIV,Liverpool,27,79
2019-20,LIV,Liverpool,28,79
2019-20,LIV,Liverpool,29,82
2019-20,LIV,Liverpool,30,83
2019-20,LIV,Liverpool,31,86
2019-20,LIV,Liverpool,32,86
2019-20,LIV,Liverpool,33,89
2019-20,LIV,Liverpool,34,92
2019-20,LIV,Liverpool,35,93
2019-20,LIV,Liverpool,36,93
2019-20,LIV,Liverpool,37,96
2019-20,LIV,Liverpool,38,99
2019-20,MCI,Manchester City,1,3
2019-20,MCI,Manchester City,2,4
2019-20,MCI,Manchester City,3,7
2019-20,MCI,Manchester City,4,10
2019-20,MCI,Manchester City,5,10
2019-20,MCI,Manchester City,6,13
2019-20,MCI,Manchester City,7,16
2019-20,MCI,Manchester City,8,16
2019-20,MCI,Manchester City,9,19
2019-20,MCI,Manchester City,10,22
2019-20,MCI,Manchester City,11,25
2019-20,MCI,Manchester City,12,25
2019-20,MCI,Manchester City,13,28
2019-20,MCI,Manchester City,14,29
2019-20,MCI,Manchester City,15,32
2019-20,MCI,Manchester City,16,32
2019-20,MCI,Manchester City,17,35
2019-20,MCI,Manchester City,18,38
2019-20,MCI,Manchester City,19,38
2019-20,MCI,Manchester City,20,41
2019-20,MCI,Manchester City,21,44
2019-20,MCI,Manchester City,22,47
2019-20,MCI,Manchester City,23,48
2019-20,MCI,Manchester City,24,51
2019-20,MCI,Manchester City,25,51
2019-20,MCI,Manchester City,26,54
2019-20,MCI,Manchester City,27,57
2019-20,MCI,Manchester City,28,57
2019-20,MCI,Manchester City,29,60
2019-20,MCI,Manchester City,30,63
2019-20,MCI,Manchester City,31,63
2019-20,MCI,Manchester City,32,66
2019-20,MCI,Manchester City,33,66
2019-20,MCI,Manchester City,34,69
2019-20,MCI,Manchester City,35,72
2019-20,MCI,Manchester City,36,75
2019-20,MCI,Manchester City,37,78
2019-20,MCI,Manchester City,38,81
2019-20,MUN,Manchester United,1,3
2019-20,MUN,Manchester United,2,4
2019-20,MUN,Manchester United,3,4
2019-20,MUN,Manchester United,4,5
2019-20,MUN,Manchester United,5,8
2019-20,MUN,Manchester United,6,8
2019-20,MUN,Manchester United,7,9
2019-20,MUN,Manchester United,8,9
2019-20,MUN,Manchester United,9,10
2019-20,MUN,Manchester United,10,13
2019-20,MUN,Manchester United,11,13
2019-20,MUN,Manchester United,12,16
2019-20,MUN,Manchester United,13,17
2019-20,MUN,Manchester United,14,18
2019-20,MUN,Manchester United,15,21
2019-20,MUN,Manchester United,16,24
2019-20,MUN,Manchester United,17,25
2019-20,MUN,Manchester United,18,25
2019-20,MUN,Manchester United,19,28
2019-20,MUN,Manchester United,20,31
2019-20,MUN,Manchester United,21,31
2019-20,MUN,Manchester United,22,34
2019-20,MUN,Manchester United,23,34
2019-20,MUN,Manchester United,24,34
2019-20,MUN,Manchester United,25,35
2019-20,MUN,Manchester United,26,38
2019-20,MUN,Manchester United,27,41
2019-20,MUN,Manchester United,28,42
2019-20,MUN,Manchester United,29,45
2019-20,MUN,Manchester United,30,46
2019-20,MUN,Manchester United,31,49
2019-20,MUN,Manchester United,32,52
2019-20,MUN,Manchester United,33,55
2019-20,MUN,Manchester United,34,58
2019-20,MUN,Manchester United,35,59
2019-20,MUN,Manchester United,36,62
2019-20,MUN,Manchester United,37,63
2019-20,MUN,Manchester United,38,66
2019-20,NEW,Newcastle United,1,0
2019-20,NEW,Newcastle United,2,0
2019-20,NEW,Newcastle United,3,3
2019-20,NEW,Newcastle United,4,4
2019-20,NEW,Newcastle United,5,4
2019-20,NEW,Newcastle United,6,5
2019-20,NEW,Newcastle United,7,5
2019-20,NEW,Newcastle United,8,8
2019-20,NEW,Newcastle United,9,8
2019-20,NEW,Newcastle United,10,9
2019-20,NEW,Newcastle United,11,12
2019-20,NEW,Newcastle United,12,15
2019-20,NEW,Newcastle United,13,15
2019-20,NEW,Newcastle United,14,16
2019-20,NEW,Newcastle United,15,19
2019-20,NEW,Newcastle United,16,22
2019-20,NEW,Newcastle United,17,22
2019-20,NEW,Newcastle United,18,25
2019-20,NEW,Newcastle United,19,25
2019-20,NEW,Newcastle United,20,25
2019-20,NEW,Newcastle United,21,25
2019-20,NEW,Newcastle United,22,26
2019-20,NEW,Newcastle United,23,29
2019-20,NEW,Newcastle United,24,30
2019-20,NEW,Newcastle United,25,31
2019-20,NEW,Newcastle United,26,31
2019-20,NEW,Newcastle United,27,31
2019-20,NEW,Newcastle United,28,32
2019-20,NEW,Newcastle United,29,35
2019-20,NEW,Newcastle United,30,38
2019-20,NEW,Newcastle United,31,39
2019-20,NEW,Newcastle United,32,42
2019-20,NEW,Newcastle United,33,43
2019-20,NEW,Newcastle United,34,43
2019-20,NEW,Newcastle United,35,43
2019-20,NEW,Newcastle United,36,43
2019-20,NEW,Newcastle United,37,44
2019-20,NEW,Newcastle United,38,44
2019-20,NOR,Norwich City,1,0
2019-20,NOR,Norwich City,2,3
2019-20,NOR,Norwich City,3,3
2019-20,NOR,Norwich City,4,3
2019-20,NOR,Norwich City,5,6
2019-20,NOR,Norwich City,6,6
2019-20,NOR,Norwich City,7,6
2019-20,NOR,Norwich City,8,6
2019-20,NOR,Norwich City,9,7
2019-20,NOR,Norwich City,10,7
2019-20,NOR,Norwich City,11,7
2019-20,NOR,Norwich City,12,7
2019-20,NOR,Norwich City,13,10
2019-20,NOR,Norwich City,14,11
2019-20,NOR,Norwich City,15,11
2019-20,NOR,Norwich City,16,11
2019-20,NOR,Norwich City,17,12
2019-20,NOR,Norwich City,18,12
2019-20,NOR,Norwich City,19,12
2019-20,NOR,Norwich City,20,13
2019-20,NOR,Norwich City,21,14
2019-20,NOR,Norwich City,22,14
2019-20,NOR,Norwich City,23,17
2019-20,NOR,Norwich City,24,17
2019-20,NOR,Norwich City,25,18
2019-20,NOR,Norwich City,26,18
2019-20,NOR,Norwich City,27,18
2019-20,NOR,Norwich City,28,21
2019-20,NOR,Norwich City,29,21
2019-20,NOR,Norwich City,30,21
2019-20,NOR,Norwich City,31,21
2019-20,NOR,Norwich City,32,21
2019-20,NOR,Norwich City,33,21
2019-20,NOR,Norwich City,34,21
2019-20,NOR,Norwich City,35,21
2019-20,NOR,Norwich City,36,21
2019-20,NOR,Norwich City,37,21
2019-20,NOR,Norwich City,38,21
2019-20,SHU,Sheffield United,1,1
2019-20,SHU,Sheffield United,2,4
2019-20,SHU,Sheffield United,3,4
2019-20,SHU,Sheffield United,4,5
2019-20,SHU,Sheffield United,5,5
2019-20,SHU,Sheffield United,6,8
2019-20,SHU,Sheffield United,7,8
2019-20,SHU,Sheffield United,8,9
2019-20,SHU,Sheffield United,9,12
2019-20,SHU,Sheffield United,10,13
2019-20,SHU,Sheffield United,11,16
2019-20,SHU,Sheffield United,12,17
2019-20,SHU,Sheffield United,13,18
2019-20,SHU,Sheffield United,14,19
2019-20,SHU,Sheffield United,15,19
2019-20,SHU,Sheffield United,16,22
2019-20,SHU,Sheffield United,17,25
2019-20,SHU,Sheffield United,18,28
2019-20,SHU,Sheffield United,19,29
2019-20,SHU,Sheffield United,20,29
2019-20,SHU,Sheffield United,21,29
2019-20,SHU,Sheffield United,22,32
2019-20,SHU,Sheffield United,23,33
2019-20,SHU,Sheffield United,24,33
2019-20,SHU,Sheffield United,25,36
2019-20,SHU,Sheffield United,26,39
2019-20,SHU,Sheffield United,27,40
2019-20,SHU,Sheffield United,28,43
2019-20,SHU,Sheffield United,29,44
2019-20,SHU,Sheffield United,30,44
2019-20,SHU,Sheffield United,31,44
2019-20,SHU,Sheffield United,32,47
2019-20,SHU,Sheffield United,33,48
2019-20,SHU,Sheffield United,34,51
2019-20,SHU,Sheffield United,35,54
2019-20,SHU,Sheffield United,36,54
2019-20,SHU,Sheffield United,37,54
2019-20,SHU,Sheffield United,38,54
2019-20,SOU,Southampton,1,0
2019-20,SOU,Southampton,2,0
2019-20,SOU,Southampton,3,3
2019-20,SOU,Southampton,4,4
2019-20,SOU,Southampton,5,7
2019-20,SOU,Southampton,6,7
2019-20,SOU,Southampton,7,7
2019-20,SOU,Southampton,8,7
2019-20,SOU,Southampton,9,8
2019-20,SOU,Southampton,10,8
2019-20,SOU,Southampton,11,8
2019-20,SOU,Southampton,12,8
2019-20,SOU,Southampton,13,9
2019-20,SOU,Southampton,14,12
2019-20,SOU,Southampton,15,15
2019-20,SOU,Southampton,16,15
2019-20,SOU,Southampton,17,15
2019-20,SOU,Southampton,18,18
2019-20,SOU,Southampton,19,21
2019-20,SOU,Southampton,20,22
2019-20,SOU,Southampton,21,25
2019-20,SOU,Southampton,22,28
2019-20,SOU,Southampton,23,28
2019-20,SOU,Southampton,24,31
2019-20,SOU,Southampton,25,31
2019-20,SOU,Southampton,26,31
2019-20,SOU,Southampton,27,34
2019-20,SOU,Southampton,28,34
2019-20,SOU,Southampton,29,34
2019-20,SOU,Southampton,30,37
2019-20,SOU,Southampton,31,37
2019-20,SOU,Southampton,32,40
2019-20,SOU,Southampton,33,43
2019-20,SOU,Southampton,34,44
2019-20,SOU,Southampton,35,45
2019-20,SOU,Southampton,36,46
2019-20,SOU,Southampton,37,49
2019-20,SOU,Southampton,38,52
2019-20,TOT,Tottenham Hotspur,1,3
2019-20,TOT,Tottenham Hotspur,2,4
2019-20,TOT,Tottenham Hotspur,3,4
2019-20,TOT,Tottenham Hotspur,4,5
2019-20,TOT,Tottenham Hotspur,5,8
2019-20,TOT,Tottenham Hotspur,6,8
2019-20,TOT,Tottenham Hotspur,7,11
2019-20,TOT,Tottenham Hotspur,8,11
2019-20,TOT,Tottenham Hotspur,9,12
2019-20,TOT,Tottenham Hotspur,10,12
2019-20,TOT,Tottenham Hotspur,11,13
2019-20,TOT,Tottenham Hotspur,12,14
2019-20,TOT,Tottenham Hotspur,13,17
2019-20,TOT,Tottenham Hotspur,14,20
2019-20,TOT,Tottenham Hotspur,15,20
2019-20,TOT,Tottenham Hotspur,16,23
2019-20,TOT,Tottenham Hotspur,17,26
2019-20,TOT,Tottenham Hotspur,18,26
2019-20,TOT,Tottenham Hotspur,19,29
2019-20,TOT,Tottenham Hotspur,20,30
2019-20,TOT,Tottenham Hotspur,21,30
2019-20,TOT,Tottenham Hotspur,22,30
2019-20,TOT,Tottenham Hotspur,23,31
2019-20,TOT,Tottenham Hotspur,24,34
2019-20,TOT,Tottenham Hotspur,25,37
2019-20,TOT,Tottenham Hotspur,26,40
2019-20,TOT,Tottenham Hotspur,27,40
2019-20,TOT,Tottenham Hotspur,28,40
2019-20,TOT,Tottenham Hotspur,29,41
2019-20,TOT,Tottenham Hotspur,30,42
2019-20,TOT,Tottenham Hotspur,31,45
2019-20,TOT,Tottenham Hotspur,32,45
2019-20,TOT,Tottenham Hotspur,33,48
2019-20,TOT,Tottenham Hotspur,34,49
2019-20,TOT,Tottenham Hotspur,35,52
2019-20,TOT,Tottenham Hotspur,36,55
2019-20,TOT,Tottenham Hotspur,37,58
2019-20,TOT,Tottenham Hotspur,38,59
2019-20,WAT,Watford,1,0
2019-20,WAT,Watford,2,0
2019-20,WAT,Watford,3,0
2019-20,WAT,Watford,4,1
2019-20,WAT,Watford,5,2
2019-20,WAT,Watford,6,2
2019-20,WAT,Watford,7,2
2019-20,WAT,Watford,8,3
2019-20,WAT,Watford,9,4
2019-20,WAT,Watford,10,5
2019-20,WAT,Watford,11,5
2019-20,WAT,Watford,12,8
2019-20,WAT,Watford,13,8
2019-20,WAT,Watford,14,8
2019-20,WAT,Watford,15,8
2019-20,WAT,Watford,16,9
2019-20,WAT,Watford,17,9
2019-20,WAT,Watford,18,12
2019-20,WAT,Watford,19,13
2019-20,WAT,Watford,20,16
2019-20,WAT,Watford,21,19
2019-20,WAT,Watford,22,22
2019-20,WAT,Watford,23,23
2019-20,WAT,Watford,24,23
2019-20,WAT,Watford,25,23
2019-20,WAT,Watford,26,24
2019-20,WAT,Watford,27,24
2019-20,WAT,Watford,28,27
2019-20,WAT,Watford,29,27
2019-20,WAT,Watford,30,28
2019-20,WAT,Watford,31,28
2019-20,WAT,Watford,32,28
2019-20,WAT,Watford,33,28
2019-20,WAT,Watford,34,31
2019-20,WAT,Watford,35,34
2019-20,WAT,Watford,36,34
2019-20,WAT,Watford,37,34
2019-20,WAT,Watford,38,34
2019-20,WHU,West Ham United,1,0
2019-20,WHU,West Ham United,2,1
2019-20,WHU,West Ham United,3,4
2019-20,WHU,West Ham United,4,7
2019-20,WHU,West Ham United,5,8
2019-20,WHU,West Ham United,6,11
2019-20,WHU,West Ham United,7,12
2019-20,WHU,West Ham United,8,12
2019-20,WHU,West Ham United,9,12
2019-20,WHU,West Ham United,10,13
2019-20,WHU,West Ham United,11,13
2019-20,WHU,West Ham United,12,13
2019-20,WHU,West Ham United,13,13
2019-20,WHU,West Ham United,14,16
2019-20,WHU,West Ham United,15,16
2019-20,WHU,West Ham United,16,16
2019-20,WHU,West Ham United,17,19
2019-20,WHU,West Ham United,18,19
2019-20,WHU,West Ham United,19,19
2019-20,WHU,West Ham United,20,22
2019-20,WHU,West Ham United,21,22
2019-20,WHU,West Ham United,22,23
2019-20,WHU,West Ham United,23,23
2019-20,WHU,West Ham United,24,23
2019-20,WHU,West Ham United,25,24
2019-20,WHU,West Ham United,26,24
2019-20,WHU,West Ham United,27,24
2019-20,WHU,West Ham United,28,27
2019-20,WHU,West Ham United,29,27
2019-20,WHU,West Ham United,30,27
2019-20,WHU,West Ham United,31,27
2019-20,WHU,West Ham United,32,30
2019-20,WHU,West Ham United,33,31
2019-20,WHU,West Ham United,34,31
2019-20,WHU,West Ham United,35,34
2019-20,WHU,West Ham United,36,37
2019-20,WHU,West Ham United,37,38
2019-20,WHU,West Ham United,38,39
2019-20,WOL,Wolverhampton Wanderers,1,1
2019-20,WOL,Wolverhampton Wanderers,2,2
2019-20,WOL,Wolverhampton Wanderers,3,3
2019-20,WOL,Wolverhampton Wanderers,4,3
2019-20,WOL,Wolverhampton Wanderers,5,3
2019-20,WOL,Wolverhampton Wanderers,6,4
2019-20,WOL,Wolverhampton Wanderers,7,7
2019-20,WOL,Wolverhampton Wanderers,8,10
2019-20,WOL,Wolverhampton Wanderers,9,11
2019-20,WOL,Wolverhampton Wanderers,10,12
2019-20,WOL,Wolverhampton Wanderers,11,13
2019-20,WOL,Wolverhampton Wanderers,12,16
2019-20,WOL,Wolverhampton Wanderers,13,19
2019-20,WOL,Wolverhampton Wanderers,14,20
2019-20,WOL,Wolverhampton Wanderers,15,23
2019-20,WOL,Wolverhampton Wanderers,16,24
2019-20,WOL,Wolverhampton Wanderers,17,24
2019-20,WOL,Wolverhampton Wanderers,18,27
2019-20,WOL,Wolverhampton Wanderers,19,30
2019-20,WOL,Wolverhampton Wanderers,20,30
2019-20,WOL,Wolverhampton Wanderers,21,30
2019-20,WOL,Wolverhampton Wanderers,22,31
2019-20,WOL,Wolverhampton Wanderers,23,34
2019-20,WOL,Wolverhampton Wanderers,24,34
2019-20,WOL,Wolverhampton Wanderers,25,35
2019-20,WOL,Wolverhampton Wanderers,26,36
2019-20,WOL,Wolverhampton Wanderers,27,39
2019-20,WOL,Wolverhampton Wanderers,28,42
2019-20,WOL,Wolverhampton Wanderers,29,43
2019-20,WOL,Wolverhampton Wanderers,30,46
2019-20,WOL,Wolverhampton Wanderers,31,49
2019-20,WOL,Wolverhampton Wanderers,32,52
2019-20,WOL,Wolverhampton Wanderers,33,52
2019-20,WOL,Wolverhampton Wanderers,34,52
2019-20,WOL,Wolverhampton Wanderers,35,55
2019-20,WOL,Wolverhampton Wanderers,36,56
2019-20,WOL,Wolverhampton Wanderers,37,59
2019-20,WOL,Wolverhampton Wanderers,38,59
2020-21,ARS,Arsenal,1,3
2020-21,ARS,Arsenal,2,6
2020-21,ARS,Arsenal,3,6
2020-21,ARS,Arsenal,4,9
2020-21,ARS,Arsenal,5,9
2020-21,ARS,Arsenal,6,9
2020-21,ARS,Arsenal,7,12
2020-21,ARS,Arsenal,8,12
2020-21,ARS,Arsenal,9,13
2020-21,ARS,Arsenal,10,13
2020-21,ARS,Arsenal,11,13
2020-21,ARS,Arsenal,12,13
2020-21,ARS,Arsenal,13,14
2020-21,ARS,Arsenal,14,14
2020-21,ARS,Arsenal,15,17
2020-21,ARS,Arsenal,16,20
2020-21,ARS,Arsenal,17,23
2020-21,ARS,Arsenal,18,24
2020-21,ARS,Arsenal,19,27
2020-21,ARS,Arsenal,20,30
2020-21,ARS,Arsenal,21,31
2020-21,ARS,Arsenal,22,31
2020-21,ARS,Arsenal,23,31
2020-21,ARS,Arsenal,24,34
2020-21,ARS,Arsenal,25,34
2020-21,ARS,Arsenal,26,37
2020-21,ARS,Arsenal,27,38
2020-21,ARS,Arsenal,28,41
2020-21,ARS,Arsenal,29,42
2020-21,ARS,Arsenal,30,42
2020-21,ARS,Arsenal,31,45
2020-21,ARS,Arsenal,32,46
2020-21,ARS,Arsenal,33,46
2020-21,ARS,Arsenal,34,49
2020-21,ARS,Arsenal,35,52
2020-21,ARS,Arsenal,36,55
2020-21,ARS,Arsenal,37,58
2020-21,ARS,Arsenal,38,61
2020-21,AVL,Aston Villa,1,3
2020-21,AVL,Aston Villa,2,6
2020-21,AVL,Aston Villa,3,9
2020-21,AVL,Aston Villa,4,12
2020-21,AVL,Aston Villa,5,12
2020-21,AVL,Aston Villa,6,12
2020-21,AVL,Aston Villa,7,15
2020-21,AVL,Aston Villa,8,15
2020-21,AVL,Aston Villa,9,15
2020-21,AVL,Aston Villa,10,18
2020-21,AVL,Aston Villa,11,19
2020-21,AVL,Aston Villa,12,22
2020-21,AVL,Aston Villa,13,25
2020-21,AVL,Aston Villa,14,26
2020-21,AVL,Aston Villa,15,26
2020-21,AVL,Aston Villa,16,26
2020-21,AVL,Aston Villa,17,29
2020-21,AVL,Aston Villa,18,29
2020-21,AVL,Aston Villa,19,32
2020-21,AVL,Aston Villa,20,32
2020-21,AVL,Aston Villa,21,35
2020-21,AVL,Aston Villa,22,36
2020-21,AVL,Aston Villa,23,36
2020-21,AVL,Aston Villa,24,39
2020-21,AVL,Aston Villa,25,39
2020-21,AVL,Aston Villa,26,40
2020-21,AVL,Aston Villa,27,41
2020-21,AVL,Aston Villa,28,41
2020-21,AVL,Aston Villa,29,44
2020-21,AVL,Aston Villa,30,44
2020-21,AVL,Aston Villa,31,44
2020-21,AVL,Aston Villa,32,45
2020-21,AVL,Aston Villa,33,48
2020-21,AVL,Aston Villa,34,48
2020-21,AVL,Aston Villa,35,49
2020-21,AVL,Aston Villa,36,49
2020-21,AVL,Aston Villa,37,52
2020-21,AVL,Aston Villa,38,55
2020-21,BHA,Brighton and Hove Albion,1,0
2020-21,BHA,Brighton and Hove Albion,2,3
2020-21,BHA,Brighton and Hove Albion,3,3
2020-21,BHA,Brighton and Hove Albion,4,3
2020-21,BHA,Brighton and Hove Albion,5,4
2020-21,BHA,Brighton and Hove Albion,6,5
2020-21,BHA,Brighton and Hove Albion,7,5
2020-21,BHA,Brighton and Hove Albion,8,6
2020-21,BHA,Brighton and Hove Albion,9,9
2020-21,BHA,Brighton and Hove Albion,10,10
2020-21,BHA,Brighton and Hove Albion,11,10
2020-21,BHA,Brighton and Hove Albion,12,10
2020-21,BHA,Brighton and Hove Albion,13,11
2020-21,BHA,Brighton and Hove Albion,14,12
2020-21,BHA,Brighton and Hove Albion,15,13
2020-21,BHA,Brighton and Hove Albion,16,13
2020-21,BHA,Brighton and Hove Albion,17,14
2020-21,BHA,Brighton and Hove Albion,18,14
2020-21,BHA,Brighton and Hove Albion,19,17
2020-21,BHA,Brighton and Hove Albion,20,18
2020-21,BHA,Brighton and Hove Albion,21,21
2020-21,BHA,Brighton and Hove Albion,22,24
2020-21,BHA,Brighton and Hove Albion,23,25
2020-21,BHA,Brighton and Hove Albion,24,26
2020-21,BHA,Brighton and Hove Albion,25,26
2020-21,BHA,Brighton and Hove Albion,26,26
2020-21,BHA,Brighton and Hove Albion,27,26
2020-21,BHA,Brighton and Hove Albion,28,29
2020-21,BHA,Brighton and Hove Albion,29,32
2020-21,BHA,Brighton and Hove Albion,30,32
2020-21,BHA,Brighton and Hove Albion,31,33
2020-21,BHA,Brighton and Hove Albion,32,34
2020-21,BHA,Brighton and Hove Albion,33,34
2020-21,BHA,Brighton and Hove Albion,34,37
2020-21,BHA,Brighton and Hove Albion,35,37
2020-21,BHA,Brighton and Hove Albion,36,38
2020-21,BHA,Brighton and Hove Albion,37,41
2020-21,BHA,Brighton and Hove Albion,38,41
2020-21,BUR,Burnley,1,0
2020-21,BUR,Burnley,2,0
2020-21,BUR,Burnley,3,0
2020-21,BUR,Burnley,4,1
2020-21,BUR,Burnley,5,1
2020-21,BUR,Burnley,6,1
2020-21,BUR,Burnley,7,2
2020-21,BUR,Burnley,8,5
2020-21,BUR,Burnley,9,5
2020-21,BUR,Burnley,10,6
2020-21,BUR,Burnley,11,9
2020-21,BUR,Burnley,12,10
2020-21,BUR,Burnley,13,13
2020-21,BUR,Burnley,14,13
2020-21,BUR,Burnley,15,16
2020-21,BUR,Burnley,16,16
2020-21,BUR,Burnley,17,16
2020-21,BUR,Burnley,18,19
2020-21,BUR,Burnley,19,22
2020-21,BUR,Burnley,20,22
2020-21,BUR,Burnley,21,22
2020-21,BUR,Burnley,22,23
2020-21,BUR,Burnley,23,26
2020-21,BUR,Burnley,24,27
2020-21,BUR,Burnley,25,28
2020-21,BUR,Burnley,26,28
2020-21,BUR,Burnley,27,29
2020-21,BUR,Burnley,28,30
2020-21,BUR,Burnley,29,33
2020-21,BUR,Burnley,30,33
2020-21,BUR,Burnley,31,33
2020-21,BUR,Burnley,32,33
2020-21,BUR,Burnley,33,36
2020-21,BUR,Burnley,34,36
2020-21,BUR,Burnley,35,39
2020-21,BUR,Burnley,36,39
2020-21,BUR,Burnley,37,39
2020-21,BUR,Burnley,38,39
2020-21,CHE,Chelsea,1,3
2020-21,CHE,Chelsea,2,3
2020-21,CHE,Chelsea,3,4
2020-21,CHE,Chelsea,4,7
2020-21,CHE,Chelsea,5,8
2020-21,CHE,Chelsea,6,9
2020-21,CHE,Chelsea,7,12
2020-21,CHE,Chelsea,8,15
2020-21,CHE,Chelsea,9,18
2020-21,CHE,Chelsea,10,19
2020-21,CHE,Chelsea,11,22
2020-21,CHE,Chelsea,12,22
2020-21,CHE,Chelsea,13,22
2020-21,CHE,Chelsea,14,25
2020-21,CHE,Chelsea,15,25
2020-21,CHE,Chelsea,16,26
2020-21,CHE,Chelsea,17,26
2020-21,CHE,Chelsea,18,29
2020-21,CHE,Chelsea,19,29
2020-21,CHE,Chelsea,20,30
2020-21,CHE,Chelsea,21,33
2020-21,CHE,Chelsea,22,36
2020-21,CHE,Chelsea,23,39
2020-21,CHE,Chelsea,24,42
2020-21,CHE,Chelsea,25,43
2020-21,CHE,Chelsea,26,44
2020-21,CHE,Chelsea,27,47
2020-21,CHE,Chelsea,28,50
2020-21,CHE,Chelsea,29,51
2020-21,CHE,Chelsea,30,51
2020-21,CHE,Chelsea,31,54
2020-21,CHE,Chelsea,32,55
2020-21,CHE,Chelsea,33,58
2020-21,CHE,Chelsea,34,61
2020-21,CHE,Chelsea,35,64
2020-21,CHE,Chelsea,36,64
2020-21,CHE,Chelsea,37,67
2020-21,CHE,Chelsea,38,67
2020-21,CRY,Crystal Palace,1,3
2020-21,CRY,Crystal Palace,2,6
2020-21,CRY,Crystal Palace,3,6
2020-21,CRY,Crystal Palace,4,6
2020-21,CRY,Crystal Palace,5,7
2020-21,CRY,Crystal Palace,6,10
2020-21,CRY,Crystal Palace,7,10
2020-21,CRY,Crystal Palace,8,13
2020-21,CRY,Crystal Palace,9,13
2020-21,CRY,Crystal Palace,10,13
2020-21,CRY,Crystal Palace,11,16
2020-21,CRY,Crystal Palace,12,17
2020-21,CRY,Crystal Palace,13,18
2020-21,CRY,Crystal Palace,14,18
2020-21,CRY,Crystal Palace,15,18
2020-21,CRY,Crystal Palace,16,19
2020-21,CRY,Crystal Palace,17,22
2020-21,CRY,Crystal Palace,18,23
2020-21,CRY,Crystal Palace,19,23
2020-21,CRY,Crystal Palace,20,23
2020-21,CRY,Crystal Palace,21,26
2020-21,CRY,Crystal Palace,22,29
2020-21,CRY,Crystal Palace,23,29
2020-21,CRY,Crystal Palace,24,29
2020-21,CRY,Crystal Palace,25,32
2020-21,CRY,Crystal Palace,26,33
2020-21,CRY,Crystal Palace,27,34
2020-21,CRY,Crystal Palace,28,34
2020-21,CRY,Crystal Palace,29,37
2020-21,CRY,Crystal Palace,30,38
2020-21,CRY,Crystal Palace,31,38
2020-21,CRY,Crystal Palace,32,38
2020-21,CRY,Crystal Palace,33,38
2020-21,CRY,Crystal Palace,34,41
2020-21,CRY,Crystal Palace,35,41
2020-21,CRY,Crystal Palace,36,44
2020-21,CRY,Crystal Palace,37,44
2020-21,CRY,Crystal Palace,38,44
2020-21,EVE,Everton,1,3
2020-21,EVE,Everton,2,6
2020-21,EVE,Everton,3,9
2020-21,EVE,Everton,4,12
2020-21,EVE,Everton,5,13
2020-21,EVE,Everton,6,13
2020-21,EVE,Everton,7,13
2020-21,EVE,Everton,8,13
2020-21,EVE,Everton,9,16
2020-21,EVE,Everton,10,16
2020-21,EVE,Everton,11,17
2020-21,EVE,Everton,12,20
2020-21,EVE,Everton,13,23
2020-21,EVE,Everton,14,26
2020-21,EVE,Everton,15,29
2020-21,EVE,Everton,16,29
2020-21,EVE,Everton,17,32
2020-21,EVE,Everton,18,33
2020-21,EVE,Everton,19,33
2020-21,EVE,Everton,20,36
2020-21,EVE,Everton,21,37
2020-21,EVE,Everton,22,37
2020-21,EVE,Everton,23,37
2020-21,EVE,Everton,24,40
2020-21,EVE,Everton,25,43
2020-21,EVE,Everton,26,46
2020-21,EVE,Everton,27,46
2020-21,EVE,Everton,28,46
2020-21,EVE,Everton,29,47
2020-21,EVE,Everton,30,48
2020-21,EVE,Everton,31,49
2020-21,EVE,Everton,32,52
2020-21,EVE,Everton,33,52
2020-21,EVE,Everton,34,55
2020-21,EVE,Everton,35,56
2020-21,EVE,Everton,36,56
2020-21,EVE,Everton,37,59
2020-21,EVE,Everton,38,59
2020-21,FUL,Fulham,1,0
2020-21,FUL,Fulham,2,0
2020-21,FUL,Fulham,3,0
2020-21,FUL,Fulham,4,0
2020-21,FUL,Fulham,5,1
2020-21,FUL,Fulham,6,1
2020-21,FUL,Fulham,7,4
2020-21,FUL,Fulham,8,4
2020-21,FUL,Fulham,9,4
2020-21,FUL,Fulham,10,7
2020-21,FUL,Fulham,11,7
2020-21,FUL,Fulham,12,8
2020-21,FUL,Fulham,13,9
2020-21,FUL,Fulham,14,10
2020-21,FUL,Fulham,15,11
2020-21,FUL,Fulham,16,12
2020-21,FUL,Fulham,17,12
2020-21,FUL,Fulham,18,12
2020-21,FUL,Fulham,19,13
2020-21,FUL,Fulham,20,14
2020-21,FUL,Fulham,21,14
2020-21,FUL,Fulham,22,15
2020-21,FUL,Fulham,23,18
2020-21,FUL,Fulham,24,19
2020-21,FUL,Fulham,25,22
2020-21,FUL,Fulham,26,23
2020-21,FUL,Fulham,27,23
2020-21,FUL,Fulham,28,26
2020-21,FUL,Fulham,29,26
2020-21,FUL,Fulham,30,26
2020-21,FUL,Fulham,31,26
2020-21,FUL,Fulham,32,26
2020-21,FUL,Fulham,33,27
2020-21,FUL,Fulham,34,27
2020-21,FUL,Fulham,35,27
2020-21,FUL,Fulham,36,27
2020-21,FUL,Fulham,37,28
2020-21,FUL,Fulham,38,28
2020-21,LEE,Leeds United,1,0
2020-21,LEE,Leeds United,2,3
2020-21,LEE,Leeds United,3,6
2020-21,LEE,Leeds United,4,7
2020-21,LEE,Leeds United,5,7
2020-21,LEE,Leeds United,6,10
2020-21,LEE,Leeds United,7,10
2020-21,LEE,Leeds United,8,10
2020-21,LEE,Leeds United,9,11
2020-21,LEE,Leeds United,10,14
2020-21,LEE,Leeds United,11,14
2020-21,LEE,Leeds United,12,14
2020-21,LEE,Leeds United,13,17
2020-21,LEE,Leeds United,14,17
2020-21,LEE,Leeds United,15,20
2020-21,LEE,Leeds United,16,23
2020-21,LEE,Leeds United,17,23
2020-21,LEE,Leeds United,18,23
2020-21,LEE,Leeds United,19,26
2020-21,LEE,Leeds United,20,29
2020-21,LEE,Leeds United,21,29
2020-21,LEE,Leeds United,22,32
2020-21,LEE,Leeds United,23,32
2020-21,LEE,Leeds United,24,32
2020-21,LEE,Leeds United,25,35
2020-21,LEE,Leeds United,26,35
2020-21,LEE,Leeds United,27,35
2020-21,LEE,Leeds United,28,36
2020-21,LEE,Leeds United,29,39
2020-21,LEE,Leeds United,30,42
2020-21,LEE,Leeds United,31,45
2020-21,LEE,Leeds United,32,46
2020-21,LEE,Leeds United,33,47
2020-21,LEE,Leeds United,34,47
2020-21,LEE,Leeds United,35,50
2020-21,LEE,Leeds United,36,53
2020-21,LEE,Leeds United,37,56
2020-21,LEE,Leeds United,38,59
2020-21,LEI,Leicester City,1,3
2020-21,LEI,Leicester City,2,6
2020-21,LEI,Leicester City,3,9
2020-21,LEI,Leicester City,4,9
2020-21,LEI,Leicester City,5,9
2020-21,LEI,Leicester City,6,12
2020-21,LEI,Leicester City,7,15
2020-21,LEI,Leicester City,8,18
2020-21,LEI,Leicester City,9,18
2020-21,LEI,Leicester City,10,18
2020-21,LEI,Leicester City,11,21
2020-21,LEI,Leicester City,12,24
2020-21,LEI,Leicester City,13,24
2020-21,LEI,Leicester City,14,27
2020-21,LEI,Leicester City,15,28
2020-21,LEI,Leicester City,16,29
2020-21,LEI,Leicester City,17,32
2020-21,LEI,Leicester City,18,35
2020-21,LEI,Leicester City,19,38
2020-21,LEI,Leicester City,20,39
2020-21,LEI,Leicester City,21,39
2020-21,LEI,Leicester City,22,42
2020-21,LEI,Leicester City,23,43
2020-21,LEI,Leicester City,24,46
2020-21,LEI,Leicester City,25,49
2020-21,LEI,Leicester City,26,49
2020-21,LEI,Leicester City,27,50
2020-21,LEI,Leicester City,28,53
2020-21,LEI,Leicester City,29,56
2020-21,LEI,Leicester City,30,56
2020-21,LEI,Leicester City,31,56
2020-21,LEI,Leicester City,32,59
2020-21,LEI,Leicester City,33,62
2020-21,LEI,Leicester City,34,63
2020-21,LEI,Leicester City,35,63
2020-21,LEI,Leicester City,36,66
2020-21,LEI,Leicester City,37,66
2020-21,LEI,Leicester City,38,66
2020-21,LIV,Liverpool,1,3
2020-21,LIV,Liverpool,2,6
2020-21,LIV,Liverpool,3,9
2020-21,LIV,Liverpool,4,9
2020-21,LIV,Liverpool,5,10
2020-21,LIV,Liverpool,6,13
2020-21,LIV,Liverpool,7,16
2020-21,LIV,Liverpool,8,17
2020-21,LIV,Liverpool,9,20
2020-21,LIV,Liverpool,10,21
2020-21,LIV,Liverpool,11,24
2020-21,LIV,Liverpool,12,25
2020-21,LIV,Liverpool,13,28
2020-21,LIV,Liverpool,14,31
2020-21,LIV,Liverpool,15,32
2020-21,LIV,Liverpool,16,33
2020-21,LIV,Liverpool,17,33
2020-21,LIV,Liverpool,18,34
2020-21,LIV,Liverpool,19,34
2020-21,LIV,Liverpool,20,37
2020-21,LIV,Liverpool,21,40
2020-21,LIV,Liverpool,22,40
2020-21,LIV,Liverpool,23,40
2020-21,LIV,Liverpool,24,40
2020-21,LIV,Liverpool,25,40
2020-21,LIV,Liverpool,26,43
2020-21,LIV,Liverpool,27,43
2020-21,LIV,Liverpool,28,43
2020-21,LIV,Liverpool,29,46
2020-21,LIV,Liverpool,30,49
2020-21,LIV,Liverpool,31,52
2020-21,LIV,Liverpool,32,53
2020-21,LIV,Liverpool,33,54
2020-21,LIV,Liverpool,34,57
2020-21,LIV,Liverpool,35,60
2020-21,LIV,Liverpool,36,63
2020-21,LIV,Liverpool,37,66
2020-21,LIV,Liverpool,38,69
2020-21,MCI,Manchester City,1,3
2020-21,MCI,Manchester City,2,3
2020-21,MCI,Manchester City,3,4
2020-21,MCI,Manchester City,4,7
2020-21,MCI,Manchester City,5,8
2020-21,MCI,Manchester City,6,11
2020-21,MCI,Manchester City,7,12
2020-21,MCI,Manchester City,8,12
2020-21,MCI,Manchester City,9,15
2020-21,MCI,Manchester City,10,18
2020-21,MCI,Manchester City,11,19
2020-21,MCI,Manchester City,12,20
2020-21,MCI,Manchester City,13,23
2020-21,MCI,Manchester City,14,26
2020-21,MCI,Manchester City,15,29
2020-21,MCI,Manchester City,16,32
2020-21,MCI,Manchester City,17,35
2020-21,MCI,Manchester City,18,38
2020-21,MCI,Manchester City,19,41
2020-21,MCI,Manchester City,20,44
2020-21,MCI,Manchester City,21,47
2020-21,MCI,Manchester City,22,50
2020-21,MCI,Manchester City,23,53
2020-21,MCI,Manchester City,24,56
2020-21,MCI,Manchester City,25,59
2020-21,MCI,Manchester City,26,62
2020-21,MCI,Manchester City,27,65
2020-21,MCI,Manchester City,28,65
2020-21,MCI,Manchester City,29,68
2020-21,MCI,Manchester City,30,71
2020-21,MCI,Manchester City,31,74
2020-21,MCI,Manchester City,32,74
2020-21,MCI,Manchester City,33,77
2020-21,MCI,Manchester City,34,80
2020-21,MCI,Manchester City,35,80
2020-21,MCI,Manchester City,36,83
2020-21,MCI,Manchester City,37,83
2020-21,MCI,Manchester City,38,86
2020-21,MUN,Manchester United,1,0
2020-21,MUN,Manchester United,2,3
2020-21,MUN,Manchester United,3,3
2020-21,MUN,Manchester United,4,6
2020-21,MUN,Manchester United,5,7
2020-21,MUN,Manchester United,6,7
2020-21,MUN,Manchester United,7,10
2020-21,MUN,Manchester United,8,13
2020-21,MUN,Manchester United,9,16
2020-21,MUN,Manchester United,10,19
2020-21,MUN,Manchester United,11,20
2020-21,MUN,Manchester United,12,23
2020-21,MUN,Manchester United,13,26
2020-21,MUN,Manchester United,14,27
2020-21,MUN,Manchester United,15,30
2020-21,MUN,Manchester United,16,33
2020-21,MUN,Manchester United,17,36
2020-21,MUN,Manchester United,18,37
2020-21,MUN,Manchester United,19,40
2020-21,MUN,Manchester United,20,40
2020-21,MUN,Manchester United,21,41
2020-21,MUN,Manchester United,22,44
2020-21,MUN,Manchester United,23,45
2020-21,MUN,Manchester United,24,46
2020-21,MUN,Manchester United,25,49
2020-21,MUN,Manchester United,26,50
2020-21,MUN,Manchester United,27,51
2020-21,MUN,Manchester United,28,54
2020-21,MUN,Manchester United,29,57
2020-21,MUN,Manchester United,30,60
2020-21,MUN,Manchester United,31,63
2020-21,MUN,Manchester United,32,66
2020-21,MUN,Manchester United,33,67
2020-21,MUN,Manchester United,34,70
2020-21,MUN,Manchester United,35,70
2020-21,MUN,Manchester United,36,70
2020-21,MUN,Manchester United,37,71
2020-21,MUN,Manchester United,38,74
2020-21,NEW,Newcastle United,1,3
2020-21,NEW,Newcastle United,2,3
2020-21,NEW,Newcastle United,3,4
2020-21,NEW,Newcastle United,4,7
2020-21,NEW,Newcastle United,5,7
2020-21,NEW,Newcastle United,6,8
2020-21,NEW,Newcastle United,7,11
2020-21,NEW,Newcastle United,8,11
2020-21,NEW,Newcastle United,9,11
2020-21,NEW,Newcastle United,10,14
2020-21,NEW,Newcastle United,11,17
2020-21,NEW,Newcastle United,12,17
2020-21,NEW,Newcastle United,13,18
2020-21,NEW,Newcastle United,14,18
2020-21,NEW,Newcastle United,15,19
2020-21,NEW,Newcastle United,16,19
2020-21,NEW,Newcastle United,17,19
2020-21,NEW,Newcastle United,18,19
2020-21,NEW,Newcastle United,19,19
2020-21,NEW,Newcastle United,20,19
2020-21,NEW,Newcastle United,21,22
2020-21,NEW,Newcastle United,22,22
2020-21,NEW,Newcastle United,23,25
2020-21,NEW,Newcastle United,24,25
2020-21,NEW,Newcastle United,25,25
2020-21,NEW,Newcastle United,26,26
2020-21,NEW,Newcastle United,27,27
2020-21,NEW,Newcastle United,28,28
2020-21,NEW,Newcastle United,29,28
2020-21,NEW,Newcastle United,30,29
2020-21,NEW,Newcastle United,31,32
2020-21,NEW,Newcastle United,32,35
2020-21,NEW,Newcastle United,33,36
2020-21,NEW,Newcastle United,34,36
2020-21,NEW,Newcastle United,35,39
2020-21,NEW,Newcastle United,36,39
2020-21,NEW,Newcastle United,37,42
2020-21,NEW,Newcastle United,38,45
2020-21,SHU,Sheffield United,1,0
2020-21,SHU,Sheffield United,2,0
2020-21,SHU,Sheffield United,3,0
2020-21,SHU,Sheffield United,4,0
2020-21,SHU,Sheffield United,5,1
2020-21,SHU,Sheffield United,6,1
2020-21,SHU,Sheffield United,7,1
2020-21,SHU,Sheffield United,8,1
2020-21,SHU,Sheffield United,9,1
2020-21,SHU,Sheffield United,10,1
2020-21,SHU,Sheffield United,11,1
2020-21,SHU,Sheffield United,12,1
2020-21,SHU,Sheffield United,13,1
2020-21,SHU,Sheffield United,14,2
2020-21,SHU,Sheffield United,15,2
2020-21,SHU,Sheffield United,16,2
2020-21,SHU,Sheffield United,17,2
2020-21,SHU,Sheffield United,18,5
2020-21,SHU,Sheffield United,19,5
2020-21,SHU,Sheffield United,20,8
2020-21,SHU,Sheffield United,21,8
2020-21,SHU,Sheffield United,22,11
2020-21,SHU,Sheffield United,23,11
2020-21,SHU,Sheffield United,24,11
2020-21,SHU,Sheffield United,25,11
2020-21,SHU,Sheffield United,26,11
2020-21,SHU,Sheffield United,27,14
2020-21,SHU,Sheffield United,28,14
2020-21,SHU,Sheffield United,29,14
2020-21,SHU,Sheffield United,30,14
2020-21,SHU,Sheffield United,31,14
2020-21,SHU,Sheffield United,32,14
2020-21,SHU,Sheffield United,33,17
2020-21,SHU,Sheffield United,34,17
2020-21,SHU,Sheffield United,35,17
2020-21,SHU,Sheffield United,36,20
2020-21,SHU,Sheffield United,37,20
2020-21,SHU,Sheffield United,38,23
2020-21,SOU,Southampton,1,0
2020-21,SOU,Southampton,2,0
2020-21,SOU,Southampton,3,3
2020-21,SOU,Southampton,4,6
2020-21,SOU,Southampton,5,7
2020-21,SOU,Southampton,6,10
2020-21,SOU,Southampton,7,13
2020-21,SOU,Southampton,8,16
2020-21,SOU,Southampton,9,17
2020-21,SOU,Southampton,10,17
2020-21,SOU,Southampton,11,20
2020-21,SOU,Southampton,12,23
2020-21,SOU,Southampton,13,24
2020-21,SOU,Southampton,14,24
2020-21,SOU,Southampton,15,25
2020-21,SOU,Southampton,16,26
2020-21,SOU,Southampton,17,29
2020-21,SOU,Southampton,18,29
2020-21,SOU,Southampton,19,29
2020-21,SOU,Southampton,20,29
2020-21,SOU,Southampton,21,29
2020-21,SOU,Southampton,22,29
2020-21,SOU,Southampton,23,29
2020-21,SOU,Southampton,24,30
2020-21,SOU,Southampton,25,30
2020-21,SOU,Southampton,26,30
2020-21,SOU,Southampton,27,33
2020-21,SOU,Southampton,28,33
2020-21,SOU,Southampton,29,33
2020-21,SOU,Southampton,30,36
2020-21,SOU,Southampton,31,36
2020-21,SOU,Southampton,32,36
2020-21,SOU,Southampton,33,37
2020-21,SOU,Southampton,34,37
2020-21,SOU,Southampton,35,40
2020-21,SOU,Southampton,36,43
2020-21,SOU,Southampton,37,43
2020-21,SOU,Southampton,38,43
2020-21,TOT,Tottenham Hotspur,1,0
2020-21,TOT,Tottenham Hotspur,2,3
2020-21,TOT,Tottenham Hotspur,3,4
2020-21,TOT,Tottenham Hotspur,4,7
2020-21,TOT,Tottenham Hotspur,5,8
2020-21,TOT,Tottenham Hotspur,6,11
2020-21,TOT,Tottenham Hotspur,7,14
2020-21,TOT,Tottenham Hotspur,8,17
2020-21,TOT,Tottenham Hotspur,9,20
2020-21,TOT,Tottenham Hotspur,10,21
2020-21,TOT,Tottenham Hotspur,11,24
2020-21,TOT,Tottenham Hotspur,12,25
2020-21,TOT,Tottenham Hotspur,13,25
2020-21,TOT,Tottenham Hotspur,14,25
2020-21,TOT,Tottenham Hotspur,15,26
2020-21,TOT,Tottenham Hotspur,16,29
2020-21,TOT,Tottenham Hotspur,17,30
2020-21,TOT,Tottenham Hotspur,18,33
2020-21,TOT,Tottenham Hotspur,19,33
2020-21,TOT,Tottenham Hotspur,20,33
2020-21,TOT,Tottenham Hotspur,21,33
2020-21,TOT,Tottenham Hotspur,22,36
2020-21,TOT,Tottenham Hotspur,23,36
2020-21,TOT,Tottenham Hotspur,24,36
2020-21,TOT,Tottenham Hotspur,25,39
2020-21,TOT,Tottenham Hotspur,26,42
2020-21,TOT,Tottenham Hotspur,27,45
2020-21,TOT,Tottenham Hotspur,28,45
2020-21,TOT,Tottenham Hotspur,29,48
2020-21,TOT,Tottenham Hotspur,30,49
2020-21,TOT,Tottenham Hotspur,31,49
2020-21,TOT,Tottenham Hotspur,32,50
2020-21,TOT,Tottenham Hotspur,33,53
2020-21,TOT,Tottenham Hotspur,34,56
2020-21,TOT,Tottenham Hotspur,35,56
2020-21,TOT,Tottenham Hotspur,36,59
2020-21,TOT,Tottenham Hotspur,37,59
2020-21,TOT,Tottenham Hotspur,38,62
2020-21,WBA,West Bromwich Albion,1,0
2020-21,WBA,West Bromwich Albion,2,0
2020-21,WBA,West Bromwich Albion,3,1
2020-21,WBA,West Bromwich Albion,4,1
2020-21,WBA,West Bromwich Albion,5,2
2020-21,WBA,West Bromwich Albion,6,3
2020-21,WBA,West Bromwich Albion,7,3
2020-21,WBA,West Bromwich Albion,8,3
2020-21,WBA,West Bromwich Albion,9,3
2020-21,WBA,West Bromwich Albion,10,6
2020-21,WBA,West Bromwich Albion,11,6
2020-21,WBA,West Bromwich Albion,12,6
2020-21,WBA,West Bromwich Albion,13,7
2020-21,WBA,West Bromwich Albion,14,7
2020-21,WBA,West Bromwich Albion,15,8
2020-21,WBA,West Bromwich Albion,16,8
2020-21,WBA,West Bromwich Albion,17,8
2020-21,WBA,West Bromwich Albion,18,11
2020-21,WBA,West Bromwich Albion,19,11
2020-21,WBA,West Bromwich Albion,20,11
2020-21,WBA,West Bromwich Albion,21,12
2020-21,WBA,West Bromwich Albion,22,12
2020-21,WBA,West Bromwich Albion,23,12
2020-21,WBA,West Bromwich Albion,24,13
2020-21,WBA,West Bromwich Albion,25,14
2020-21,WBA,West Bromwich Albion,26,17
2020-21,WBA,West Bromwich Albion,27,17
2020-21,WBA,West Bromwich Albion,28,18
2020-21,WBA,West Bromwich Albion,29,18
2020-21,WBA,West Bromwich Albion,30,21
2020-21,WBA,West Bromwich Albion,31,24
2020-21,WBA,West Bromwich Albion,32,24
2020-21,WBA,West Bromwich Albion,33,25
2020-21,WBA,West Bromwich Albion,34,26
2020-21,WBA,West Bromwich Albion,35,26
2020-21,WBA,West Bromwich Albion,36,26
2020-21,WBA,West Bromwich Albion,37,26
2020-21,WBA,West Bromwich Albion,38,26
2020-21,WHU,West Ham United,1,0
2020-21,WHU,West Ham United,2,0
2020-21,WHU,West Ham United,3,3
2020-21,WHU,West Ham United,4,6
2020-21,WHU,West Ham United,5,7
2020-21,WHU,West Ham United,6,8
2020-21,WHU,West Ham United,7,8
2020-21,WHU,West Ham United,8,11
2020-21,WHU,West Ham United,9,14
2020-21,WHU,West Ham United,10,17
2020-21,WHU,West Ham United,11,17
2020-21,WHU,West Ham United,12,20
2020-21,WHU,West Ham United,13,21
2020-21,WHU,West Ham United,14,21
2020-21,WHU,West Ham United,15,22
2020-21,WHU,West Ham United,16,23
2020-21,WHU,West Ham United,17,26
2020-21,WHU,West Ham United,18,29
2020-21,WHU,West Ham United,19,32
2020-21,WHU,West Ham United,20,35
2020-21,WHU,West Ham United,21,35
2020-21,WHU,West Ham United,22,38
2020-21,WHU,West Ham United,23,39
2020-21,WHU,West Ham United,24,42
2020-21,WHU,West Ham United,25,45
2020-21,WHU,West Ham United,26,45
2020-21,WHU,West Ham United,27,48
2020-21,WHU,West Ham United,28,48
2020-21,WHU,West Ham United,29,49
2020-21,WHU,West Ham United,30,52
2020-21,WHU,West Ham United,31,55
2020-21,WHU,West Ham United,32,55
2020-21,WHU,West Ham United,33,55
2020-21,WHU,West Ham United,34,58
2020-21,WHU,West Ham United,35,58
2020-21,WHU,West Ham United,36,59
2020-21,WHU,West Ham United,37,62
2020-21,WHU,West Ham United,38,65
2020-21,WOL,Wolverhampton Wanderers,1,3
2020-21,WOL,Wolverhampton Wanderers,2,3
2020-21,WOL,Wolverhampton Wanderers,3,3
2020-21,WOL,Wolverhampton Wanderers,4,6
2020-21,WOL,Wolverhampton Wanderers,5,9
2020-21,WOL,Wolverhampton Wanderers,6,10
2020-21,WOL,Wolverhampton Wanderers,7,13
2020-21,WOL,Wolverhampton Wanderers,8,13
2020-21,WOL,Wolverhampton Wanderers,9,14
2020-21,WOL,Wolverhampton Wanderers,10,17
2020-21,WOL,Wolverhampton Wanderers,11,17
2020-21,WOL,Wolverhampton Wanderers,12,17
2020-21,WOL,Wolverhampton Wanderers,13,20
2020-21,WOL,Wolverhampton Wanderers,14,20
2020-21,WOL,Wolverhampton Wanderers,15,21
2020-21,WOL,Wolverhampton Wanderers,16,21
2020-21,WOL,Wolverhampton Wanderers,17,22
2020-21,WOL,Wolverhampton Wanderers,18,22
2020-21,WOL,Wolverhampton Wanderers,19,22
2020-21,WOL,Wolverhampton Wanderers,20,23
2020-21,WOL,Wolverhampton Wanderers,21,23
2020-21,WOL,Wolverhampton Wanderers,22,26
2020-21,WOL,Wolverhampton Wanderers,23,27
2020-21,WOL,Wolverhampton Wanderers,24,30
2020-21,WOL,Wolverhampton Wanderers,25,33
2020-21,WOL,Wolverhampton Wanderers,26,34
2020-21,WOL,Wolverhampton Wanderers,27,34
2020-21,WOL,Wolverhampton Wanderers,28,35
2020-21,WOL,Wolverhampton Wanderers,29,35
2020-21,WOL,Wolverhampton Wanderers,30,35
2020-21,WOL,Wolverhampton Wanderers,31,38
2020-21,WOL,Wolverhampton Wanderers,32,41
2020-21,WOL,Wolverhampton Wanderers,33,41
2020-21,WOL,Wolverhampton Wanderers,34,42
2020-21,WOL,Wolverhampton Wanderers,35,45
2020-21,WOL,Wolverhampton Wanderers,36,45
2020-21,WOL,Wolverhampton Wanderers,37,45
2020-21,WOL,Wolverhampton Wanderers,38,45
2021-22,ARS,Arsenal,1,0
2021-22,ARS,Arsenal,2,0
2021-22,ARS,Arsenal,3,0
2021-22,ARS,Arsenal,4,3
2021-22,ARS,Arsenal,5,6
2021-22,ARS,Arsenal,6,9
2021-22,ARS,Arsenal,7,10
2021-22,ARS,Arsenal,8,11
2021-22,ARS,Arsenal,9,14
2021-22,ARS,Arsenal,10,17
2021-22,ARS,Arsenal,11,20
2021-22,ARS,Arsenal,12,20
2021-22,ARS,Arsenal,13,23
2021-22,ARS,Arsenal,14,23
2021-22,ARS,Arsenal,15,23
2021-22,ARS,Arsenal,16,26
2021-22,ARS,Arsenal,17,29
2021-22,ARS,Arsenal,18,32
2021-22,ARS,Arsenal,19,35
2021-22,ARS,Arsenal,20,35
2021-22,ARS,Arsenal,21,36
2021-22,ARS,Arsenal,22,39
2021-22,ARS,Arsenal,23,42
2021-22,ARS,Arsenal,24,45
2021-22,ARS,Arsenal,25,48
2021-22,ARS,Arsenal,26,51
2021-22,ARS,Arsenal,27,51
2021-22,ARS,Arsenal,28,54
2021-22,ARS,Arsenal,29,54
2021-22,ARS,Arsenal,30,54
2021-22,ARS,Arsenal,31,54
2021-22,ARS,Arsenal,32,57
2021-22,ARS,Arsenal,33,60
2021-22,ARS,Arsenal,34,63
2021-22,ARS,Arsenal,35,66
2021-22,ARS,Arsenal,36,66
2021-22,ARS,Arsenal,37,66
2021-22,ARS,Arsenal,38,69
2021-22,AVL,Aston Villa,1,0
2021-22,AVL,Aston Villa,2,3
2021-22,AVL,Aston Villa,3,4
2021-22,AVL,Aston Villa,4,4
2021-22,AVL,Aston Villa,5,7
2021-22,AVL,Aston Villa,6,10
2021-22,AVL,Aston Villa,7,10
2021-22,AVL,Aston Villa,8,10
2021-22,AVL,Aston Villa,9,10
2021-22,AVL,Aston Villa,10,10
2021-22,AVL,Aston Villa,11,10
2021-22,AVL,Aston Villa,12,13
2021-22,AVL,Aston Villa,13,16
2021-22,AVL,Aston Villa,14,16
2021-22,AVL,Aston Villa,15,19
2021-22,AVL,Aston Villa,16,19
2021-22,AVL,Aston Villa,17,22
2021-22,AVL,Aston Villa,18,22
2021-22,AVL,Aston Villa,19,22
2021-22,AVL,Aston Villa,20,23
2021-22,AVL,Aston Villa,21,26
2021-22,AVL,Aston Villa,22,27
2021-22,AVL,Aston Villa,23,27
2021-22,AVL,Aston Villa,24,27
2021-22,AVL,Aston Villa,25,30
2021-22,AVL,Aston Villa,26,33
2021-22,AVL,Aston Villa,27,36
2021-22,AVL,Aston Villa,28,36
2021-22,AVL,Aston Villa,29,36
2021-22,AVL,Aston Villa,30,36
2021-22,AVL,Aston Villa,31,36
2021-22,AVL,Aston Villa,32,37
2021-22,AVL,Aston Villa,33,40
2021-22,AVL,Aston Villa,34,43
2021-22,AVL,Aston Villa,35,43
2021-22,AVL,Aston Villa,36,44
2021-22,AVL,Aston Villa,37,45
2021-22,AVL,Aston Villa,38,45
2021-22,BHA,Brighton and Hove Albion,1,3
2021-22,BHA,Brighton and Hove Albion,2,6
2021-22,BHA,Brighton and Hove Albion,3,6
2021-22,BHA,Brighton and Hove Albion,4,9
2021-22,BHA,Brighton and Hove Albion,5,12
2021-22,BHA,Brighton and Hove Albion,6,13
2021-22,BHA,Brighton and Hove Albion,7,14
2021-22,BHA,Brighton and Hove Albion,8,15
2021-22,BHA,Brighton and Hove Albion,9,15
2021-22,BHA,Brighton and Hove Albion,10,16
2021-22,BHA,Brighton and Hove Albion,11,17
2021-22,BHA,Brighton and Hove Albion,12,17
2021-22,BHA,Brighton and Hove Albion,13,18
2021-22,BHA,Brighton and Hove Albion,14,19
2021-22,BHA,Brighton and Hove Albion,15,20
2021-22,BHA,Brighton and Hove Albion,16,20
2021-22,BHA,Brighton and Hove Albion,17,23
2021-22,BHA,Brighton and Hove Albion,18,24
2021-22,BHA,Brighton and Hove Albion,19,27
2021-22,BHA,Brighton and Hove Albion,20,28
2021-22,BHA,Brighton and Hove Albion,21,29
2021-22,BHA,Brighton and Hove Albion,22,30
2021-22,BHA,Brighton and Hove Albion,23,33
2021-22,BHA,Brighton and Hove Albion,24,33
2021-22,BHA,Brighton and Hove Albion,25,33
2021-22,BHA,Brighton and Hove Albion,26,33
2021-22,BHA,Brighton and Hove Albion,27,33
2021-22,BHA,Brighton and Hove Albion,28,33
2021-22,BHA,Brighton and Hove Albion,29,33
2021-22,BHA,Brighton and Hove Albion,30,34
2021-22,BHA,Brighton and Hove Albion,31,37
2021-22,BHA,Brighton and Hove Albion,32,40
2021-22,BHA,Brighton and Hove Albion,33,40
2021-22,BHA,Brighton and Hove Albion,34,41
2021-22,BHA,Brighton and Hove Albion,35,44
2021-22,BHA,Brighton and Hove Albion,36,47
2021-22,BHA,Brighton and Hove Albion,37,48
2021-22,BHA,Brighton and Hove Albion,38,51
2021-22,BRE,Brentford,1,3
2021-22,BRE,Brentford,2,4
2021-22,BRE,Brentford,3,5
2021-22,BRE,Brentford,4,5
2021-22,BRE,Brentford,5,8
2021-22,BRE,Brentford,6,9
2021-22,BRE,Brentford,7,12
2021-22,BRE,Brentford,8,12
2021-22,BRE,Brentford,9,12
2021-22,BRE,Brentford,10,12
2021-22,BRE,Brentford,11,12
2021-22,BRE,Brentford,12,13
2021-22,BRE,Brentford,13,16
2021-22,BRE,Brentford,14,16
2021-22,BRE,Brentford,15,17
2021-22,BRE,Brentford,16,20
2021-22,BRE,Brentford,17,20
2021-22,BRE,Brentford,18,20
2021-22,BRE,Brentford,19,23
2021-22,BRE,Brentford,20,23
2021-22,BRE,Brentford,21,23
2021-22,BRE,Brentford,22,23
2021-22,BRE,Brentford,23,23
2021-22,BRE,Brentford,24,23
2021-22,BRE,Brentford,25,24
2021-22,BRE,Brentford,26,24
2021-22,BRE,Brentford,27,24
2021-22,BRE,Brentford,28,27
2021-22,BRE,Brentford,29,30
2021-22,BRE,Brentford,30,30
2021-22,BRE,Brentford,31,33
2021-22,BRE,Brentford,32,36
2021-22,BRE,Brentford,33,39
2021-22,BRE,Brentford,34,40
2021-22,BRE,Brentford,35,40
2021-22,BRE,Brentford,36,43
2021-22,BRE,Brentford,37,46
2021-22,BRE,Brentford,38,46
2021-22,BUR,Burnley,1,0
2021-22,BUR,Burnley,2,0
2021-22,BUR,Burnley,3,1
2021-22,BUR,Burnley,4,1
2021-22,BUR,Burnley,5,1
2021-22,BUR,Burnley,6,2
2021-22,BUR,Burnley,7,3
2021-22,BUR,Burnley,8,3
2021-22,BUR,Burnley,9,4
2021-22,BUR,Burnley,10,7
2021-22,BUR,Burnley,11,8
2021-22,BUR,Burnley,12,9
2021-22,BUR,Burnley,13,10
2021-22,BUR,Burnley,14,10
2021-22,BUR,Burnley,15,11
2021-22,BUR,Burnley,16,11
2021-22,BUR,Burnley,17,11
2021-22,BUR,Burnley,18,12
2021-22,BUR,Burnley,19,13
2021-22,BUR,Burnley,20,14
2021-22,BUR,Burnley,21,14
2021-22,BUR,Burnley,22,17
2021-22,BUR,Burnley,23,20
2021-22,BUR,Burnley,24,21
2021-22,BUR,Burnley,25,21
2021-22,BUR,Burnley,26,21
2021-22,BUR,Burnley,27,21
2021-22,BUR,Burnley,28,21
2021-22,BUR,Burnley,29,24
2021-22,BUR,Burnley,30,24
2021-22,BUR,Burnley,31,25
2021-22,BUR,Burnley,32,28
2021-22,BUR,Burnley,33,31
2021-22,BUR,Burnley,34,34
2021-22,BUR,Burnley,35,34
2021-22,BUR,Burnley,36,34
2021-22,BUR,Burnley,37,35
2021-22,BUR,Burnley,38,35
2021-22,CHE,Chelsea,1,3
2021-22,CHE,Chelsea,2,6
2021-22,CHE,Chelsea,3,7
2021-22,CHE,Chelsea,4,10
2021-22,CHE,Chelsea,5,13
2021-22,CHE,Chelsea,6,13
2021-22,CHE,Chelsea,7,16
2021-22,CHE,Chelsea,8,19
2021-22,CHE,Chelsea,9,22
2021-22,CHE,Chelsea,10,25
2021-22,CHE,Chelsea,11,26
2021-22,CHE,Chelsea,12,29
2021-22,CHE,Chelsea,13,30
2021-22,CHE,Chelsea,14,33
2021-22,CHE,Chelsea,15,33
2021-22,CHE,Chelsea,16,36
2021-22,CHE,Chelsea,17,37
2021-22,CHE,Chelsea,18,38
2021-22,CHE,Chelsea,19,41
2021-22,CHE,Chelsea,20,42
2021-22,CHE,Chelsea,21,43
2021-22,CHE,Chelsea,22,43
2021-22,CHE,Chelsea,23,44
2021-22,CHE,Chelsea,24,47
2021-22,CHE,Chelsea,25,50
2021-22,CHE,Chelsea,26,53
2021-22,CHE,Chelsea,27,56
2021-22,CHE,Chelsea,28,59
2021-22,CHE,Chelsea,29,59
2021-22,CHE,Chelsea,30,62
2021-22,CHE,Chelsea,31,62
2021-22,CHE,Chelsea,32,65
2021-22,CHE,Chelsea,33,66
2021-22,CHE,Chelsea,34,66
2021-22,CHE,Chelsea,35,67
2021-22,CHE,Chelsea,36,70
2021-22,CHE,Chelsea,37,71
2021-22,CHE,Chelsea,38,74
2021-22,CRY,Crystal Palace,1,0
2021-22,CRY,Crystal Palace,2,1
2021-22,CRY,Crystal Palace,3,2
2021-22,CRY,Crystal Palace,4,5
2021-22,CRY,Crystal Palace,5,5
2021-22,CRY,Crystal Palace,6,6
2021-22,CRY,Crystal Palace,7,7
2021-22,CRY,Crystal Palace,8,8
2021-22,CRY,Crystal Palace,9,9
2021-22,CRY,Crystal Palace,10,12
2021-22,CRY,Crystal Palace,11,15
2021-22,CRY,Crystal Palace,12,16
2021-22,CRY,Crystal Palace,13,16
2021-22,CRY,Crystal Palace,14,16
2021-22,CRY,Crystal Palace,15,16
2021-22,CRY,Crystal Palace,16,19
2021-22,CRY,Crystal Palace,17,20
2021-22,CRY,Crystal Palace,18,20
2021-22,CRY,Crystal Palace,19,23
2021-22,CRY,Crystal Palace,20,23
2021-22,CRY,Crystal Palace,21,24
2021-22,CRY,Crystal Palace,22,24
2021-22,CRY,Crystal Palace,23,25
2021-22,CRY,Crystal Palace,24,26
2021-22,CRY,Crystal Palace,25,26
2021-22,CRY,Crystal Palace,26,29
2021-22,CRY,Crystal Palace,27,30
2021-22,CRY,Crystal Palace,28,33
2021-22,CRY,Crystal Palace,29,34
2021-22,CRY,Crystal Palace,30,37
2021-22,CRY,Crystal Palace,31,37
2021-22,CRY,Crystal Palace,32,37
2021-22,CRY,Crystal Palace,33,38
2021-22,CRY,Crystal Palace,34,41
2021-22,CRY,Crystal Palace,35,44
2021-22,CRY,Crystal Palace,36,45
2021-22,CRY,Crystal Palace,37,45
2021-22,CRY,Crystal Palace,38,48
2021-22,EVE,Everton,1,3
2021-22,EVE,Everton,2,4
2021-22,EVE,Everton,3,7
2021-22,EVE,Everton,4,10
2021-22,EVE,Everton,5,10
2021-22,EVE,Everton,6,13
2021-22,EVE,Everton,7,14
2021-22,EVE,Everton,8,14
2021-22,EVE,Everton,9,14
2021-22,EVE,Everton,10,14
2021-22,EVE,Everton,11,15
2021-22,EVE,Everton,12,15
2021-22,EVE,Everton,13,15
2021-22,EVE,Everton,14,15
2021-22,EVE,Everton,15,18
2021-22,EVE,Everton,16,18
2021-22,EVE,Everton,17,19
2021-22,EVE,Everton,18,19
2021-22,EVE,Everton,19,19
2021-22,EVE,Everton,20,19
2021-22,EVE,Everton,21,19
2021-22,EVE,Everton,22,22
2021-22,EVE,Everton,23,22
2021-22,EVE,Everton,24,22
2021-22,EVE,Everton,25,22
2021-22,EVE,Everton,26,22
2021-22,EVE,Everton,27,25
2021-22,EVE,Everton,28,25
2021-22,EVE,Everton,29,25
2021-22,EVE,Everton,30,28
2021-22,EVE,Everton,31,29
2021-22,EVE,Everton,32,29
2021-22,EVE,Everton,33,32
2021-22,EVE,Everton,34,35
2021-22,EVE,Everton,35,36
2021-22,EVE,Everton,36,36
2021-22,EVE,Everton,37,39
2021-22,EVE,Everton,38,39
2021-22,LEE,Leeds United,1,0
2021-22,LEE,Leeds United,2,1
2021-22,LEE,Leeds United,3,2
2021-22,LEE,Leeds United,4,2
2021-22,LEE,Leeds United,5,3
2021-22,LEE,Leeds United,6,3
2021-22,LEE,Leeds United,7,6
2021-22,LEE,Leeds United,8,6
2021-22,LEE,Leeds United,9,7
2021-22,LEE,Leeds United,10,10
2021-22,LEE,Leeds United,11,11
2021-22,LEE,Leeds United,12,11
2021-22,LEE,Leeds United,13,12
2021-22,LEE,Leeds United,14,15
2021-22,LEE,Leeds United,15,16
2021-22,LEE,Leeds United,16,16
2021-22,LEE,Leeds United,17,16
2021-22,LEE,Leeds United,18,16
2021-22,LEE,Leeds United,19,19
2021-22,LEE,Leeds United,20,22
2021-22,LEE,Leeds United,21,22
2021-22,LEE,Leeds United,22,23
2021-22,LEE,Leeds United,23,23
2021-22,LEE,Leeds United,24,23
2021-22,LEE,Leeds United,25,23
2021-22,LEE,Leeds United,26,23
2021-22,LEE,Leeds United,27,23
2021-22,LEE,Leeds United,28,23
2021-22,LEE,Leeds United,29,26
2021-22,LEE,Leeds United,30,29
2021-22,LEE,Leeds United,31,30
2021-22,LEE,Leeds United,32,33
2021-22,LEE,Leeds United,33,34
2021-22,LEE,Leeds United,34,34
2021-22,LEE,Leeds United,35,34
2021-22,LEE,Leeds United,36,34
2021-22,LEE,Leeds United,37,35
2021-22,LEE,Leeds United,38,38
2021-22,LEI,Leicester City,1,3
2021-22,LEI,Leicester City,2,3
2021-22,LEI,Leicester City,3,6
2021-22,LEI,Leicester City,4,6
2021-22,LEI,Leicester City,5,6
2021-22,LEI,Leicester City,6,7
2021-22,LEI,Leicester City,7,8
2021-22,LEI,Leicester City,8,11
2021-22,LEI,Leicester City,9,14
2021-22,LEI,Leicester City,10,14
2021-22,LEI,Leicester City,11,15
2021-22,LEI,Leicester City,12,15
2021-22,LEI,Leicester City,13,18
2021-22,LEI,Leicester City,14,19
2021-22,LEI,Leicester City,15,19
2021-22,LEI,Leicester City,16,22
2021-22,LEI,Leicester City,17,22
2021-22,LEI,Leicester City,18,25
2021-22,LEI,Leicester City,19,25
2021-22,LEI,Leicester City,20,26
2021-22,LEI,Leicester City,21,26
2021-22,LEI,Leicester City,22,27
2021-22,LEI,Leicester City,23,27
2021-22,LEI,Leicester City,24,30
2021-22,LEI,Leicester City,25,33
2021-22,LEI,Leicester City,26,33
2021-22,LEI,Leicester City,27,36
2021-22,LEI,Leicester City,28,37
2021-22,LEI,Leicester City,29,40
2021-22,LEI,Leicester City,30,40
2021-22,LEI,Leicester City,31,41
2021-22,LEI,Leicester City,32,42
2021-22,LEI,Leicester City,33,42
2021-22,LEI,Leicester City,34,42
2021-22,LEI,Leicester City,35,45
2021-22,LEI,Leicester City,36,48
2021-22,LEI,Leicester City,37,49
2021-22,LEI,Leicester City,38,52
2021-22,LIV,Liverpool,1,3
2021-22,LIV,Liverpool,2,6
2021-22,LIV,Liverpool,3,7
2021-22,LIV,Liverpool,4,10
2021-22,LIV,Liverpool,5,13
2021-22,LIV,Liverpool,6,14
2021-22,LIV,Liverpool,7,15
2021-22,LIV,Liverpool,8,18
2021-22,LIV,Liverpool,9,21
2021-22,LIV,Liverpool,10,22
2021-22,LIV,Liverpool,11,22
2021-22,LIV,Liverpool,12,25
2021-22,LIV,Liverpool,13,28
2021-22,LIV,Liverpool,14,31
2021-22,LIV,Liverpool,15,34
2021-22,LIV,Liverpool,16,37
2021-22,LIV,Liverpool,17,40
2021-22,LIV,Liverpool,18,41
2021-22,LIV,Liverpool,19,41
2021-22,LIV,Liverpool,20,42
2021-22,LIV,Liverpool,21,45
2021-22,LIV,Liverpool,22,48
2021-22,LIV,Liverpool,23,51
2021-22,LIV,Liverpool,24,54
2021-22,LIV,Liverpool,25,57
2021-22,LIV,Liverpool,26,60
2021-22,LIV,Liverpool,27,63
2021-22,LIV,Liverpool,28,66
2021-22,LIV,Liverpool,29,69
2021-22,LIV,Liverpool,30,72
2021-22,LIV,Liverpool,31,73
2021-22,LIV,Liverpool,32,76
2021-22,LIV,Liverpool,33,79
2021-22,LIV,Liverpool,34,82
2021-22,LIV,Liverpool,35,83
2021-22,LIV,Liverpool,36,86
2021-22,LIV,Liverpool,37,89
2021-22,LIV,Liverpool,38,92
2021-22,MCI,Manchester City,1,0
2021-22,MCI,Manchester City,2,3
2021-22,MCI,Manchester City,3,6
2021-22,MCI,Manchester City,4,9
2021-22,MCI,Manchester City,5,10
2021-22,MCI,Manchester City,6,13
2021-22,MCI,Manchester City,7,14
2021-22,MCI,Manchester City,8,17
2021-22,MCI,Manchester City,9,20
2021-22,MCI,Manchester City,10,20
2021-22,MCI,Manchester City,11,23
2021-22,MCI,Manchester City,12,26
2021-22,MCI,Manchester City,13,29
2021-22,MCI,Manchester City,14,32
2021-22,MCI,Manchester City,15,35
2021-22,MCI,Manchester City,16,38
2021-22,MCI,Manchester City,17,41
2021-22,MCI,Manchester City,18,44
2021-22,MCI,Manchester City,19,47
2021-22,MCI,Manchester City,20,50
2021-22,MCI,Manchester City,21,53
2021-22,MCI,Manchester City,22,56
2021-22,MCI,Manchester City,23,57
2021-22,MCI,Manchester City,24,60
2021-22,MCI,Manchester City,25,63
2021-22,MCI,Manchester City,26,63
2021-22,MCI,Manchester City,27,66
2021-22,MCI,Manchester City,28,69
2021-22,MCI,Manchester City,29,70
2021-22,MCI,Manchester City,30,73
2021-22,MCI,Manchester City,31,74
2021-22,MCI,Manchester City,32,77
2021-22,MCI,Manchester City,33,80
2021-22,MCI,Manchester City,34,83
2021-22,MCI,Manchester City,35,86
2021-22,MCI,Manchester City,36,89
2021-22,MCI,Manchester City,37,90
2021-22,MCI,Manchester City,38,93
2021-22,MUN,Manchester United,1,3
2021-22,MUN,Manchester United,2,4
2021-22,MUN,Manchester United,3,7
2021-22,MUN,Manchester United,4,10
2021-22,MUN,Manchester United,5,13
2021-22,MUN,Manchester United,6,13
2021-22,MUN,Manchester United,7,14
2021-22,MUN,Manchester United,8,14
2021-22,MUN,Manchester United,9,14
2021-22,MUN,Manchester United,10,17
2021-22,MUN,Manchester United,11,17
2021-22,MUN,Manchester United,12,17
2021-22,MUN,Manchester United,13,18
2021-22,MUN,Manchester United,14,21
2021-22,MUN,Manchester United,15,24
2021-22,MUN,Manchester United,16,27
2021-22,MUN,Manchester United,17,28
2021-22,MUN,Manchester United,18,31
2021-22,MUN,Manchester United,19,31
2021-22,MUN,Manchester United,20,32
2021-22,MUN,Manchester United,21,35
2021-22,MUN,Manchester United,22,38
2021-22,MUN,Manchester United,23,39
2021-22,MUN,Manchester United,24,40
2021-22,MUN,Manchester United,25,43
2021-22,MUN,Manchester United,26,46
2021-22,MUN,Manchester United,27,47
2021-22,MUN,Manchester United,28,47
2021-22,MUN,Manchester United,29,50
2021-22,MUN,Manchester United,30,51
2021-22,MUN,Manchester United,31,51
2021-22,MUN,Manchester United,32,54
2021-22,MUN,Manchester United,33,54
2021-22,MUN,Manchester United,34,54
2021-22,MUN,Manchester United,35,55
2021-22,MUN,Manchester United,36,58
2021-22,MUN,Manchester United,37,58
2021-22,MUN,Manchester United,38,58
2021-22,NEW,Newcastle United,1,0
2021-22,NEW,Newcastle United,2,0
2021-22,NEW,Newcastle United,3,1
2021-22,NEW,Newcastle United,4,1
2021-22,NEW,Newcastle United,5,2
2021-22,NEW,Newcastle United,6,3
2021-22,NEW,Newcastle United,7,3
2021-22,NEW,Newcastle United,8,3
2021-22,NEW,Newcastle United,9,4
2021-22,NEW,Newcastle United,10,4
2021-22,NEW,Newcastle United,11,5
2021-22,NEW,Newcastle United,12,6
2021-22,NEW,Newcastle United,13,6
2021-22,NEW,Newcastle United,14,7
2021-22,NEW,Newcastle United,15,10
2021-22,NEW,Newcastle United,16,10
2021-22,NEW,Newcastle United,17,10
2021-22,NEW,Newcastle United,18,10
2021-22,NEW,Newcastle United,19,11
2021-22,NEW,Newcastle United,20,12
2021-22,NEW,Newcastle United,21,15
2021-22,NEW,Newcastle United,22,18
2021-22,NEW,Newcastle United,23,21
2021-22,NEW,Newcastle United,24,22
2021-22,NEW,Newcastle United,25,25
2021-22,NEW,Newcastle United,26,28
2021-22,NEW,Newcastle United,27,31
2021-22,NEW,Newcastle United,28,31
2021-22,NEW,Newcastle United,29,31
2021-22,NEW,Newcastle United,30,31
2021-22,NEW,Newcastle United,31,34
2021-22,NEW,Newcastle United,32,37
2021-22,NEW,Newcastle United,33,40
2021-22,NEW,Newcastle United,34,43
2021-22,NEW,Newcastle United,35,43
2021-22,NEW,Newcastle United,36,43
2021-22,NEW,Newcastle United,37,46
2021-22,NEW,Newcastle United,38,49
2021-22,NOR,Norwich City,1,0
2021-22,NOR,Norwich City,2,0
2021-22,NOR,Norwich City,3,0
2021-22,NOR,Norwich City,4,0
2021-22,NOR,Norwich City,5,0
2021-22,NOR,Norwich City,6,0
2021-22,NOR,Norwich City,7,1
2021-22,NOR,Norwich City,8,2
2021-22,NOR,Norwich City,9,2
2021-22,NOR,Norwich City,10,2
2021-22,NOR,Norwich City,11,5
2021-22,NOR,Norwich City,12,8
2021-22,NOR,Norwich City,13,9
2021-22,NOR,Norwich City,14,10
2021-22,NOR,Norwich City,15,10
2021-22,NOR,Norwich City,16,10
2021-22,NOR,Norwich City,17,10
2021-22,NOR,Norwich City,18,10
2021-22,NOR,Norwich City,19,10
2021-22,NOR,Norwich City,20,10
2021-22,NOR,Norwich City,21,13
2021-22,NOR,Norwich City,22,16
2021-22,NOR,Norwich City,23,17
2021-22,NOR,Norwich City,24,17
2021-22,NOR,Norwich City,25,17
2021-22,NOR,Norwich City,26,17
2021-22,NOR,Norwich City,27,17
2021-22,NOR,Norwich City,28,17
2021-22,NOR,Norwich City,29,17
2021-22,NOR,Norwich City,30,18
2021-22,NOR,Norwich City,31,21
2021-22,NOR,Norwich City,32,21
2021-22,NOR,Norwich City,33,21
2021-22,NOR,Norwich City,34,21
2021-22,NOR,Norwich City,35,21
2021-22,NOR,Norwich City,36,21
2021-22,NOR,Norwich City,37,22
2021-22,NOR,Norwich City,38,22
2021-22,SOU,Southampton,1,0
2021-22,SOU,Southampton,2,1
2021-22,SOU,Southampton,3,2
2021-22,SOU,Southampton,4,3
2021-22,SOU,Southampton,5,4
2021-22,SOU,Southampton,6,4
2021-22,SOU,Southampton,7,4
2021-22,SOU,Southampton,8,7
2021-22,SOU,Southampton,9,8
2021-22,SOU,Southampton,10,11
2021-22,SOU,Southampton,11,14
2021-22,SOU,Southampton,12,14
2021-22,SOU,Southampton,13,14
2021-22,SOU,Southampton,14,15
2021-22,SOU,Southampton,15,16
2021-22,SOU,Southampton,16,16
2021-22,SOU,Southampton,17,17
2021-22,SOU,Southampton,18,20
2021-22,SOU,Southampton,19,21
2021-22,SOU,Southampton,20,24
2021-22,SOU,Southampton,21,24
2021-22,SOU,Southampton,22,25
2021-22,SOU,Southampton,23,28
2021-22,SOU,Southampton,24,29
2021-22,SOU,Southampton,25,32
2021-22,SOU,Southampton,26,35
2021-22,SOU,Southampton,27,35
2021-22,SOU,Southampton,28,35
2021-22,SOU,Southampton,29,35
2021-22,SOU,Southampton,30,36
2021-22,SOU,Southampton,31,36
2021-22,SOU,Southampton,32,39
2021-22,SOU,Southampton,33,39
2021-22,SOU,Southampton,34,40
2021-22,SOU,Southampton,35,40
2021-22,SOU,Southampton,36,40
2021-22,SOU,Southampton,37,40
2021-22,SOU,Southampton,38,40
2021-22,TOT,Tottenham Hotspur,1,3
2021-22,TOT,Tottenham Hotspur,2,6
2021-22,TOT,Tottenham Hotspur,3,9
2021-22,TOT,Tottenham Hotspur,4,9
2021-22,TOT,Tottenham Hotspur,5,9
2021-22,TOT,Tottenham Hotspur,6,9
2021-22,TOT,Tottenham Hotspur,7,12
2021-22,TOT,Tottenham Hotspur,8,15
2021-22,TOT,Tottenham Hotspur,9,15
2021-22,TOT,Tottenham Hotspur,10,15
2021-22,TOT,Tottenham Hotspur,11,16
2021-22,TOT,Tottenham Hotspur,12,19
2021-22,TOT,Tottenham Hotspur,13,22
2021-22,TOT,Tottenham Hotspur,14,25
2021-22,TOT,Tottenham Hotspur,15,26
2021-22,TOT,Tottenham Hotspur,16,29
2021-22,TOT,Tottenham Hotspur,17,30
2021-22,TOT,Tottenham Hotspur,18,33
2021-22,TOT,Tottenham Hotspur,19,36
2021-22,TOT,Tottenham Hotspur,20,36
2021-22,TOT,Tottenham Hotspur,21,36
2021-22,TOT,Tottenham Hotspur,22,36
2021-22,TOT,Tottenham Hotspur,23,39
2021-22,TOT,Tottenham Hotspur,24,39
2021-22,TOT,Tottenham Hotspur,25,42
2021-22,TOT,Tottenham Hotspur,26,45
2021-22,TOT,Tottenham Hotspur,27,45
2021-22,TOT,Tottenham Hotspur,28,48
2021-22,TOT,Tottenham Hotspur,29,51
2021-22,TOT,Tottenham Hotspur,30,54
2021-22,TOT,Tottenham Hotspur,31,57
2021-22,TOT,Tottenham Hotspur,32,57
2021-22,TOT,Tottenham Hotspur,33,58
2021-22,TOT,Tottenham Hotspur,34,61
2021-22,TOT,Tottenham Hotspur,35,62
2021-22,TOT,Tottenham Hotspur,36,65
2021-22,TOT,Tottenham Hotspur,37,68
2021-22,TOT,Tottenham Hotspur,38,71
2021-22,WAT,Watford,1,3
2021-22,WAT,Watford,2,3
2021-22,WAT,Watford,3,3
2021-22,WAT,Watford,4,3
2021-22,WAT,Watford,5,6
2021-22,WAT,Watford,6,7
2021-22,WAT,Watford,7,7
2021-22,WAT,Watford,8,7
2021-22,WAT,Watford,9,10
2021-22,WAT,Watford,10,10
2021-22,WAT,Watford,11,10
2021-22,WAT,Watford,12,13
2021-22,WAT,Watford,13,13
2021-22,WAT,Watford,14,13
2021-22,WAT,Watford,15,13
2021-22,WAT,Watford,16,13
2021-22,WAT,Watford,17,13
2021-22,WAT,Watford,18,13
2021-22,WAT,Watford,19,14
2021-22,WAT,Watford,20,14
2021-22,WAT,Watford,21,15
2021-22,WAT,Watford,22,15
2021-22,WAT,Watford,23,15
2021-22,WAT,Watford,24,18
2021-22,WAT,Watford,25,18
2021-22,WAT,Watford,26,19
2021-22,WAT,Watford,27,19
2021-22,WAT,Watford,28,19
2021-22,WAT,Watford,29,22
2021-22,WAT,Watford,30,22
2021-22,WAT,Watford,31,22
2021-22,WAT,Watford,32,22
2021-22,WAT,Watford,33,22
2021-22,WAT,Watford,34,22
2021-22,WAT,Watford,35,22
2021-22,WAT,Watford,36,23
2021-22,WAT,Watford,37,23
2021-22,WAT,Watford,38,23
2021-22,WHU,West Ham United,1,3
2021-22,WHU,West Ham United,2,6
2021-22,WHU,West Ham United,3,7
2021-22,WHU,West Ham United,4,8
2021-22,WHU,West Ham United,5,8
2021-22,WHU,West Ham United,6,11
2021-22,WHU,West Ham United,7,11
2021-22,WHU,West Ham United,8,14
2021-22,WHU,West Ham United,9,17
2021-22,WHU,West Ham United,10,20
2021-22,WHU,West Ham United,11,23
2021-22,WHU,West Ham United,12,23
2021-22,WHU,West Ham United,13,23
2021-22,WHU,West Ham United,14,24
2021-22,WHU,West Ham United,15,27
2021-22,WHU,West Ham United,16,28
2021-22,WHU,West Ham United,17,28
2021-22,WHU,West Ham United,18,28
2021-22,WHU,West Ham United,19,31
2021-22,WHU,West Ham United,20,34
2021-22,WHU,West Ham United,21,37
2021-22,WHU,West Ham United,22,37
2021-22,WHU,West Ham United,23,37
2021-22,WHU,West Ham United,24,40
2021-22,WHU,West Ham United,25,41
2021-22,WHU,West Ham United,26,42
2021-22,WHU,West Ham United,27,45
2021-22,WHU,West Ham United,28,45
2021-22,WHU,West Ham United,29,48
2021-22,WHU,West Ham United,30,48
2021-22,WHU,West Ham United,31,51
2021-22,WHU,West Ham United,32,51
2021-22,WHU,West Ham United,33,52
2021-22,WHU,West Ham United,34,52
2021-22,WHU,West Ham United,35,52
2021-22,WHU,West Ham United,36,55
2021-22,WHU,West Ham United,37,56
2021-22,WHU,West Ham United,38,56
2021-22,WOL,Wolverhampton Wanderers,1,0
2021-22,WOL,Wolverhampton Wanderers,2,0
2021-22,WOL,Wolverhampton Wanderers,3,0
2021-22,WOL,Wolverhampton Wanderers,4,3
2021-22,WOL,Wolverhampton Wanderers,5,3
2021-22,WOL,Wolverhampton Wanderers,6,6
2021-22,WOL,Wolverhampton Wanderers,7,9
2021-22,WOL,Wolverhampton Wanderers,8,12
2021-22,WOL,Wolverhampton Wanderers,9,13
2021-22,WOL,Wolverhampton Wanderers,10,16
2021-22,WOL,Wolverhampton Wanderers,11,16
2021-22,WOL,Wolverhampton Wanderers,12,19
2021-22,WOL,Wolverhampton Wanderers,13,20
2021-22,WOL,Wolverhampton Wanderers,14,21
2021-22,WOL,Wolverhampton Wanderers,15,21
2021-22,WOL,Wolverhampton Wanderers,16,21
2021-22,WOL,Wolverhampton Wanderers,17,24
2021-22,WOL,Wolverhampton Wanderers,18,25
2021-22,WOL,Wolverhampton Wanderers,19,28
2021-22,WOL,Wolverhampton Wanderers,20,31
2021-22,WOL,Wolverhampton Wanderers,21,34
2021-22,WOL,Wolverhampton Wanderers,22,34
2021-22,WOL,Wolverhampton Wanderers,23,37
2021-22,WOL,Wolverhampton Wanderers,24,40
2021-22,WOL,Wolverhampton Wanderers,25,40
2021-22,WOL,Wolverhampton Wanderers,26,40
2021-22,WOL,Wolverhampton Wanderers,27,40
2021-22,WOL,Wolverhampton Wanderers,28,43
2021-22,WOL,Wolverhampton Wanderers,29,46
2021-22,WOL,Wolverhampton Wanderers,30,46
2021-22,WOL,Wolverhampton Wanderers,31,49
2021-22,WOL,Wolverhampton Wanderers,32,49
2021-22,WOL,Wolverhampton Wanderers,33,49
2021-22,WOL,Wolverhampton Wanderers,34,49
2021-22,WOL,Wolverhampton Wanderers,35,50
2021-22,WOL,Wolverhampton Wanderers,36,50
2021-22,WOL,Wolverhampton Wanderers,37,51
2021-22,WOL,Wolverhampton Wanderers,38,51
2022-23,ARS,Arsenal,1,3
2022-23,ARS,Arsenal,2,6
2022-23,ARS,Arsenal,3,9
2022-23,ARS,Arsenal,4,12
2022-23,ARS,Arsenal,5,15
2022-23,ARS,Arsenal,6,15
2022-23,ARS,Arsenal,7,18
2022-23,ARS,Arsenal,8,21
2022-23,ARS,Arsenal,9,24
2022-23,ARS,Arsenal,10,27
2022-23,ARS,Arsenal,11,28
2022-23,ARS,Arsenal,12,31
2022-23,ARS,Arsenal,13,34
2022-23,ARS,Arsenal,14,37
2022-23,ARS,Arsenal,15,40
2022-23,ARS,Arsenal,16,43
2022-23,ARS,Arsenal,17,44
2022-23,ARS,Arsenal,18,47
2022-23,ARS,Arsenal,19,50
2022-23,ARS,Arsenal,20,50
2022-23,ARS,Arsenal,21,51
2022-23,ARS,Arsenal,22,51
2022-23,ARS,Arsenal,23,54
2022-23,ARS,Arsenal,24,57
2022-23,ARS,Arsenal,25,60
2022-23,ARS,Arsenal,26,63
2022-23,ARS,Arsenal,27,66
2022-23,ARS,Arsenal,28,69
2022-23,ARS,Arsenal,29,72
2022-23,ARS,Arsenal,30,73
2022-23,ARS,Arsenal,31,74
2022-23,ARS,Arsenal,32,75
2022-23,ARS,Arsenal,33,75
2022-23,ARS,Arsenal,34,78
2022-23,ARS,Arsenal,35,81
2022-23,ARS,Arsenal,36,81
2022-23,ARS,Arsenal,37,81
2022-23,ARS,Arsenal,38,84
2022-23,AVL,Aston Villa,1,0
2022-23,AVL,Aston Villa,2,3
2022-23,AVL,Aston Villa,3,3
2022-23,AVL,Aston Villa,4,3
2022-23,AVL,Aston Villa,5,3
2022-23,AVL,Aston Villa,6,4
2022-23,AVL,Aston Villa,7,7
2022-23,AVL,Aston Villa,8,8
2022-23,AVL,Aston Villa,9,9
2022-23,AVL,Aston Villa,10,9
2022-23,AVL,Aston Villa,11,9
2022-23,AVL,Aston Villa,12,12
2022-23,AVL,Aston Villa,13,12
2022-23,AVL,Aston Villa,14,15
2022-23,AVL,Aston Villa,15,18
2022-23,AVL,Aston Villa,16,18
2022-23,AVL,Aston Villa,17,21
2022-23,AVL,Aston Villa,18,22
2022-23,AVL,Aston Villa,19,25
2022-23,AVL,Aston Villa,20,28
2022-23,AVL,Aston Villa,21,28
2022-23,AVL,Aston Villa,22,28
2022-23,AVL,Aston Villa,23,28
2022-23,AVL,Aston Villa,24,31
2022-23,AVL,Aston Villa,25,34
2022-23,AVL,Aston Villa,26,35
2022-23,AVL,Aston Villa,27,38
2022-23,AVL,Aston Villa,28,41
2022-23,AVL,Aston Villa,29,44
2022-23,AVL,Aston Villa,30,47
2022-23,AVL,Aston Villa,31,50
2022-23,AVL,Aston Villa,32,51
2022-23,AVL,Aston Villa,33,54
2022-23,AVL,Aston Villa,34,54
2022-23,AVL,Aston Villa,35,54
2022-23,AVL,Aston Villa,36,57
2022-23,AVL,Aston Villa,37,58
2022-23,AVL,Aston Villa,38,61
2022-23,BHA,Brighton and Hove Albion,1,3
2022-23,BHA,Brighton and Hove Albion,2,4
2022-23,BHA,Brighton and Hove Albion,3,7
2022-23,BHA,Brighton and Hove Albion,4,10
2022-23,BHA,Brighton and Hove Albion,5,10
2022-23,BHA,Brighton and Hove Albion,6,13
2022-23,BHA,Brighton and Hove Albion,7,14
2022-23,BHA,Brighton and Hove Albion,8,14
2022-23,BHA,Brighton and Hove Albion,9,14
2022-23,BHA,Brighton and Hove Albion,10,15
2022-23,BHA,Brighton and Hove Albion,11,15
2022-23,BHA,Brighton and Hove Albion,12,18
2022-23,BHA,Brighton and Hove Albion,13,21
2022-23,BHA,Brighton and Hove Albion,14,21
2022-23,BHA,Brighton and Hove Albion,15,24
2022-23,BHA,Brighton and Hove Albion,16,24
2022-23,BHA,Brighton and Hove Albion,17,27
2022-23,BHA,Brighton and Hove Albion,18,30
2022-23,BHA,Brighton and Hove Albion,19,31
2022-23,BHA,Brighton and Hove Albion,20,34
2022-23,BHA,Brighton and Hove Albion,21,35
2022-23,BHA,Brighton and Hove Albion,22,35
2022-23,BHA,Brighton and Hove Albion,23,38
2022-23,BHA,Brighton and Hove Albion,24,39
2022-23,BHA,Brighton and Hove Albion,25,42
2022-23,BHA,Brighton and Hove Albion,26,43
2022-23,BHA,Brighton and Hove Albion,27,46
2022-23,BHA,Brighton and Hove Albion,28,46
2022-23,BHA,Brighton and Hove Albion,29,49
2022-23,BHA,Brighton and Hove Albion,30,49
2022-23,BHA,Brighton and Hove Albion,31,52
2022-23,BHA,Brighton and Hove Albion,32,55
2022-23,BHA,Brighton and Hove Albion,33,55
2022-23,BHA,Brighton and Hove Albion,34,58
2022-23,BHA,Brighton and Hove Albion,35,58
2022-23,BHA,Brighton and Hove Albion,36,61
2022-23,BHA,Brighton and Hove Albion,37,62
2022-23,BHA,Brighton and Hove Albion,38,62
2022-23,BOU,Bournemouth,1,3
2022-23,BOU,Bournemouth,2,3
2022-23,BOU,Bournemouth,3,3
2022-23,BOU,Bournemouth,4,3
2022-23,BOU,Bournemouth,5,4
2022-23,BOU,Bournemouth,6,7
2022-23,BOU,Bournemouth,7,8
2022-23,BOU,Bournemouth,8,9
2022-23,BOU,Bournemouth,9,12
2022-23,BOU,Bournemouth,10,13
2022-23,BOU,Bournemouth,11,13
2022-23,BOU,Bournemouth,12,13
2022-23,BOU,Bournemouth,13,13
2022-23,BOU,Bournemouth,14,13
2022-23,BOU,Bournemouth,15,16
2022-23,BOU,Bournemouth,16,16
2022-23,BOU,Bournemouth,17,16
2022-23,BOU,Bournemouth,18,16
2022-23,BOU,Bournemouth,19,16
2022-23,BOU,Bournemouth,20,17
2022-23,BOU,Bournemouth,21,17
2022-23,BOU,Bournemouth,22,18
2022-23,BOU,Bournemouth,23,21
2022-23,BOU,Bournemouth,24,21
2022-23,BOU,Bournemouth,25,21
2022-23,BOU,Bournemouth,26,24
2022-23,BOU,Bournemouth,27,24
2022-23,BOU,Bournemouth,28,27
2022-23,BOU,Bournemouth,29,27
2022-23,BOU,Bournemouth,30,30
2022-23,BOU,Bournemouth,31,33
2022-23,BOU,Bournemouth,32,33
2022-23,BOU,Bournemouth,33,36
2022-23,BOU,Bournemouth,34,39
2022-23,BOU,Bournemouth,35,39
2022-23,BOU,Bournemouth,36,39
2022-23,BOU,Bournemouth,37,39
2022-23,BOU,Bournemouth,38,39
2022-23,BRE,Brentford,1,1
2022-23,BRE,Brentford,2,4
2022-23,BRE,Brentford,3,4
2022-23,BRE,Brentford,4,5
2022-23,BRE,Brentford,5,6
2022-23,BRE,Brentford,6,9
2022-23,BRE,Brentford,7,9
2022-23,BRE,Brentford,8,10
2022-23,BRE,Brentford,9,10
2022-23,BRE,Brentford,10,13
2022-23,BRE,Brentford,11,14
2022-23,BRE,Brentford,12,14
2022-23,BRE,Brentford,13,15
2022-23,BRE,Brentford,14,16
2022-23,BRE,Brentford,15,19
2022-23,BRE,Brentford,16,20
2022-23,BRE,Brentford,17,23
2022-23,BRE,Brentford,18,26
2022-23,BRE,Brentford,19,29
2022-23,BRE,Brentford,20,30
2022-23,BRE,Brentford,21,33
2022-23,BRE,Brentford,22,34
2022-23,BRE,Brentford,23,35
2022-23,BRE,Brentford,24,38
2022-23,BRE,Brentford,25,38
2022-23,BRE,Brentford,26,41
2022-23,BRE,Brentford,27,42
2022-23,BRE,Brentford,28,43
2022-23,BRE,Brentford,29,43
2022-23,BRE,Brentford,30,43
2022-23,BRE,Brentford,31,43
2022-23,BRE,Brentford,32,44
2022-23,BRE,Brentford,33,47
2022-23,BRE,Brentford,34,50
2022-23,BRE,Brentford,35,50
2022-23,BRE,Brentford,36,53
2022-23,BRE,Brentford,37,56
2022-23,BRE,Brentford,38,59
2022-23,CHE,Chelsea,1,3
2022-23,CHE,Chelsea,2,4
2022-23,CHE,Chelsea,3,4
2022-23,CHE,Chelsea,4,7
2022-23,CHE,Chelsea,5,7
2022-23,CHE,Chelsea,6,10
2022-23,CHE,Chelsea,7,13
2022-23,CHE,Chelsea,8,16
2022-23,CHE,Chelsea,9,19
2022-23,CHE,Chelsea,10,20
2022-23,CHE,Chelsea,11,21
2022-23,CHE,Chelsea,12,21
2022-23,CHE,Chelsea,13,21
2022-23,CHE,Chelsea,14,21
2022-23,CHE,Chelsea,15,24
2022-23,CHE,Chelsea,16,25
2022-23,CHE,Chelsea,17,25
2022-23,CHE,Chelsea,18,25
2022-23,CHE,Chelsea,19,28
2022-23,CHE,Chelsea,20,29
2022-23,CHE,Chelsea,21,30
2022-23,CHE,Chelsea,22,31
2022-23,CHE,Chelsea,23,31
2022-23,CHE,Chelsea,24,31
2022-23,CHE,Chelsea,25,34
2022-23,CHE,Chelsea,26,37
2022-23,CHE,Chelsea,27,38
2022-23,CHE,Chelsea,28,38
2022-23,CHE,Chelsea,29,39
2022-23,CHE,Chelsea,30,39
2022-23,CHE,Chelsea,31,39
2022-23,CHE,Chelsea,32,39
2022-23,CHE,Chelsea,33,39
2022-23,CHE,Chelsea,34,42
2022-23,CHE,Chelsea,35,43
2022-23,CHE,Chelsea,36,43
2022-23,CHE,Chelsea,37,43
2022-23,CHE,Chelsea,38,44
2022-23,CRY,Crystal Palace,1,0
2022-23,CRY,Crystal Palace,2,1
2022-23,CRY,Crystal Palace,3,4
2022-23,CRY,Crystal Palace,4,4
2022-23,CRY,Crystal Palace,5,5
2022-23,CRY,Crystal Palace,6,6
2022-23,CRY,Crystal Palace,7,6
2022-23,CRY,Crystal Palace,8,9
2022-23,CRY,Crystal Palace,9,10
2022-23,CRY,Crystal Palace,10,13
2022-23,CRY,Crystal Palace,11,13
2022-23,CRY,Crystal Palace,12,16
2022-23,CRY,Crystal Palace,13,19
2022-23,CRY,Crystal Palace,14,19
2022-23,CRY,Crystal Palace,15,19
2022-23,CRY,Crystal Palace,16,22
2022-23,CRY,Crystal Palace,17,22
2022-23,CRY,Crystal Palace,18,22
2022-23,CRY,Crystal Palace,19,23
2022-23,CRY,Crystal Palace,20,24
2022-23,CRY,Crystal Palace,21,24
2022-23,CRY,Crystal Palace,22,25
2022-23,CRY,Crystal Palace,23,26
2022-23,CRY,Crystal Palace,24,27
2022-23,CRY,Crystal Palace,25,27
2022-23,CRY,Crystal Palace,26,27
2022-23,CRY,Crystal Palace,27,27
2022-23,CRY,Crystal Palace,28,27
2022-23,CRY,Crystal Palace,29,30
2022-23,CRY,Crystal Palace,30,33
2022-23,CRY,Crystal Palace,31,36
2022-23,CRY,Crystal Palace,32,37
2022-23,CRY,Crystal Palace,33,37
2022-23,CRY,Crystal Palace,34,40
2022-23,CRY,Crystal Palace,35,40
2022-23,CRY,Crystal Palace,36,43
2022-23,CRY,Crystal Palace,37,44
2022-23,CRY,Crystal Palace,38,45
2022-23,EVE,Everton,1,0
2022-23,EVE,Everton,2,0
2022-23,EVE,Everton,3,1
2022-23,EVE,Everton,4,2
2022-23,EVE,Everton,5,3
2022-23,EVE,Everton,6,4
2022-23,EVE,Everton,7,7
2022-23,EVE,Everton,8,10
2022-23,EVE,Everton,9,10
2022-23,EVE,Everton,10,10
2022-23,EVE,Everton,11,10
2022-23,EVE,Everton,12,13
2022-23,EVE,Everton,13,14
2022-23,EVE,Everton,14,14
2022-23,EVE,Everton,15,14
2022-23,EVE,Everton,16,14
2022-23,EVE,Everton,17,15
2022-23,EVE,Everton,18,15
2022-23,EVE,Everton,19,15
2022-23,EVE,Everton,20,15
2022-23,EVE,Everton,21,18
2022-23,EVE,Everton,22,18
2022-23,EVE,Everton,23,21
2022-23,EVE,Everton,24,21
2022-23,EVE,Everton,25,21
2022-23,EVE,Everton,26,22
2022-23,EVE,Everton,27,25
2022-23,EVE,Everton,28,26
2022-23,EVE,Everton,29,27
2022-23,EVE,Everton,30,27
2022-23,EVE,Everton,31,27
2022-23,EVE,Everton,32,28
2022-23,EVE,Everton,33,28
2022-23,EVE,Everton,34,29
2022-23,EVE,Everton,35,32
2022-23,EVE,Everton,36,32
2022-23,EVE,Everton,37,33
2022-23,EVE,Everton,38,36
2022-23,FUL,Fulham,1,1
2022-23,FUL,Fulham,2,2
2022-23,FUL,Fulham,3,5
2022-23,FUL,Fulham,4,5
2022-23,FUL,Fulham,5,8
2022-23,FUL,Fulham,6,8
2022-23,FUL,Fulham,7,11
2022-23,FUL,Fulham,8,11
2022-23,FUL,Fulham,9,11
2022-23,FUL,Fulham,10,12
2022-23,FUL,Fulham,11,15
2022-23,FUL,Fulham,12,18
2022-23,FUL,Fulham,13,19
2022-23,FUL,Fulham,14,19
2022-23,FUL,Fulham,15,19
2022-23,FUL,Fulham,16,22
2022-23,FUL,Fulham,17,25
2022-23,FUL,Fulham,18,28
2022-23,FUL,Fulham,19,31
2022-23,FUL,Fulham,20,31
2022-23,FUL,Fulham,21,31
2022-23,FUL,Fulham,22,32
2022-23,FUL,Fulham,23,35
2022-23,FUL,Fulham,24,38
2022-23,FUL,Fulham,25,39
2022-23,FUL,Fulham,26,39
2022-23,FUL,Fulham,27,39
2022-23,FUL,Fulham,28,39
2022-23,FUL,Fulham,29,39
2022-23,FUL,Fulham,30,42
2022-23,FUL,Fulham,31,45
2022-23,FUL,Fulham,32,45
2022-23,FUL,Fulham,33,45
2022-23,FUL,Fulham,34,45
2022-23,FUL,Fulham,35,48
2022-23,FUL,Fulham,36,51
2022-23,FUL,Fulham,37,52
2022-23,FUL,Fulham,38,52
2022-23,LEE,Leeds United,1,3
2022-23,LEE,Leeds United,2,4
2022-23,LEE,Leeds United,3,7
2022-23,LEE,Leeds United,4,7
2022-23,LEE,Leeds United,5,8
2022-23,LEE,Leeds United,6,8
2022-23,LEE,Leeds United,7,9
2022-23,LEE,Leeds United,8,9
2022-23,LEE,Leeds United,9,9
2022-23,LEE,Leeds United,10,9
2022-23,LEE,Leeds United,11,9
2022-23,LEE,Leeds United,12,12
2022-23,LEE,Leeds United,13,15
2022-23,LEE,Leeds United,14,15
2022-23,LEE,Leeds United,15,15
2022-23,LEE,Leeds United,16,16
2022-23,LEE,Leeds United,17,17
2022-23,LEE,Leeds United,18,17
2022-23,LEE,Leeds United,19,18
2022-23,LEE,Leeds United,20,18
2022-23,LEE,Leeds United,21,19
2022-23,LEE,Leeds United,22,19
2022-23,LEE,Leeds United,23,19
2022-23,LEE,Leeds United,24,22
2022-23,LEE,Leeds United,25,22
2022-23,LEE,Leeds United,26,23
2022-23,LEE,Leeds United,27,26
2022-23,LEE,Leeds United,28,26
2022-23,LEE,Leeds United,29,29
2022-23,LEE,Leeds United,30,29
2022-23,LEE,Leeds United,31,29
2022-23,LEE,Leeds United,32,29
2022-23,LEE,Leeds United,33,30
2022-23,LEE,Leeds United,34,30
2022-23,LEE,Leeds United,35,30
2022-23,LEE,Leeds United,36,31
2022-23,LEE,Leeds United,37,31
2022-23,LEE,Leeds United,38,31
2022-23,LEI,Leicester City,1,1
2022-23,LEI,Leicester City,2,1
2022-23,LEI,Leicester City,3,1
2022-23,LEI,Leicester City,4,1
2022-23,LEI,Leicester City,5,1
2022-23,LEI,Leicester City,6,1
2022-23,LEI,Leicester City,7,1
2022-23,LEI,Leicester City,8,4
2022-23,LEI,Leicester City,9,4
2022-23,LEI,Leicester City,10,5
2022-23,LEI,Leicester City,11,8
2022-23,LEI,Leicester City,12,11
2022-23,LEI,Leicester City,13,11
2022-23,LEI,Leicester City,14,14
2022-23,LEI,Leicester City,15,17
2022-23,LEI,Leicester City,16,17
2022-23,LEI,Leicester City,17,17
2022-23,LEI,Leicester City,18,17
2022-23,LEI,Leicester City,19,17
2022-23,LEI,Leicester City,20,18
2022-23,LEI,Leicester City,21,21
2022-23,LEI,Leicester City,22,24
2022-23,LEI,Leicester City,23,24
2022-23,LEI,Leicester City,24,24
2022-23,LEI,Leicester City,25,24
2022-23,LEI,Leicester City,26,24
2022-23,LEI,Leicester City,27,25
2022-23,LEI,Leicester City,28,25
2022-23,LEI,Leicester City,29,25
2022-23,LEI,Leicester City,30,25
2022-23,LEI,Leicester City,31,25
2022-23,LEI,Leicester City,32,28
2022-23,LEI,Leicester City,33,29
2022-23,LEI,Leicester City,34,30
2022-23,LEI,Leicester City,35,30
2022-23,LEI,Leicester City,36,30
2022-23,LEI,Leicester City,37,31
2022-23,LEI,Leicester City,38,34
2022-23,LIV,Liverpool,1,1
2022-23,LIV,Liverpool,2,2
2022-23,LIV,Liverpool,3,2
2022-23,LIV,Liverpool,4,5
2022-23,LIV,Liverpool,5,8
2022-23,LIV,Liverpool,6,9
2022-23,LIV,Liverpool,7,10
2022-23,LIV,Liverpool,8,10
2022-23,LIV,Liverpool,9,13
2022-23,LIV,Liverpool,10,16
2022-23,LIV,Liverpool,11,16
2022-23,LIV,Liverpool,12,16
2022-23,LIV,Liverpool,13,19
2022-23,LIV,Liverpool,14,22
2022-23,LIV,Liverpool,15,25
2022-23,LIV,Liverpool,16,28
2022-23,LIV,Liverpool,17,28
2022-23,LIV,Liverpool,18,28
2022-23,LIV,Liverpool,19,29
2022-23,LIV,Liverpool,20,29
2022-23,LIV,Liverpool,21,32
2022-23,LIV,Liverpool,22,35
2022-23,LIV,Liverpool,23,36
2022-23,LIV,Liverpool,24,39
2022-23,LIV,Liverpool,25,42
2022-23,LIV,Liverpool,26,42
2022-23,LIV,Liverpool,27,42
2022-23,LIV,Liverpool,28,43
2022-23,LIV,Liverpool,29,44
2022-23,LIV,Liverpool,30,47
2022-23,LIV,Liverpool,31,50
2022-23,LIV,Liverpool,32,53
2022-23,LIV,Liverpool,33,56
2022-23,LIV,Liverpool,34,59
2022-23,LIV,Liverpool,35,62
2022-23,LIV,Liverpool,36,65
2022-23,LIV,Liverpool,37,66
2022-23,LIV,Liverpool,38,67
2022-23,MCI,Manchester City,1,3
2022-23,MCI,Manchester City,2,6
2022-23,MCI,Manchester City,3,7
2022-23,MCI,Manchester City,4,10
2022-23,MCI,Manchester City,5,13
2022-23,MCI,Manchester City,6,14
2022-23,MCI,Manchester City,7,17
2022-23,MCI,Manchester City,8,20
2022-23,MCI,Manchester City,9,23
2022-23,MCI,Manchester City,10,23
2022-23,MCI,Manchester City,11,26
2022-23,MCI,Manchester City,12,29
2022-23,MCI,Manchester City,13,32
2022-23,MCI,Manchester City,14,32
2022-23,MCI,Manchester City,15,35
2022-23,MCI,Manchester City,16,36
2022-23,MCI,Manchester City,17,39
2022-23,MCI,Manchester City,18,39
2022-23,MCI,Manchester City,19,42
2022-23,MCI,Manchester City,20,45
2022-23,MCI,Manchester City,21,45
2022-23,MCI,Manchester City,22,48
2022-23,MCI,Manchester City,23,51
2022-23,MCI,Manchester City,24,52
2022-23,MCI,Manchester City,25,55
2022-23,MCI,Manchester City,26,58
2022-23,MCI,Manchester City,27,61
2022-23,MCI,Manchester City,28,64
2022-23,MCI,Manchester City,29,67
2022-23,MCI,Manchester City,30,70
2022-23,MCI,Manchester City,31,73
2022-23,MCI,Manchester City,32,76
2022-23,MCI,Manchester City,33,79
2022-23,MCI,Manchester City,34,82
2022-23,MCI,Manchester City,35,85
2022-23,MCI,Manchester City,36,88
2022-23,MCI,Manchester City,37,89
2022-23,MCI,Manchester City,38,89
2022-23,MUN,Manchester United,1,0
2022-23,MUN,Manchester United,2,0
2022-23,MUN,Manchester United,3,3
2022-23,MUN,Manchester United,4,6
2022-23,MUN,Manchester United,5,9
2022-23,MUN,Manchester United,6,12
2022-23,MUN,Manchester United,7,12
2022-23,MUN,Manchester United,8,15
2022-23,MUN,Manchester United,9,16
2022-23,MUN,Manchester United,10,19
2022-23,MUN,Manchester United,11,20
2022-23,MUN,Manchester United,12,23
2022-23,MUN,Manchester United,13,23
2022-23,MUN,Manchester United,14,26
2022-23,MUN,Manchester United,15,29
2022-23,MUN,Manchester United,16,32
2022-23,MUN,Manchester United,17,35
2022-23,MUN,Manchester United,18,38
2022-23,MUN,Manchester United,19,39
2022-23,MUN,Manchester United,20,39
2022-23,MUN,Manchester United,21,42
2022-23,MUN,Manchester United,22,43
2022-23,MUN,Manchester United,23,46
2022-23,MUN,Manchester United,24,49
2022-23,MUN,Manchester United,25,49
2022-23,MUN,Manchester United,26,50
2022-23,MUN,Manchester United,27,50
2022-23,MUN,Manchester United,28,53
2022-23,MUN,Manchester United,29,56
2022-23,MUN,Manchester United,30,59
2022-23,MUN,Manchester United,31,60
2022-23,MUN,Manchester United,32,63
2022-23,MUN,Manchester United,33,63
2022-23,MUN,Manchester United,34,63
2022-23,MUN,Manchester United,35,66
2022-23,MUN,Manchester United,36,69
2022-23,MUN,Manchester United,37,72
2022-23,MUN,Manchester United,38,75
2022-23,NEW,Newcastle United,1,3
2022-23,NEW,Newcastle United,2,4
2022-23,NEW,Newcastle United,3,5
2022-23,NEW,Newcastle United,4,6
2022-23,NEW,Newcastle United,5,6
2022-23,NEW,Newcastle United,6,7
2022-23,NEW,Newcastle United,7,8
2022-23,NEW,Newcastle United,8,11
2022-23,NEW,Newcastle United,9,14
2022-23,NEW,Newcastle United,10,15
2022-23,NEW,Newcastle United,11,18
2022-23,NEW,Newcastle United,12,21
2022-23,NEW,Newcastle United,13,24
2022-23,NEW,Newcastle United,14,27
2022-23,NEW,Newcastle United,15,30
2022-23,NEW,Newcastle United,16,33
2022-23,NEW,Newcastle United,17,34
2022-23,NEW,Newcastle United,18,35
2022-23,NEW,Newcastle United,19,38
2022-23,NEW,Newcastle United,20,39
2022-23,NEW,Newcastle United,21,40
2022-23,NEW,Newcastle United,22,41
2022-23,NEW,Newcastle United,23,41
2022-23,NEW,Newcastle United,24,41
2022-23,NEW,Newcastle United,25,44
2022-23,NEW,Newcastle United,26,47
2022-23,NEW,Newcastle United,27,50
2022-23,NEW,Newcastle United,28,53
2022-23,NEW,Newcastle United,29,56
2022-23,NEW,Newcastle United,30,56
2022-23,NEW,Newcastle United,31,59
2022-23,NEW,Newcastle United,32,62
2022-23,NEW,Newcastle United,33,65
2022-23,NEW,Newcastle United,34,65
2022-23,NEW,Newcastle United,35,66
2022-23,NEW,Newcastle United,36,69
2022-23,NEW,Newcastle United,37,70
2022-23,NEW,Newcastle United,38,71
2022-23,NFO,Nottingham Forest,1,0
2022-23,NFO,Nottingham Forest,2,3
2022-23,NFO,Nottingham Forest,3,4
2022-23,NFO,Nottingham Forest,4,4
2022-23,NFO,Nottingham Forest,5,4
2022-23,NFO,Nottingham Forest,6,4
2022-23,NFO,Nottingham Forest,7,4
2022-23,NFO,Nottingham Forest,8,4
2022-23,NFO,Nottingham Forest,9,5
2022-23,NFO,Nottingham Forest,10,5
2022-23,NFO,Nottingham Forest,11,6
2022-23,NFO,Nottingham Forest,12,9
2022-23,NFO,Nottingham Forest,13,9
2022-23,NFO,Nottingham Forest,14,10
2022-23,NFO,Nottingham Forest,15,13
2022-23,NFO,Nottingham Forest,16,13
2022-23,NFO,Nottingham Forest,17,14
2022-23,NFO,Nottingham Forest,18,17
2022-23,NFO,Nottingham Forest,19,20
2022-23,NFO,Nottingham Forest,20,21
2022-23,NFO,Nottingham Forest,21,24
2022-23,NFO,Nottingham Forest,22,24
2022-23,NFO,Nottingham Forest,23,25
2022-23,NFO,Nottingham Forest,24,25
2022-23,NFO,Nottingham Forest,25,26
2022-23,NFO,Nottingham Forest,26,26
2022-23,NFO,Nottingham Forest,27,26
2022-23,NFO,Nottingham Forest,28,27
2022-23,NFO,Nottingham Forest,29,27
2022-23,NFO,Nottingham Forest,30,27
2022-23,NFO,Nottingham Forest,31,27
2022-23,NFO,Nottingham Forest,32,27
2022-23,NFO,Nottingham Forest,33,30
2022-23,NFO,Nottingham Forest,34,30
2022-23,NFO,Nottingham Forest,35,33
2022-23,NFO,Nottingham Forest,36,34
2022-23,NFO,Nottingham Forest,37,37
2022-23,NFO,Nottingham Forest,38,38
2022-23,SOU,Southampton,1,0
2022-23,SOU,Southampton,2,1
2022-23,SOU,Southampton,3,4
2022-23,SOU,Southampton,4,4
2022-23,SOU,Southampton,5,7
2022-23,SOU,Southampton,6,7
2022-23,SOU,Southampton,7,7
2022-23,SOU,Southampton,8,7
2022-23,SOU,Southampton,9,7
2022-23,SOU,Southampton,10,8
2022-23,SOU,Southampton,11,11
2022-23,SOU,Southampton,12,12
2022-23,SOU,Southampton,13,12
2022-23,SOU,Southampton,14,12
2022-23,SOU,Southampton,15,12
2022-23,SOU,Southampton,16,12
2022-23,SOU,Southampton,17,12
2022-23,SOU,Southampton,18,12
2022-23,SOU,Southampton,19,15
2022-23,SOU,Southampton,20,15
2022-23,SOU,Southampton,21,15
2022-23,SOU,Southampton,22,15
2022-23,SOU,Southampton,23,18
2022-23,SOU,Southampton,24,18
2022-23,SOU,Southampton,25,21
2022-23,SOU,Southampton,26,22
2022-23,SOU,Southampton,27,22
2022-23,SOU,Southampton,28,23
2022-23,SOU,Southampton,29,23
2022-23,SOU,Southampton,30,23
2022-23,SOU,Southampton,31,23
2022-23,SOU,Southampton,32,24
2022-23,SOU,Southampton,33,24
2022-23,SOU,Southampton,34,24
2022-23,SOU,Southampton,35,24
2022-23,SOU,Southampton,36,24
2022-23,SOU,Southampton,37,24
2022-23,SOU,Southampton,38,25
2022-23,TOT,Tottenham Hotspur,1,3
2022-23,TOT,Tottenham Hotspur,2,4
2022-23,TOT,Tottenham Hotspur,3,7
2022-23,TOT,Tottenham Hotspur,4,10
2022-23,TOT,Tottenham Hotspur,5,11
2022-23,TOT,Tottenham Hotspur,6,14
2022-23,TOT,Tottenham Hotspur,7,17
2022-23,TOT,Tottenham Hotspur,8,17
2022-23,TOT,Tottenham Hotspur,9,20
2022-23,TOT,Tottenham Hotspur,10,23
2022-23,TOT,Tottenham Hotspur,11,23
2022-23,TOT,Tottenham Hotspur,12,23
2022-23,TOT,Tottenham Hotspur,13,26
2022-23,TOT,Tottenham Hotspur,14,26
2022-23,TOT,Tottenham Hotspur,15,29
2022-23,TOT,Tottenham Hotspur,16,30
2022-23,TOT,Tottenham Hotspur,17,30
2022-23,TOT,Tottenham Hotspur,18,33
2022-23,TOT,Tottenham Hotspur,19,33
2022-23,TOT,Tottenham Hotspur,20,33
2022-23,TOT,Tottenham Hotspur,21,36
2022-23,TOT,Tottenham Hotspur,22,39
2022-23,TOT,Tottenham Hotspur,23,39
2022-23,TOT,Tottenham Hotspur,24,42
2022-23,TOT,Tottenham Hotspur,25,45
2022-23,TOT,Tottenham Hotspur,26,45
2022-23,TOT,Tottenham Hotspur,27,48
2022-23,TOT,Tottenham Hotspur,28,49
2022-23,TOT,Tottenham Hotspur,29,50
2022-23,TOT,Tottenham Hotspur,30,53
2022-23,TOT,Tottenham Hotspur,31,53
2022-23,TOT,Tottenham Hotspur,32,53
2022-23,TOT,Tottenham Hotspur,33,54
2022-23,TOT,Tottenham Hotspur,34,54
2022-23,TOT,Tottenham Hotspur,35,57
2022-23,TOT,Tottenham Hotspur,36,57
2022-23,TOT,Tottenham Hotspur,37,57
2022-23,TOT,Tottenham Hotspur,38,60
2022-23,WHU,West Ham United,1,0
2022-23,WHU,West Ham United,2,0
2022-23,WHU,West Ham United,3,0
2022-23,WHU,West Ham United,4,3
2022-23,WHU,West Ham United,5,4
2022-23,WHU,West Ham United,6,4
2022-23,WHU,West Ham United,7,4
2022-23,WHU,West Ham United,8,7
2022-23,WHU,West Ham United,9,10
2022-23,WHU,West Ham United,10,11
2022-23,WHU,West Ham United,11,11
2022-23,WHU,West Ham United,12,14
2022-23,WHU,West Ham United,13,14
2022-23,WHU,West Ham United,14,14
2022-23,WHU,West Ham United,15,14
2022-23,WHU,West Ham United,16,14
2022-23,WHU,West Ham United,17,14
2022-23,WHU,West Ham United,18,15
2022-23,WHU,West Ham United,19,15
2022-23,WHU,West Ham United,20,18
2022-23,WHU,West Ham United,21,19
2022-23,WHU,West Ham United,22,20
2022-23,WHU,West Ham United,23,20
2022-23,WHU,West Ham United,24,23
2022-23,WHU,West Ham United,25,23
2022-23,WHU,West Ham United,26,24
2022-23,WHU,West Ham United,27,27
2022-23,WHU,West Ham United,28,27
2022-23,WHU,West Ham United,29,30
2022-23,WHU,West Ham United,30,31
2022-23,WHU,West Ham United,31,34
2022-23,WHU,West Ham United,32,34
2022-23,WHU,West Ham United,33,34
2022-23,WHU,West Ham United,34,34
2022-23,WHU,West Ham United,35,37
2022-23,WHU,West Ham United,36,37
2022-23,WHU,West Ham United,37,40
2022-23,WHU,West Ham United,38,40
2022-23,WOL,Wolverhampton Wanderers,1,0
2022-23,WOL,Wolverhampton Wanderers,2,1
2022-23,WOL,Wolverhampton Wanderers,3,1
2022-23,WOL,Wolverhampton Wanderers,4,2
2022-23,WOL,Wolverhampton Wanderers,5,3
2022-23,WOL,Wolverhampton Wanderers,6,6
2022-23,WOL,Wolverhampton Wanderers,7,6
2022-23,WOL,Wolverhampton Wanderers,8,6
2022-23,WOL,Wolverhampton Wanderers,9,6
2022-23,WOL,Wolverhampton Wanderers,10,9
2022-23,WOL,Wolverhampton Wanderers,11,9
2022-23,WOL,Wolverhampton Wanderers,12,9
2022-23,WOL,Wolverhampton Wanderers,13,10
2022-23,WOL,Wolverhampton Wanderers,14,10
2022-23,WOL,Wolverhampton Wanderers,15,10
2022-23,WOL,Wolverhampton Wanderers,16,13
2022-23,WOL,Wolverhampton Wanderers,17,13
2022-23,WOL,Wolverhampton Wanderers,18,14
2022-23,WOL,Wolverhampton Wanderers,19,17
2022-23,WOL,Wolverhampton Wanderers,20,17
2022-23,WOL,Wolverhampton Wanderers,21,20
2022-23,WOL,Wolverhampton Wanderers,22,23
2022-23,WOL,Wolverhampton Wanderers,23,23
2022-23,WOL,Wolverhampton Wanderers,24,24
2022-23,WOL,Wolverhampton Wanderers,25,24
2022-23,WOL,Wolverhampton Wanderers,26,27
2022-23,WOL,Wolverhampton Wanderers,27,27
2022-23,WOL,Wolverhampton Wanderers,28,27
2022-23,WOL,Wolverhampton Wanderers,29,28
2022-23,WOL,Wolverhampton Wanderers,30,31
2022-23,WOL,Wolverhampton Wanderers,31,34
2022-23,WOL,Wolverhampton Wanderers,32,34
2022-23,WOL,Wolverhampton Wanderers,33,37
2022-23,WOL,Wolverhampton Wanderers,34,37
2022-23,WOL,Wolverhampton Wanderers,35,40
2022-23,WOL,Wolverhampton Wanderers,36,40
2022-23,WOL,Wolverhampton Wanderers,37,41
2022-23,WOL,Wolverhampton Wanderers,38,41
2023-24,ARS,Arsenal,1,3
2023-24,ARS,Arsenal,2,6
2023-24,ARS,Arsenal,3,7
2023-24,ARS,Arsenal,4,10
2023-24,ARS,Arsenal,5,13
2023-24,ARS,Arsenal,6,14
2023-24,ARS,Arsenal,7,17
2023-24,ARS,Arsenal,8,20
2023-24,ARS,Arsenal,9,21
2023-24,ARS,Arsenal,10,24
2023-24,ARS,Arsenal,11,24
2023-24,ARS,Arsenal,12,27
2023-24,ARS,Arsenal,13,30
2023-24,ARS,Arsenal,14,33
2023-24,ARS,Arsenal,15,36
2023-24,ARS,Arsenal,16,36
2023-24,ARS,Arsenal,17,39
2023-24,ARS,Arsenal,18,40
2023-24,ARS,Arsenal,19,40
2023-24,ARS,Arsenal,20,40
2023-24,ARS,Arsenal,21,43
2023-24,ARS,Arsenal,22,46
2023-24,ARS,Arsenal,23,49
2023-24,ARS,Arsenal,24,52
2023-24,ARS,Arsenal,25,55
2023-24,ARS,Arsenal,26,58
2023-24,ARS,Arsenal,27,61
2023-24,ARS,Arsenal,28,64
2023-24,ARS,Arsenal,29,65
2023-24,ARS,Arsenal,30,68
2023-24,ARS,Arsenal,31,71
2023-24,ARS,Arsenal,32,71
2023-24,ARS,Arsenal,33,74
2023-24,ARS,Arsenal,34,77
2023-24,ARS,Arsenal,35,80
2023-24,ARS,Arsenal,36,83
2023-24,ARS,Arsenal,37,86
2023-24,ARS,Arsenal,38,89
2023-24,AVL,Aston Villa,1,0
2023-24,AVL,Aston Villa,2,3
2023-24,AVL,Aston Villa,3,6
2023-24,AVL,Aston Villa,4,6
2023-24,AVL,Aston Villa,5,9
2023-24,AVL,Aston Villa,6,12
2023-24,AVL,Aston Villa,7,15
2023-24,AVL,Aston Villa,8,16
2023-24,AVL,Aston Villa,9,19
2023-24,AVL,Aston Villa,10,22
2023-24,AVL,Aston Villa,11,22
2023-24,AVL,Aston Villa,12,25
2023-24,AVL,Aston Villa,13,28
2023-24,AVL,Aston Villa,14,29
2023-24,AVL,Aston Villa,15,32
2023-24,AVL,Aston Villa,16,35
2023-24,AVL,Aston Villa,17,38
2023-24,AVL,Aston Villa,18,39
2023-24,AVL,Aston Villa,19,39
2023-24,AVL,Aston Villa,20,42
2023-24,AVL,Aston Villa,21,43
2023-24,AVL,Aston Villa,22,43
2023-24,AVL,Aston Villa,23,46
2023-24,AVL,Aston Villa,24,46
2023-24,AVL,Aston Villa,25,49
2023-24,AVL,Aston Villa,26,52
2023-24,AVL,Aston Villa,27,55
2023-24,AVL,Aston Villa,28,55
2023-24,AVL,Aston Villa,29,56
2023-24,AVL,Aston Villa,30,59
2023-24,AVL,Aston Villa,31,59
2023-24,AVL,Aston Villa,32,60
2023-24,AVL,Aston Villa,33,63
2023-24,AVL,Aston Villa,34,66
2023-24,AVL,Aston Villa,35,67
2023-24,AVL,Aston Villa,36,67
2023-24,AVL,Aston Villa,37,68
2023-24,AVL,Aston Villa,38,68
2023-24,BHA,Brighton and Hove Albion,1,3
2023-24,BHA,Brighton and Hove Albion,2,6
2023-24,BHA,Brighton and Hove Albion,3,6
2023-24,BHA,Brighton and Hove Albion,4,9
2023-24,BHA,Brighton and Hove Albion,5,12
2023-24,BHA,Brighton and Hove Albion,6,15
2023-24,BHA,Brighton and Hove Albion,7,15
2023-24,BHA,Brighton and Hove Albion,8,16
2023-24,BHA,Brighton and Hove Albion,9,16
2023-24,BHA,Brighton and Hove Albion,10,17
2023-24,BHA,Brighton and Hove Albion,11,18
2023-24,BHA,Brighton and Hove Albion,12,19
2023-24,BHA,Brighton and Hove Albion,13,22
2023-24,BHA,Brighton and Hove Albion,14,22
2023-24,BHA,Brighton and Hove Albion,15,25
2023-24,BHA,Brighton and Hove Albion,16,26
2023-24,BHA,Brighton and Hove Albion,17,26
2023-24,BHA,Brighton and Hove Albion,18,27
2023-24,BHA,Brighton and Hove Albion,19,30
2023-24,BHA,Brighton and Hove Albion,20,31
2023-24,BHA,Brighton and Hove Albion,21,32
2023-24,BHA,Brighton and Hove Albion,22,32
2023-24,BHA,Brighton and Hove Albion,23,35
2023-24,BHA,Brighton and Hove Albion,24,35
2023-24,BHA,Brighton and Hove Albion,25,38
2023-24,BHA,Brighton and Hove Albion,26,39
2023-24,BHA,Brighton and Hove Albion,27,39
2023-24,BHA,Brighton and Hove Albion,28,42
2023-24,BHA,Brighton and Hove Albion,29,42
2023-24,BHA,Brighton and Hove Albion,30,43
2023-24,BHA,Brighton and Hove Albion,31,43
2023-24,BHA,Brighton and Hove Albion,32,44
2023-24,BHA,Brighton and Hove Albion,33,44
2023-24,BHA,Brighton and Hove Albion,34,44
2023-24,BHA,Brighton and Hove Albion,35,47
2023-24,BHA,Brighton and Hove Albion,36,48
2023-24,BHA,Brighton and Hove Albion,37,48
2023-24,BHA,Brighton and Hove Albion,38,48
2023-24,BOU,Bournemouth,1,1
2023-24,BOU,Bournemouth,2,1
2023-24,BOU,Bournemouth,3,1
2023-24,BOU,Bournemouth,4,2
2023-24,BOU,Bournemouth,5,3
2023-24,BOU,Bournemouth,6,3
2023-24,BOU,Bournemouth,7,3
2023-24,BOU,Bournemouth,8,3
2023-24,BOU,Bournemouth,9,3
2023-24,BOU,Bournemouth,10,6
2023-24,BOU,Bournemouth,11,6
2023-24,BOU,Bournemouth,12,9
2023-24,BOU,Bournemouth,13,12
2023-24,BOU,Bournemouth,14,13
2023-24,BOU,Bournemouth,15,16
2023-24,BOU,Bournemouth,16,19
2023-24,BOU,Bournemouth,17,22
2023-24,BOU,Bournemouth,18,25
2023-24,BOU,Bournemouth,19,25
2023-24,BOU,Bournemouth,20,25
2023-24,BOU,Bournemouth,21,26
2023-24,BOU,Bournemouth,22,27
2023-24,BOU,Bournemouth,23,27
2023-24,BOU,Bournemouth,24,28
2023-24,BOU,Bournemouth,25,28
2023-24,BOU,Bournemouth,26,31
2023-24,BOU,Bournemouth,27,32
2023-24,BOU,Bournemouth,28,35
2023-24,BOU,Bournemouth,29,38
2023-24,BOU,Bournemouth,30,41
2023-24,BOU,Bournemouth,31,41
2023-24,BOU,Bournemouth,32,42
2023-24,BOU,Bournemouth,33,42
2023-24,BOU,Bournemouth,34,45
2023-24,BOU,Bournemouth,35,48
2023-24,BOU,Bournemouth,36,48
2023-24,BOU,Bournemouth,37,48
2023-24,BOU,Bournemouth,38,48
2023-24,BRE,Brentford,1,1
2023-24,BRE,Brentford,2,4
2023-24,BRE,Brentford,3,5
2023-24,BRE,Brentford,4,6
2023-24,BRE,Brentford,5,6
2023-24,BRE,Brentford,6,6
2023-24,BRE,Brentford,7,7
2023-24,BRE,Brentford,8,7
2023-24,BRE,Brentford,9,10
2023-24,BRE,Brentford,10,13
2023-24,BRE,Brentford,11,16
2023-24,BRE,Brentford,12,16
2023-24,BRE,Brentford,13,16
2023-24,BRE,Brentford,14,19
2023-24,BRE,Brentford,15,19
2023-24,BRE,Brentford,16,19
2023-24,BRE,Brentford,17,19
2023-24,BRE,Brentford,18,19
2023-24,BRE,Brentford,19,19
2023-24,BRE,Brentford,20,22
2023-24,BRE,Brentford,21,22
2023-24,BRE,Brentford,22,22
2023-24,BRE,Brentford,23,25
2023-24,BRE,Brentford,24,25
2023-24,BRE,Brentford,25,25
2023-24,BRE,Brentford,26,25
2023-24,BRE,Brentford,27,26
2023-24,BRE,Brentford,28,26
2023-24,BRE,Brentford,29,26
2023-24,BRE,Brentford,30,27
2023-24,BRE,Brentford,31,28
2023-24,BRE,Brentford,32,29
2023-24,BRE,Brentford,33,32
2023-24,BRE,Brentford,34,35
2023-24,BRE,Brentford,35,35
2023-24,BRE,Brentford,36,36
2023-24,BRE,Brentford,37,39
2023-24,BRE,Brentford,38,39
2023-24,BUR,Burnley,1,0
2023-24,BUR,Burnley,2,0
2023-24,BUR,Burnley,3,0
2023-24,BUR,Burnley,4,1
2023-24,BUR,Burnley,5,1
2023-24,BUR,Burnley,6,1
2023-24,BUR,Burnley,7,4
2023-24,BUR,Burnley,8,4
2023-24,BUR,Burnley,9,4
2023-24,BUR,Burnley,10,4
2023-24,BUR,Burnley,11,4
2023-24,BUR,Burnley,12,4
2023-24,BUR,Burnley,13,4
2023-24,BUR,Burnley,14,7
2023-24,BUR,Burnley,15,7
2023-24,BUR,Burnley,16,8
2023-24,BUR,Burnley,17,8
2023-24,BUR,Burnley,18,11
2023-24,BUR,Burnley,19,11
2023-24,BUR,Burnley,20,11
2023-24,BUR,Burnley,21,12
2023-24,BUR,Burnley,22,12
2023-24,BUR,Burnley,23,13
2023-24,BUR,Burnley,24,13
2023-24,BUR,Burnley,25,13
2023-24,BUR,Burnley,26,13
2023-24,BUR,Burnley,27,13
2023-24,BUR,Burnley,28,14
2023-24,BUR,Burnley,29,17
2023-24,BUR,Burnley,30,18
2023-24,BUR,Burnley,31,19
2023-24,BUR,Burnley,32,19
2023-24,BUR,Burnley,33,20
2023-24,BUR,Burnley,34,23
2023-24,BUR,Burnley,35,24
2023-24,BUR,Burnley,36,24
2023-24,BUR,Burnley,37,24
2023-24,BUR,Burnley,38,24
2023-24,CHE,Chelsea,1,1
2023-24,CHE,Chelsea,2,1
2023-24,CHE,Chelsea,3,4
2023-24,CHE,Chelsea,4,4
2023-24,CHE,Chelsea,5,5
2023-24,CHE,Chelsea,6,5
2023-24,CHE,Chelsea,7,8
2023-24,CHE,Chelsea,8,11
2023-24,CHE,Chelsea,9,12
2023-24,CHE,Chelsea,10,12
2023-24,CHE,Chelsea,11,15
2023-24,CHE,Chelsea,12,16
2023-24,CHE,Chelsea,13,16
2023-24,CHE,Chelsea,14,19
2023-24,CHE,Chelsea,15,19
2023-24,CHE,Chelsea,16,19
2023-24,CHE,Chelsea,17,22
2023-24,CHE,Chelsea,18,22
2023-24,CHE,Chelsea,19,25
2023-24,CHE,Chelsea,20,28
2023-24,CHE,Chelsea,21,31
2023-24,CHE,Chelsea,22,31
2023-24,CHE,Chelsea,23,31
2023-24,CHE,Chelsea,24,34
2023-24,CHE,Chelsea,25,35
2023-24,CHE,Chelsea,26,36
2023-24,CHE,Chelsea,27,39
2023-24,CHE,Chelsea,28,40
2023-24,CHE,Chelsea,29,43
2023-24,CHE,Chelsea,30,44
2023-24,CHE,Chelsea,31,47
2023-24,CHE,Chelsea,32,47
2023-24,CHE,Chelsea,33,48
2023-24,CHE,Chelsea,34,51
2023-24,CHE,Chelsea,35,54
2023-24,CHE,Chelsea,36,57
2023-24,CHE,Chelsea,37,60
2023-24,CHE,Chelsea,38,63
2023-24,CRY,Crystal Palace,1,3
2023-24,CRY,Crystal Palace,2,3
2023-24,CRY,Crystal Palace,3,4
2023-24,CRY,Crystal Palace,4,7
2023-24,CRY,Crystal Palace,5,7
2023-24,CRY,Crystal Palace,6,8
2023-24,CRY,Crystal Palace,7,11
2023-24,CRY,Crystal Palace,8,12
2023-24,CRY,Crystal Palace,9,12
2023-24,CRY,Crystal Palace,10,12
2023-24,CRY,Crystal Palace,11,15
2023-24,CRY,Crystal Palace,12,15
2023-24,CRY,Crystal Palace,13,15
2023-24,CRY,Crystal Palace,14,16
2023-24,CRY,Crystal Palace,15,16
2023-24,CRY,Crystal Palace,16,16
2023-24,CRY,Crystal Palace,17,17
2023-24,CRY,Crystal Palace,18,18
2023-24,CRY,Crystal Palace,19,18
2023-24,CRY,Crystal Palace,20,21
2023-24,CRY,Crystal Palace,21,21
2023-24,CRY,Crystal Palace,22,24
2023-24,CRY,Crystal Palace,23,24
2023-24,CRY,Crystal Palace,24,24
2023-24,CRY,Crystal Palace,25,25
2023-24,CRY,Crystal Palace,26,28
2023-24,CRY,Crystal Palace,27,28
2023-24,CRY,Crystal Palace,28,29
2023-24,CRY,Crystal Palace,29,30
2023-24,CRY,Crystal Palace,30,30
2023-24,CRY,Crystal Palace,31,30
2023-24,CRY,Crystal Palace,32,33
2023-24,CRY,Crystal Palace,33,36
2023-24,CRY,Crystal Palace,34,39
2023-24,CRY,Crystal Palace,35,40
2023-24,CRY,Crystal Palace,36,43
2023-24,CRY,Crystal Palace,37,46
2023-24,CRY,Crystal Palace,38,49
2023-24,EVE,Everton,1,0
2023-24,EVE,Everton,2,0
2023-24,EVE,Everton,3,0
2023-24,EVE,Everton,4,1
2023-24,EVE,Everton,5,1
2023-24,EVE,Everton,6,4
2023-24,EVE,Everton,7,4
2023-24,EVE,Everton,8,7
2023-24,EVE,Everton,9,7
2023-24,EVE,Everton,10,10
2023-24,EVE,Everton,11,11
2023-24,EVE,Everton,12,14
2023-24,EVE,Everton,13,14
2023-24,EVE,Everton,14,17
2023-24,EVE,Everton,15,20
2023-24,EVE,Everton,16,23
2023-24,EVE,Everton,17,26
2023-24,EVE,Everton,18,26
2023-24,EVE,Everton,19,26
2023-24,EVE,Everton,20,26
2023-24,EVE,Everton,21,27
2023-24,EVE,Everton,22,28
2023-24,EVE,Everton,23,29
2023-24,EVE,Everton,24,29
2023-24,EVE,Everton,25,30
2023-24,EVE,Everton,26,31
2023-24,EVE,Everton,27,31
2023-24,EVE,Everton,28,31
2023-24,EVE,Everton,29,31
2023-24,EVE,Everton,30,32
2023-24,EVE,Everton,31,35
2023-24,EVE,Everton,32,35
2023-24,EVE,Everton,33,38
2023-24,EVE,Everton,34,41
2023-24,EVE,Everton,35,44
2023-24,EVE,Everton,36,45
2023-24,EVE,Everton,37,48
2023-24,EVE,Everton,38,48
2023-24,FUL,Fulham,1,3
2023-24,FUL,Fulham,2,3
2023-24,FUL,Fulham,3,4
2023-24,FUL,Fulham,4,4
2023-24,FUL,Fulham,5,7
2023-24,FUL,Fulham,6,8
2023-24,FUL,Fulham,7,8
2023-24,FUL,Fulham,8,11
2023-24,FUL,Fulham,9,11
2023-24,FUL,Fulham,10,12
2023-24,FUL,Fulham,11,12
2023-24,FUL,Fulham,12,12
2023-24,FUL,Fulham,13,15
2023-24,FUL,Fulham,14,15
2023-24,FUL,Fulham,15,18
2023-24,FUL,Fulham,16,21
2023-24,FUL,Fulham,17,21
2023-24,FUL,Fulham,18,21
2023-24,FUL,Fulham,19,21
2023-24,FUL,Fulham,20,24
2023-24,FUL,Fulham,21,24
2023-24,FUL,Fulham,22,25
2023-24,FUL,Fulham,23,26
2023-24,FUL,Fulham,24,29
2023-24,FUL,Fulham,25,29
2023-24,FUL,Fulham,26,32
2023-24,FUL,Fulham,27,35
2023-24,FUL,Fulham,28,35
2023-24,FUL,Fulham,29,38
2023-24,FUL,Fulham,30,39
2023-24,FUL,Fulham,31,39
2023-24,FUL,Fulham,32,39
2023-24,FUL,Fulham,33,42
2023-24,FUL,Fulham,34,42
2023-24,FUL,Fulham,35,43
2023-24,FUL,Fulham,36,44
2023-24,FUL,Fulham,37,44
2023-24,FUL,Fulham,38,47
2023-24,LIV,Liverpool,1,1
2023-24,LIV,Liverpool,2,4
2023-24,LIV,Liverpool,3,7
2023-24,LIV,Liverpool,4,10
2023-24,LIV,Liverpool,5,13
2023-24,LIV,Liverpool,6,16
2023-24,LIV,Liverpool,7,16
2023-24,LIV,Liverpool,8,17
2023-24,LIV,Liverpool,9,20
2023-24,LIV,Liverpool,10,23
2023-24,LIV,Liverpool,11,24
2023-24,LIV,Liverpool,12,27
2023-24,LIV,Liverpool,13,28
2023-24,LIV,Liverpool,14,31
2023-24,LIV,Liverpool,15,34
2023-24,LIV,Liverpool,16,37
2023-24,LIV,Liverpool,17,38
2023-24,LIV,Liverpool,18,39
2023-24,LIV,Liverpool,19,42
2023-24,LIV,Liverpool,20,45
2023-24,LIV,Liverpool,21,48
2023-24,LIV,Liverpool,22,51
2023-24,LIV,Liverpool,23,51
2023-24,LIV,Liverpool,24,54
2023-24,LIV,Liverpool,25,57
2023-24,LIV,Liverpool,26,60
2023-24,LIV,Liverpool,27,63
2023-24,LIV,Liverpool,28,64
2023-24,LIV,Liverpool,29,67
2023-24,LIV,Liverpool,30,70
2023-24,LIV,Liverpool,31,71
2023-24,LIV,Liverpool,32,71
2023-24,LIV,Liverpool,33,74
2023-24,LIV,Liverpool,34,74
2023-24,LIV,Liverpool,35,75
2023-24,LIV,Liverpool,36,78
2023-24,LIV,Liverpool,37,79
2023-24,LIV,Liverpool,38,82
2023-24,LUT,Luton Town,1,0
2023-24,LUT,Luton Town,2,0
2023-24,LUT,Luton Town,3,0
2023-24,LUT,Luton Town,4,0
2023-24,LUT,Luton Town,5,1
2023-24,LUT,Luton Town,6,4
2023-24,LUT,Luton Town,7,4
2023-24,LUT,Luton Town,8,4
2023-24,LUT,Luton Town,9,5
2023-24,LUT,Luton Town,10,5
2023-24,LUT,Luton Town,11,6
2023-24,LUT,Luton Town,12,6
2023-24,LUT,Luton Town,13,9
2023-24,LUT,Luton Town,14,9
2023-24,LUT,Luton Town,15,9
2023-24,LUT,Luton Town,16,9
2023-24,LUT,Luton Town,17,12
2023-24,LUT,Luton Town,18,15
2023-24,LUT,Luton Town,19,15
2023-24,LUT,Luton Town,20,16
2023-24,LUT,Luton Town,21,19
2023-24,LUT,Luton Town,22,20
2023-24,LUT,Luton Town,23,20
2023-24,LUT,Luton Town,24,20
2023-24,LUT,Luton Town,25,20
2023-24,LUT,Luton Town,26,20
2023-24,LUT,Luton Town,27,21
2023-24,LUT,Luton Town,28,21
2023-24,LUT,Luton Town,29,22
2023-24,LUT,Luton Town,30,22
2023-24,LUT,Luton Town,31,22
2023-24,LUT,Luton Town,32,25
2023-24,LUT,Luton Town,33,25
2023-24,LUT,Luton Town,34,25
2023-24,LUT,Luton Town,35,25
2023-24,LUT,Luton Town,36,26
2023-24,LUT,Luton Town,37,26
2023-24,LUT,Luton Town,38,26
2023-24,MCI,Manchester City,1,3
2023-24,MCI,Manchester City,2,6
2023-24,MCI,Manchester City,3,9
2023-24,MCI,Manchester City,4,12
2023-24,MCI,Manchester City,5,15
2023-24,MCI,Manchester City,6,18
2023-24,MCI,Manchester City,7,18
2023-24,MCI,Manchester City,8,18
2023-24,MCI,Manchester City,9,21
2023-24,MCI,Manchester City,10,24
2023-24,MCI,Manchester City,11,27
2023-24,MCI,Manchester City,12,28
2023-24,MCI,Manchester City,13,29
2023-24,MCI,Manchester City,14,30
2023-24,MCI,Manchester City,15,30
2023-24,MCI,Manchester City,16,33
2023-24,MCI,Manchester City,17,34
2023-24,MCI,Manchester City,18,37
2023-24,MCI,Manchester City,19,40
2023-24,MCI,Manchester City,20,43
2023-24,MCI,Manchester City,21,46
2023-24,MCI,Manchester City,22,49
2023-24,MCI,Manchester City,23,52
2023-24,MCI,Manchester City,24,53
2023-24,MCI,Manchester City,25,56
2023-24,MCI,Manchester City,26,59
2023-24,MCI,Manchester City,27,62
2023-24,MCI,Manchester City,28,63
2023-24,MCI,Manchester City,29,64
2023-24,MCI,Manchester City,30,67
2023-24,MCI,Manchester City,31,70
2023-24,MCI,Manchester City,32,73
2023-24,MCI,Manchester City,33,76
2023-24,MCI,Manchester City,34,79
2023-24,MCI,Manchester City,35,82
2023-24,MCI,Manchester City,36,85
2023-24,MCI,Manchester City,37,88
2023-24,MCI,Manchester City,38,91
2023-24,MUN,Manchester United,1,3
2023-24,MUN,Manchester United,2,3
2023-24,MUN,Manchester United,3,6
2023-24,MUN,Manchester United,4,6
2023-24,MUN,Manchester United,5,6
2023-24,MUN,Manchester United,6,9
2023-24,MUN,Manchester United,7,9
2023-24,MUN,Manchester United,8,12
2023-24,MUN,Manchester United,9,15
2023-24,MUN,Manchester United,10,15
2023-24,MUN,Manchester United,11,18
2023-24,MUN,Manchester United,12,21
2023-24,MUN,Manchester United,13,24
2023-24,MUN,Manchester United,14,24
2023-24,MUN,Manchester United,15,27
2023-24,MUN,Manchester United,16,27
2023-24,MUN,Manchester United,17,28
2023-24,MUN,Manchester United,18,28
2023-24,MUN,Manchester United,19,31
2023-24,MUN,Manchester United,20,31
2023-24,MUN,Manchester United,21,32
2023-24,MUN,Manchester United,22,35
2023-24,MUN,Manchester United,23,38
2023-24,MUN,Manchester United,24,41
2023-24,MUN,Manchester United,25,44
2023-24,MUN,Manchester United,26,44
2023-24,MUN,Manchester United,27,44
2023-24,MUN,Manchester United,28,47
2023-24,MUN,Manchester United,29,48
2023-24,MUN,Manchester United,30,48
2023-24,MUN,Manchester United,31,49
2023-24,MUN,Manchester United,32,50
2023-24,MUN,Manchester United,33,53
2023-24,MUN,Manchester United,34,54
2023-24,MUN,Manchester United,35,54
2023-24,MUN,Manchester United,36,54
2023-24,MUN,Manchester United,37,57
2023-24,MUN,Manchester United,38,60
2023-24,NEW,Newcastle United,1,3
2023-24,NEW,Newcastle United,2,3
2023-24,NEW,Newcastle United,3,3
2023-24,NEW,Newcastle United,4,3
2023-24,NEW,Newcastle United,5,6
2023-24,NEW,Newcastle United,6,9
2023-24,NEW,Newcastle United,7,12
2023-24,NEW,Newcastle United,8,13
2023-24,NEW,Newcastle United,9,16
2023-24,NEW,Newcastle United,10,17
2023-24,NEW,Newcastle United,11,20
2023-24,NEW,Newcastle United,12,20
2023-24,NEW,Newcastle United,13,23
2023-24,NEW,Newcastle United,14,26
2023-24,NEW,Newcastle United,15,26
2023-24,NEW,Newcastle United,16,26
2023-24,NEW,Newcastle United,17,29
2023-24,NEW,Newcastle United,18,29
2023-24,NEW,Newcastle United,19,29
2023-24,NEW,Newcastle United,20,29
2023-24,NEW,Newcastle United,21,29
2023-24,NEW,Newcastle United,22,32
2023-24,NEW,Newcastle United,23,33
2023-24,NEW,Newcastle United,24,36
2023-24,NEW,Newcastle United,25,37
2023-24,NEW,Newcastle United,26,37
2023-24,NEW,Newcastle United,27,40
2023-24,NEW,Newcastle United,28,40
2023-24,NEW,Newcastle United,29,43
2023-24,NEW,Newcastle United,30,44
2023-24,NEW,Newcastle United,31,47
2023-24,NEW,Newcastle United,32,50
2023-24,NEW,Newcastle United,33,50
2023-24,NEW,Newcastle United,34,53
2023-24,NEW,Newcastle United,35,56
2023-24,NEW,Newcastle United,36,57
2023-24,NEW,Newcastle United,37,57
2023-24,NEW,Newcastle United,38,60
2023-24,NFO,Nottingham Forest,1,0
2023-24,NFO,Nottingham Forest,2,3
2023-24,NFO,Nottingham Forest,3,3
2023-24,NFO,Nottingham Forest,4,6
2023-24,NFO,Nottingham Forest,5,7
2023-24,NFO,Nottingham Forest,6,7
2023-24,NFO,Nottingham Forest,7,8
2023-24,NFO,Nottingham Forest,8,9
2023-24,NFO,Nottingham Forest,9,10
2023-24,NFO,Nottingham Forest,10,10
2023-24,NFO,Nottingham Forest,11,13
2023-24,NFO,Nottingham Forest,12,13
2023-24,NFO,Nottingham Forest,13,13
2023-24,NFO,Nottingham Forest,14,13
2023-24,NFO,Nottingham Forest,15,13
2023-24,NFO,Nottingham Forest,16,14
2023-24,NFO,Nottingham Forest,17,14
2023-24,NFO,Nottingham Forest,18,14
2023-24,NFO,Nottingham Forest,19,17
2023-24,NFO,Nottingham Forest,20,20
2023-24,NFO,Nottingham Forest,21,20
2023-24,NFO,Nottingham Forest,22,20
2023-24,NFO,Nottingham Forest,23,21
2023-24,NFO,Nottingham Forest,24,21
2023-24,NFO,Nottingham Forest,25,24
2023-24,NFO,Nottingham Forest,26,24
2023-24,NFO,Nottingham Forest,27,24
2023-24,NFO,Nottingham Forest,28,24
2023-24,NFO,Nottingham Forest,29,25
2023-24,NFO,Nottingham Forest,30,26
2023-24,NFO,Nottingham Forest,31,29
2023-24,NFO,Nottingham Forest,32,29
2023-24,NFO,Nottingham Forest,33,30
2023-24,NFO,Nottingham Forest,34,30
2023-24,NFO,Nottingham Forest,35,30
2023-24,NFO,Nottingham Forest,36,33
2023-24,NFO,Nottingham Forest,37,33
2023-24,NFO,Nottingham Forest,38,36
2023-24,SHU,Sheffield United,1,0
2023-24,SHU,Sheffield United,2,0
2023-24,SHU,Sheffield United,3,0
2023-24,SHU,Sheffield United,4,1
2023-24,SHU,Sheffield United,5,1
2023-24,SHU,Sheffield United,6,1
2023-24,SHU,Sheffield United,7,1
2023-24,SHU,Sheffield United,8,1
2023-24,SHU,Sheffield United,9,1
2023-24,SHU,Sheffield United,10,1
2023-24,SHU,Sheffield United,11,4
2023-24,SHU,Sheffield United,12,5
2023-24,SHU,Sheffield United,13,5
2023-24,SHU,Sheffield United,14,5
2023-24,SHU,Sheffield United,15,5
2023-24,SHU,Sheffield United,16,8
2023-24,SHU,Sheffield United,17,8
2023-24,SHU,Sheffield United,18,9
2023-24,SHU,Sheffield United,19,9
2023-24,SHU,Sheffield United,20,9
2023-24,SHU,Sheffield United,21,10
2023-24,SHU,Sheffield United,22,10
2023-24,SHU,Sheffield United,23,10
2023-24,SHU,Sheffield United,24,13
2023-24,SHU,Sheffield United,25,13
2023-24,SHU,Sheffield United,26,13
2023-24,SHU,Sheffield United,27,13
2023-24,SHU,Sheffield United,28,14
2023-24,SHU,Sheffield United,29,15
2023-24,SHU,Sheffield United,30,15
2023-24,SHU,Sheffield United,31,16
2023-24,SHU,Sheffield United,32,16
2023-24,SHU,Sheffield United,33,16
2023-24,SHU,Sheffield United,34,16
2023-24,SHU,Sheffield United,35,16
2023-24,SHU,Sheffield United,36,16
2023-24,SHU,Sheffield United,37,16
2023-24,SHU,Sheffield United,38,16
2023-24,TOT,Tottenham Hotspur,1,1
2023-24,TOT,Tottenham Hotspur,2,4
2023-24,TOT,Tottenham Hotspur,3,7
2023-24,TOT,Tottenham Hotspur,4,10
2023-24,TOT,Tottenham Hotspur,5,13
2023-24,TOT,Tottenham Hotspur,6,14
2023-24,TOT,Tottenham Hotspur,7,17
2023-24,TOT,Tottenham Hotspur,8,20
2023-24,TOT,Tottenham Hotspur,9,23
2023-24,TOT,Tottenham Hotspur,10,26
2023-24,TOT,Tottenham Hotspur,11,26
2023-24,TOT,Tottenham Hotspur,12,26
2023-24,TOT,Tottenham Hotspur,13,26
2023-24,TOT,Tottenham Hotspur,14,27
2023-24,TOT,Tottenham Hotspur,15,27
2023-24,TOT,Tottenham Hotspur,16,30
2023-24,TOT,Tottenham Hotspur,17,33
2023-24,TOT,Tottenham Hotspur,18,36
2023-24,TOT,Tottenham Hotspur,19,36
2023-24,TOT,Tottenham Hotspur,20,39
2023-24,TOT,Tottenham Hotspur,21,40
2023-24,TOT,Tottenham Hotspur,22,43
2023-24,TOT,Tottenham Hotspur,23,44
2023-24,TOT,Tottenham Hotspur,24,47
2023-24,TOT,Tottenham Hotspur,25,47
2023-24,TOT,Tottenham Hotspur,26,50
2023-24,TOT,Tottenham Hotspur,27,53
2023-24,TOT,Tottenham Hotspur,28,53
2023-24,TOT,Tottenham Hotspur,29,56
2023-24,TOT,Tottenham Hotspur,30,57
2023-24,TOT,Tottenham Hotspur,31,60
2023-24,TOT,Tottenham Hotspur,32,60
2023-24,TOT,Tottenham Hotspur,33,60
2023-24,TOT,Tottenham Hotspur,34,60
2023-24,TOT,Tottenham Hotspur,35,60
2023-24,TOT,Tottenham Hotspur,36,63
2023-24,TOT,Tottenham Hotspur,37,63
2023-24,TOT,Tottenham Hotspur,38,66
2023-24,WHU,West Ham United,1,1
2023-24,WHU,West Ham United,2,4
2023-24,WHU,West Ham United,3,7
2023-24,WHU,West Ham United,4,10
2023-24,WHU,West Ham United,5,10
2023-24,WHU,West Ham United,6,10
2023-24,WHU,West Ham United,7,13
2023-24,WHU,West Ham United,8,14
2023-24,WHU,West Ham United,9,14
2023-24,WHU,West Ham United,10,14
2023-24,WHU,West Ham United,11,14
2023-24,WHU,West Ham United,12,17
2023-24,WHU,West Ham United,13,20
2023-24,WHU,West Ham United,14,21
2023-24,WHU,West Ham United,15,24
2023-24,WHU,West Ham United,16,24
2023-24,WHU,West Ham United,17,27
2023-24,WHU,West Ham United,18,30
2023-24,WHU,West Ham United,19,33
2023-24,WHU,West Ham United,20,34
2023-24,WHU,West Ham United,21,35
2023-24,WHU,West Ham United,22,36
2023-24,WHU,West Ham United,23,36
2023-24,WHU,West Ham United,24,36
2023-24,WHU,West Ham United,25,36
2023-24,WHU,West Ham United,26,39
2023-24,WHU,West Ham United,27,42
2023-24,WHU,West Ham United,28,43
2023-24,WHU,West Ham United,29,44
2023-24,WHU,West Ham United,30,44
2023-24,WHU,West Ham United,31,45
2023-24,WHU,West Ham United,32,48
2023-24,WHU,West Ham United,33,48
2023-24,WHU,West Ham United,34,48
2023-24,WHU,West Ham United,35,49
2023-24,WHU,West Ham United,36,49
2023-24,WHU,West Ham United,37,52
2023-24,WHU,West Ham United,38,52
2023-24,WOL,Wolverhampton Wanderers,1,0
2023-24,WOL,Wolverhampton Wanderers,2,0
2023-24,WOL,Wolverhampton Wanderers,3,3
2023-24,WOL,Wolverhampton Wanderers,4,3
2023-24,WOL,Wolverhampton Wanderers,5,3
2023-24,WOL,Wolverhampton Wanderers,6,4
2023-24,WOL,Wolverhampton Wanderers,7,7
2023-24,WOL,Wolverhampton Wanderers,8,8
2023-24,WOL,Wolverhampton Wanderers,9,11
2023-24,WOL,Wolverhampton Wanderers,10,12
2023-24,WOL,Wolverhampton Wanderers,11,12
2023-24,WOL,Wolverhampton Wanderers,12,15
2023-24,WOL,Wolverhampton Wanderers,13,15
2023-24,WOL,Wolverhampton Wanderers,14,15
2023-24,WOL,Wolverhampton Wanderers,15,18
2023-24,WOL,Wolverhampton Wanderers,16,19
2023-24,WOL,Wolverhampton Wanderers,17,19
2023-24,WOL,Wolverhampton Wanderers,18,22
2023-24,WOL,Wolverhampton Wanderers,19,25
2023-24,WOL,Wolverhampton Wanderers,20,28
2023-24,WOL,Wolverhampton Wanderers,21,29
2023-24,WOL,Wolverhampton Wanderers,22,29
2023-24,WOL,Wolverhampton Wanderers,23,32
2023-24,WOL,Wolverhampton Wanderers,24,32
2023-24,WOL,Wolverhampton Wanderers,25,35
2023-24,WOL,Wolverhampton Wanderers,26,38
2023-24,WOL,Wolverhampton Wanderers,27,38
2023-24,WOL,Wolverhampton Wanderers,28,41
2023-24,WOL,Wolverhampton Wanderers,29,41
2023-24,WOL,Wolverhampton Wanderers,30,42
2023-24,WOL,Wolverhampton Wanderers,31,42
2023-24,WOL,Wolverhampton Wanderers,32,43
2023-24,WOL,Wolverhampton Wanderers,33,43
2023-24,WOL,Wolverhampton Wanderers,34,43
2023-24,WOL,Wolverhampton Wanderers,35,46
2023-24,WOL,Wolverhampton Wanderers,36,46
2023-24,WOL,Wolverhampton Wanderers,37,46
2023-24,WOL,Wolverhampton Wanderers,38,46
2024-25,ARS,Arsenal,1,3
2024-25,ARS,Arsenal,2,6
2024-25,ARS,Arsenal,3,7
2024-25,ARS,Arsenal,4,10
2024-25,ARS,Arsenal,5,11
2024-25,ARS,Arsenal,6,14
2024-25,ARS,Arsenal,7,17
2024-25,ARS,Arsenal,8,17
2024-25,ARS,Arsenal,9,18
2024-25,ARS,Arsenal,10,18
2024-25,ARS,Arsenal,11,19
2024-25,ARS,Arsenal,12,22
2024-25,ARS,Arsenal,13,25
2024-25,ARS,Arsenal,14,28
2024-25,ARS,Arsenal,15,29
2024-25,ARS,Arsenal,16,30
2024-25,ARS,Arsenal,17,33
2024-25,ARS,Arsenal,18,36
2024-25,ARS,Arsenal,19,39
2024-25,ARS,Arsenal,20,40
2024-25,ARS,Arsenal,21,43
2024-25,ARS,Arsenal,22,44
2024-25,ARS,Arsenal,23,47
2024-25,ARS,Arsenal,24,50
2024-25,ARS,Arsenal,25,53
2024-25,ARS,Arsenal,26,53
2024-25,ARS,Arsenal,27,54
2024-25,ARS,Arsenal,28,55
2024-25,ARS,Arsenal,29,58
2024-25,ARS,Arsenal,30,61
2024-25,ARS,Arsenal,31,62
2024-25,ARS,Arsenal,32,63
2024-25,ARS,Arsenal,33,66
2024-25,ARS,Arsenal,34,67
2024-25,ARS,Arsenal,35,67
2024-25,ARS,Arsenal,36,68
2024-25,ARS,Arsenal,37,71
2024-25,ARS,Arsenal,38,74
2024-25,AVL,Aston Villa,1,3
2024-25,AVL,Aston Villa,2,3
2024-25,AVL,Aston Villa,3,6
2024-25,AVL,Aston Villa,4,9
2024-25,AVL,Aston Villa,5,12
2024-25,AVL,Aston Villa,6,13
2024-25,AVL,Aston Villa,7,14
2024-25,AVL,Aston Villa,8,17
2024-25,AVL,Aston Villa,9,18
2024-25,AVL,Aston Villa,10,18
2024-25,AVL,Aston Villa,11,18
2024-25,AVL,Aston Villa,12,19
2024-25,AVL,Aston Villa,13,19
2024-25,AVL,Aston Villa,14,22
2024-25,AVL,Aston Villa,15,25
2024-25,AVL,Aston Villa,16,25
2024-25,AVL,Aston Villa,17,28
2024-25,AVL,Aston Villa,18,28
2024-25,AVL,Aston Villa,19,29
2024-25,AVL,Aston Villa,20,32
2024-25,AVL,Aston Villa,21,35
2024-25,AVL,Aston Villa,22,36
2024-25,AVL,Aston Villa,23,37
2024-25,AVL,Aston Villa,24,37
2024-25,AVL,Aston Villa,25,38
2024-25,AVL,Aston Villa,26,39
2024-25,AVL,Aston Villa,27,42
2024-25,AVL,Aston Villa,28,42
2024-25,AVL,Aston Villa,29,45
2024-25,AVL,Aston Villa,30,48
2024-25,AVL,Aston Villa,31,51
2024-25,AVL,Aston Villa,32,54
2024-25,AVL,Aston Villa,33,57
2024-25,AVL,Aston Villa,34,57
2024-25,AVL,Aston Villa,35,60
2024-25,AVL,Aston Villa,36,63
2024-25,AVL,Aston Villa,37,66
2024-25,AVL,Aston Villa,38,66
2024-25,BHA,Brighton and Hove Albion,1,3
2024-25,BHA,Brighton and Hove Albion,2,6
2024-25,BHA,Brighton and Hove Albion,3,7
2024-25,BHA,Brighton and Hove Albion,4,8
2024-25,BHA,Brighton and Hove Albion,5,9
2024-25,BHA,Brighton and Hove Albion,6,9
2024-25,BHA,Brighton and Hove Albion,7,12
2024-25,BHA,Brighton and Hove Albion,8,15
2024-25,BHA,Brighton and Hove Albion,9,16
2024-25,BHA,Brighton and Hove Albion,10,16
2024-25,BHA,Brighton and Hove Albion,11,19
2024-25,BHA,Brighton and Hove Albion,12,22
2024-25,BHA,Brighton and Hove Albion,13,23
2024-25,BHA,Brighton and Hove Albion,14,23
2024-25,BHA,Brighton and Hove Albion,15,24
2024-25,BHA,Brighton and Hove Albion,16,24
2024-25,BHA,Brighton and Hove Albion,17,25
2024-25,BHA,Brighton and Hove Albion,18,26
2024-25,BHA,Brighton and Hove Albion,19,27
2024-25,BHA,Brighton and Hove Albion,20,28
2024-25,BHA,Brighton and Hove Albion,21,31
2024-25,BHA,Brighton and Hove Albion,22,34
2024-25,BHA,Brighton and Hove Albion,23,34
2024-25,BHA,Brighton and Hove Albion,24,34
2024-25,BHA,Brighton and Hove Albion,25,37
2024-25,BHA,Brighton and Hove Albion,26,40
2024-25,BHA,Brighton and Hove Albion,27,43
2024-25,BHA,Brighton and Hove Albion,28,46
2024-25,BHA,Brighton and Hove Albion,29,47
2024-25,BHA,Brighton and Hove Albion,30,47
2024-25,BHA,Brighton and Hove Albion,31,47
2024-25,BHA,Brighton and Hove Albion,32,48
2024-25,BHA,Brighton and Hove Albion,33,48
2024-25,BHA,Brighton and Hove Albion,34,51
2024-25,BHA,Brighton and Hove Albion,35,52
2024-25,BHA,Brighton and Hove Albion,36,55
2024-25,BHA,Brighton and Hove Albion,37,58
2024-25,BHA,Brighton and Hove Albion,38,61
2024-25,BOU,Bournemouth,1,1
2024-25,BOU,Bournemouth,2,2
2024-25,BOU,Bournemouth,3,5
2024-25,BOU,Bournemouth,4,5
2024-25,BOU,Bournemouth,5,5
2024-25,BOU,Bournemouth,6,8
2024-25,BOU,Bournemouth,7,8
2024-25,BOU,Bournemouth,8,11
2024-25,BOU,Bournemouth,9,12
2024-25,BOU,Bournemouth,10,15
2024-25,BOU,Bournemouth,11,15
2024-25,BOU,Bournemouth,12,15
2024-25,BOU,Bournemouth,13,18
2024-25,BOU,Bournemouth,14,21
2024-25,BOU,Bournemouth,15,24
2024-25,BOU,Bournemouth,16,25
2024-25,BOU,Bournemouth,17,28
2024-25,BOU,Bournemouth,18,29
2024-25,BOU,Bournemouth,19,30
2024-25,BOU,Bournemouth,20,33
2024-25,BOU,Bournemouth,21,34
2024-25,BOU,Bournemouth,22,37
2024-25,BOU,Bournemouth,23,40
2024-25,BOU,Bournemouth,24,40
2024-25,BOU,Bournemouth,25,43
2024-25,BOU,Bournemouth,26,43
2024-25,BOU,Bournemouth,27,43
2024-25,BOU,Bournemouth,28,44
2024-25,BOU,Bournemouth,29,44
2024-25,BOU,Bournemouth,30,44
2024-25,BOU,Bournemouth,31,45
2024-25,BOU,Bournemouth,32,48
2024-25,BOU,Bournemouth,33,49
2024-25,BOU,Bournemouth,34,50
2024-25,BOU,Bournemouth,35,53
2024-25,BOU,Bournemouth,36,53
2024-25,BOU,Bournemouth,37,53
2024-25,BOU,Bournemouth,38,56
2024-25,BRE,Brentford,1,3
2024-25,BRE,Brentford,2,3
2024-25,BRE,Brentford,3,6
2024-25,BRE,Brentford,4,6
2024-25,BRE,Brentford,5,6
2024-25,BRE,Brentford,6,7
2024-25,BRE,Brentford,7,10
2024-25,BRE,Brentford,8,10
2024-25,BRE,Brentford,9,13
2024-25,BRE,Brentford,10,13
2024-25,BRE,Brentford,11,16
2024-25,BRE,Brentford,12,17
2024-25,BRE,Brentford,13,20
2024-25,BRE,Brentford,14,20
2024-25,BRE,Brentford,15,23
2024-25,BRE,Brentford,16,23
2024-25,BRE,Brentford,17,23
2024-25,BRE,Brentford,18,24
2024-25,BRE,Brentford,19,24
2024-25,BRE,Brentford,20,27
2024-25,BRE,Brentford,21,28
2024-25,BRE,Brentford,22,28
2024-25,BRE,Brentford,23,31
2024-25,BRE,Brentford,24,31
2024-25,BRE,Brentford,25,34
2024-25,BRE,Brentford,26,37
2024-25,BRE,Brentford,27,38
2024-25,BRE,Brentford,28,38
2024-25,BRE,Brentford,29,41
2024-25,BRE,Brentford,30,41
2024-25,BRE,Brentford,31,42
2024-25,BRE,Brentford,32,43
2024-25,BRE,Brentford,33,46
2024-25,BRE,Brentford,34,49
2024-25,BRE,Brentford,35,52
2024-25,BRE,Brentford,36,55
2024-25,BRE,Brentford,37,55
2024-25,BRE,Brentford,38,56
2024-25,CHE,Chelsea,1,0
2024-25,CHE,Chelsea,2,3
2024-25,CHE,Chelsea,3,4
2024-25,CHE,Chelsea,4,7
2024-25,CHE,Chelsea,5,10
2024-25,CHE,Chelsea,6,13
2024-25,CHE,Chelsea,7,14
2024-25,CHE,Chelsea,8,14
2024-25,CHE,Chelsea,9,17
2024-25,CHE,Chelsea,10,18
2024-25,CHE,Chelsea,11,19
2024-25,CHE,Chelsea,12,22
2024-25,CHE,Chelsea,13,25
2024-25,CHE,Chelsea,14,28
2024-25,CHE,Chelsea,15,31
2024-25,CHE,Chelsea,16,34
2024-25,CHE,Chelsea,17,35
2024-25,CHE,Chelsea,18,35
2024-25,CHE,Chelsea,19,35
2024-25,CHE,Chelsea,20,36
2024-25,CHE,Chelsea,21,37
2024-25,CHE,Chelsea,22,40
2024-25,CHE,Chelsea,23,40
2024-25,CHE,Chelsea,24,43
2024-25,CHE,Chelsea,25,43
2024-25,CHE,Chelsea,26,43
2024-25,CHE,Chelsea,27,46
2024-25,CHE,Chelsea,28,49
2024-25,CHE,Chelsea,29,49
2024-25,CHE,Chelsea,30,52
2024-25,CHE,Chelsea,31,53
2024-25,CHE,Chelsea,32,54
2024-25,CHE,Chelsea,33,57
2024-25,CHE,Chelsea,34,60
2024-25,CHE,Chelsea,35,63
2024-25,CHE,Chelsea,36,63
2024-25,CHE,Chelsea,37,66
2024-25,CHE,Chelsea,38,69
2024-25,CRY,Crystal Palace,1,0
2024-25,CRY,Crystal Palace,2,0
2024-25,CRY,Crystal Palace,3,1
2024-25,CRY,Crystal Palace,4,2
2024-25,CRY,Crystal Palace,5,3
2024-25,CRY,Crystal Palace,6,3
2024-25,CRY,Crystal Palace,7,3
2024-25,CRY,Crystal Palace,8,3
2024-25,CRY,Crystal Palace,9,6
2024-25,CRY,Crystal Palace,10,7
2024-25,CRY,Crystal Palace,11,7
2024-25,CRY,Crystal Palace,12,8
2024-25,CRY,Crystal Palace,13,9
2024-25,CRY,Crystal Palace,14,12
2024-25,CRY,Crystal Palace,15,13
2024-25,CRY,Crystal Palace,16,16
2024-25,CRY,Crystal Palace,17,16
2024-25,CRY,Crystal Palace,18,17
2024-25,CRY,Crystal Palace,19,20
2024-25,CRY,Crystal Palace,20,21
2024-25,CRY,Crystal Palace,21,24
2024-25,CRY,Crystal Palace,22,27
2024-25,CRY,Crystal Palace,23,27
2024-25,CRY,Crystal Palace,24,30
2024-25,CRY,Crystal Palace,25,30
2024-25,CRY,Crystal Palace,26,33
2024-25,CRY,Crystal Palace,27,36
2024-25,CRY,Crystal Palace,28,39
2024-25,CRY,Crystal Palace,29,40
2024-25,CRY,Crystal Palace,30,43
2024-25,CRY,Crystal Palace,31,43
2024-25,CRY,Crystal Palace,32,43
2024-25,CRY,Crystal Palace,33,44
2024-25,CRY,Crystal Palace,34,45
2024-25,CRY,Crystal Palace,35,46
2024-25,CRY,Crystal Palace,36,49
2024-25,CRY,Crystal Palace,37,52
2024-25,CRY,Crystal Palace,38,53
2024-25,EVE,Everton,1,0
2024-25,EVE,Everton,2,0
2024-25,EVE,Everton,3,0
2024-25,EVE,Everton,4,0
2024-25,EVE,Everton,5,1
2024-25,EVE,Everton,6,4
2024-25,EVE,Everton,7,5
2024-25,EVE,Everton,8,8
2024-25,EVE,Everton,9,9
2024-25,EVE,Everton,10,9
2024-25,EVE,Everton,11,10
2024-25,EVE,Everton,12,11
2024-25,EVE,Everton,13,11
2024-25,EVE,Everton,14,14
2024-25,EVE,Everton,15,15
2024-25,EVE,Everton,16,16
2024-25,EVE,Everton,17,17
2024-25,EVE,Everton,18,17
2024-25,EVE,Everton,19,17
2024-25,EVE,Everton,20,17
2024-25,EVE,Everton,21,20
2024-25,EVE,Everton,22,23
2024-25,EVE,Everton,23,26
2024-25,EVE,Everton,24,27
2024-25,EVE,Everton,25,30
2024-25,EVE,Everton,26,31
2024-25,EVE,Everton,27,32
2024-25,EVE,Everton,28,33
2024-25,EVE,Everton,29,34
2024-25,EVE,Everton,30,34
2024-25,EVE,Everton,31,35
2024-25,EVE,Everton,32,38
2024-25,EVE,Everton,33,38
2024-25,EVE,Everton,34,38
2024-25,EVE,Everton,35,39
2024-25,EVE,Everton,36,42
2024-25,EVE,Everton,37,45
2024-25,EVE,Everton,38,48
2024-25,FUL,Fulham,1,0
2024-25,FUL,Fulham,2,3
2024-25,FUL,Fulham,3,4
2024-25,FUL,Fulham,4,5
2024-25,FUL,Fulham,5,8
2024-25,FUL,Fulham,6,11
2024-25,FUL,Fulham,7,11
2024-25,FUL,Fulham,8,11
2024-25,FUL,Fulham,9,12
2024-25,FUL,Fulham,10,15
2024-25,FUL,Fulham,11,18
2024-25,FUL,Fulham,12,18
2024-25,FUL,Fulham,13,19
2024-25,FUL,Fulham,14,22
2024-25,FUL,Fulham,15,23
2024-25,FUL,Fulham,16,24
2024-25,FUL,Fulham,17,25
2024-25,FUL,Fulham,18,28
2024-25,FUL,Fulham,19,29
2024-25,FUL,Fulham,20,30
2024-25,FUL,Fulham,21,30
2024-25,FUL,Fulham,22,33
2024-25,FUL,Fulham,23,33
2024-25,FUL,Fulham,24,36
2024-25,FUL,Fulham,25,39
2024-25,FUL,Fulham,26,39
2024-25,FUL,Fulham,27,42
2024-25,FUL,Fulham,28,42
2024-25,FUL,Fulham,29,45
2024-25,FUL,Fulham,30,45
2024-25,FUL,Fulham,31,48
2024-25,FUL,Fulham,32,48
2024-25,FUL,Fulham,33,48
2024-25,FUL,Fulham,34,51
2024-25,FUL,Fulham,35,51
2024-25,FUL,Fulham,36,51
2024-25,FUL,Fulham,37,54
2024-25,FUL,Fulham,38,54
2024-25,IPS,Ipswich Town,1,0
2024-25,IPS,Ipswich Town,2,0
2024-25,IPS,Ipswich Town,3,1
2024-25,IPS,Ipswich Town,4,2
2024-25,IPS,Ipswich Town,5,3
2024-25,IPS,Ipswich Town,6,4
2024-25,IPS,Ipswich Town,7,4
2024-25,IPS,Ipswich Town,8,4
2024-25,IPS,Ipswich Town,9,4
2024-25,IPS,Ipswich Town,10,5
2024-25,IPS,Ipswich Town,11,8
2024-25,IPS,Ipswich Town,12,9
2024-25,IPS,Ipswich Town,13,9
2024-25,IPS,Ipswich Town,14,9
2024-25,IPS,Ipswich Town,15,9
2024-25,IPS,Ipswich Town,16,12
2024-25,IPS,Ipswich Town,17,12
2024-25,IPS,Ipswich Town,18,12
2024-25,IPS,Ipswich Town,19,15
2024-25,IPS,Ipswich Town,20,16
2024-25,IPS,Ipswich Town,21,16
2024-25,IPS,Ipswich Town,22,16
2024-25,IPS,Ipswich Town,23,16
2024-25,IPS,Ipswich Town,24,16
2024-25,IPS,Ipswich Town,25,17
2024-25,IPS,Ipswich Town,26,17
2024-25,IPS,Ipswich Town,27,17
2024-25,IPS,Ipswich Town,28,17
2024-25,IPS,Ipswich Town,29,17
2024-25,IPS,Ipswich Town,30,20
2024-25,IPS,Ipswich Town,31,20
2024-25,IPS,Ipswich Town,32,21
2024-25,IPS,Ipswich Town,33,21
2024-25,IPS,Ipswich Town,34,21
2024-25,IPS,Ipswich Town,35,22
2024-25,IPS,Ipswich Town,36,22
2024-25,IPS,Ipswich Town,37,22
2024-25,IPS,Ipswich Town,38,22
2024-25,LEI,Leicester City,1,1
2024-25,LEI,Leicester City,2,1
2024-25,LEI,Leicester City,3,1
2024-25,LEI,Leicester City,4,2
2024-25,LEI,Leicester City,5,3
2024-25,LEI,Leicester City,6,3
2024-25,LEI,Leicester City,7,6
2024-25,LEI,Leicester City,8,9
2024-25,LEI,Leicester City,9,9
2024-25,LEI,Leicester City,10,10
2024-25,LEI,Leicester City,11,10
2024-25,LEI,Leicester City,12,10
2024-25,LEI,Leicester City,13,10
2024-25,LEI,Leicester City,14,13
2024-25,LEI,Leicester City,15,14
2024-25,LEI,Leicester City,16,14
2024-25,LEI,Leicester City,17,14
2024-25,LEI,Leicester City,18,14
2024-25,LEI,Leicester City,19,14
2024-25,LEI,Leicester City,20,14
2024-25,LEI,Leicester City,21,14
2024-25,LEI,Leicester City,22,14
2024-25,LEI,Leicester City,23,17
2024-25,LEI,Leicester City,24,17
2024-25,LEI,Leicester City,25,17
2024-25,LEI,Leicester City,26,17
2024-25,LEI,Leicester City,27,17
2024-25,LEI,Leicester City,28,17
2024-25,LEI,Leicester City,29,17
2024-25,LEI,Leicester City,30,17
2024-25,LEI,Leicester City,31,17
2024-25,LEI,Leicester City,32,18
2024-25,LEI,Leicester City,33,18
2024-25,LEI,Leicester City,34,18
2024-25,LEI,Leicester City,35,21
2024-25,LEI,Leicester City,36,22
2024-25,LEI,Leicester City,37,25
2024-25,LEI,Leicester City,38,25
2024-25,LIV,Liverpool,1,3
2024-25,LIV,Liverpool,2,6
2024-25,LIV,Liverpool,3,9
2024-25,LIV,Liverpool,4,9
2024-25,LIV,Liverpool,5,12
2024-25,LIV,Liverpool,6,15
2024-25,LIV,Liverpool,7,18
2024-25,LIV,Liverpool,8,21
2024-25,LIV,Liverpool,9,22
2024-25,LIV,Liverpool,10,25
2024-25,LIV,Liverpool,11,28
2024-25,LIV,Liverpool,12,31
2024-25,LIV,Liverpool,13,34
2024-25,LIV,Liverpool,14,35
2024-25,LIV,Liverpool,15,36
2024-25,LIV,Liverpool,16,39
2024-25,LIV,Liverpool,17,42
2024-25,LIV,Liverpool,18,45
2024-25,LIV,Liverpool,19,46
2024-25,LIV,Liverpool,20,47
2024-25,LIV,Liverpool,21,50
2024-25,LIV,Liverpool,22,53
2024-25,LIV,Liverpool,23,56
2024-25,LIV,Liverpool,24,57
2024-25,LIV,Liverpool,25,60
2024-25,LIV,Liverpool,26,61
2024-25,LIV,Liverpool,27,64
2024-25,LIV,Liverpool,28,67
2024-25,LIV,Liverpool,29,70
2024-25,LIV,Liverpool,30,73
2024-25,LIV,Liverpool,31,73
2024-25,LIV,Liverpool,32,76
2024-25,LIV,Liverpool,33,79
2024-25,LIV,Liverpool,34,82
2024-25,LIV,Liverpool,35,82
2024-25,LIV,Liverpool,36,83
2024-25,LIV,Liverpool,37,83
2024-25,LIV,Liverpool,38,84
2024-25,MCI,Manchester City,1,3
2024-25,MCI,Manchester City,2,6
2024-25,MCI,Manchester City,3,9
2024-25,MCI,Manchester City,4,12
2024-25,MCI,Manchester City,5,13
2024-25,MCI,Manchester City,6,14
2024-25,MCI,Manchester City,7,17
2024-25,MCI,Manchester City,8,20
2024-25,MCI,Manchester City,9,23
2024-25,MCI,Manchester City,10,23
2024-25,MCI,Manchester City,11,23
2024-25,MCI,Manchester City,12,23
2024-25,MCI,Manchester City,13,23
2024-25,MCI,Manchester City,14,26
2024-25,MCI,Manchester City,15,27
2024-25,MCI,Manchester City,16,27
2024-25,MCI,Manchester City,17,27
2024-25,MCI,Manchester City,18,28
2024-25,MCI,Manchester City,19,31
2024-25,MCI,Manchester City,20,34
2024-25,MCI,Manchester City,21,35
2024-25,MCI,Manchester City,22,38
2024-25,MCI,Manchester City,23,41
2024-25,MCI,Manchester City,24,41
2024-25,MCI,Manchester City,25,44
2024-25,MCI,Manchester City,26,44
2024-25,MCI,Manchester City,27,47
2024-25,MCI,Manchester City,28,47
2024-25,MCI,Manchester City,29,48
2024-25,MCI,Manchester City,30,51
2024-25,MCI,Manchester City,31,52
2024-25,MCI,Manchester City,32,55
2024-25,MCI,Manchester City,33,58
2024-25,MCI,Manchester City,34,61
2024-25,MCI,Manchester City,35,64
2024-25,MCI,Manchester City,36,65
2024-25,MCI,Manchester City,37,68
2024-25,MCI,Manchester City,38,71
2024-25,MUN,Manchester United,1,3
2024-25,MUN,Manchester United,2,3
2024-25,MUN,Manchester United,3,3
2024-25,MUN,Manchester United,4,6
2024-25,MUN,Manchester United,5,7
2024-25,MUN,Manchester United,6,7
2024-25,MUN,Manchester United,7,8
2024-25,MUN,Manchester United,8,11
2024-25,MUN,Manchester United,9,11
2024-25,MUN,Manchester United,10,12
2024-25,MUN,Manchester United,11,15
2024-25,MUN,Manchester United,12,16
2024-25,MUN,Manchester United,13,19
2024-25,MUN,Manchester United,14,19
2024-25,MUN,Manchester United,15,19
2024-25,MUN,Manchester United,16,22
2024-25,MUN,Manchester United,17,22
2024-25,MUN,Manchester United,18,22
2024-25,MUN,Manchester United,19,22
2024-25,MUN,Manchester United,20,23
2024-25,MUN,Manchester United,21,26
2024-25,MUN,Manchester United,22,26
2024-25,MUN,Manchester United,23,29
2024-25,MUN,Manchester United,24,29
2024-25,MUN,Manchester United,25,29
2024-25,MUN,Manchester United,26,30
2024-25,MUN,Manchester United,27,33
2024-25,MUN,Manchester United,28,34
2024-25,MUN,Manchester United,29,37
2024-25,MUN,Manchester United,30,37
2024-25,MUN,Manchester United,31,38
2024-25,MUN,Manchester United,32,38
2024-25,MUN,Manchester United,33,38
2024-25,MUN,Manchester United,34,39
2024-25,MUN,Manchester United,35,39
2024-25,MUN,Manchester United,36,39
2024-25,MUN,Manchester United,37,39
2024-25,MUN,Manchester United,38,42
2024-25,NEW,Newcastle United,1,3
2024-25,NEW,Newcastle United,2,4
2024-25,NEW,Newcastle United,3,7
2024-25,NEW,Newcastle United,4,10
2024-25,NEW,Newcastle United,5,10
2024-25,NEW,Newcastle United,6,11
2024-25,NEW,Newcastle United,7,12
2024-25,NEW,Newcastle United,8,12
2024-25,NEW,Newcastle United,9,12
2024-25,NEW,Newcastle United,10,15
2024-25,NEW,Newcastle United,11,18
2024-25,NEW,Newcastle United,12,18
2024-25,NEW,Newcastle United,13,19
2024-25,NEW,Newcastle United,14,20
2024-25,NEW,Newcastle United,15,20
2024-25,NEW,Newcastle United,16,23
2024-25,NEW,Newcastle United,17,26
2024-25,NEW,Newcastle United,18,29
2024-25,NEW,Newcastle United,19,32
2024-25,NEW,Newcastle United,20,35
2024-25,NEW,Newcastle United,21,38
2024-25,NEW,Newcastle United,22,38
2024-25,NEW,Newcastle United,23,41
2024-25,NEW,Newcastle United,24,41
2024-25,NEW,Newcastle United,25,41
2024-25,NEW,Newcastle United,26,44
2024-25,NEW,Newcastle United,27,44
2024-25,NEW,Newcastle United,28,47
2024-25,NEW,Newcastle United,29,50
2024-25,NEW,Newcastle United,30,53
2024-25,NEW,Newcastle United,31,56
2024-25,NEW,Newcastle United,32,59
2024-25,NEW,Newcastle United,33,59
2024-25,NEW,Newcastle United,34,62
2024-25,NEW,Newcastle United,35,63
2024-25,NEW,Newcastle United,36,66
2024-25,NEW,Newcastle United,37,66
2024-25,NEW,Newcastle United,38,66
2024-25,NFO,Nottingham Forest,1,1
2024-25,NFO,Nottingham Forest,2,4
2024-25,NFO,Nottingham Forest,3,5
2024-25,NFO,Nottingham Forest,4,8
2024-25,NFO,Nottingham Forest,5,9
2024-25,NFO,Nottingham Forest,6,9
2024-25,NFO,Nottingham Forest,7,10
2024-25,NFO,Nottingham Forest,8,13
2024-25,NFO,Nottingham Forest,9,16
2024-25,NFO,Nottingham Forest,10,19
2024-25,NFO,Nottingham Forest,11,19
2024-25,NFO,Nottingham Forest,12,19
2024-25,NFO,Nottingham Forest,13,22
2024-25,NFO,Nottingham Forest,14,22
2024-25,NFO,Nottingham Forest,15,25
2024-25,NFO,Nottingham Forest,16,28
2024-25,NFO,Nottingham Forest,17,31
2024-25,NFO,Nottingham Forest,18,34
2024-25,NFO,Nottingham Forest,19,37
2024-25,NFO,Nottingham Forest,20,40
2024-25,NFO,Nottingham Forest,21,41
2024-25,NFO,Nottingham Forest,22,44
2024-25,NFO,Nottingham Forest,23,44
2024-25,NFO,Nottingham Forest,24,47
2024-25,NFO,Nottingham Forest,25,47
2024-25,NFO,Nottingham Forest,26,47
2024-25,NFO,Nottingham Forest,27,48
2024-25,NFO,Nottingham Forest,28,51
2024-25,NFO,Nottingham Forest,29,54
2024-25,NFO,Nottingham Forest,30,57
2024-25,NFO,Nottingham Forest,31,57
2024-25,NFO,Nottingham Forest,32,57
2024-25,NFO,Nottingham Forest,33,60
2024-25,NFO,Nottingham Forest,34,60
2024-25,NFO,Nottingham Forest,35,61
2024-25,NFO,Nottingham Forest,36,62
2024-25,NFO,Nottingham Forest,37,65
2024-25,NFO,Nottingham Forest,38,65
2024-25,SOU,Southampton,1,0
2024-25,SOU,Southampton,2,0
2024-25,SOU,Southampton,3,0
2024-25,SOU,Southampton,4,0
2024-25,SOU,Southampton,5,1
2024-25,SOU,Southampton,6,1
2024-25,SOU,Southampton,7,1
2024-25,SOU,Southampton,8,1
2024-25,SOU,Southampton,9,1
2024-25,SOU,Southampton,10,4
2024-25,SOU,Southampton,11,4
2024-25,SOU,Southampton,12,4
2024-25,SOU,Southampton,13,5
2024-25,SOU,Southampton,14,5
2024-25,SOU,Southampton,15,5
2024-25,SOU,Southampton,16,5
2024-25,SOU,Southampton,17,6
2024-25,SOU,Southampton,18,6
2024-25,SOU,Southampton,19,6
2024-25,SOU,Southampton,20,6
2024-25,SOU,Southampton,21,6
2024-25,SOU,Southampton,22,6
2024-25,SOU,Southampton,23,6
2024-25,SOU,Southampton,24,9
2024-25,SOU,Southampton,25,9
2024-25,SOU,Southampton,26,9
2024-25,SOU,Southampton,27,9
2024-25,SOU,Southampton,28,9
2024-25,SOU,Southampton,29,9
2024-25,SOU,Southampton,30,10
2024-25,SOU,Southampton,31,10
2024-25,SOU,Southampton,32,10
2024-25,SOU,Southampton,33,11
2024-25,SOU,Southampton,34,11
2024-25,SOU,Southampton,35,11
2024-25,SOU,Southampton,36,12
2024-25,SOU,Southampton,37,12
2024-25,SOU,Southampton,38,12
2024-25,TOT,Tottenham Hotspur,1,1
2024-25,TOT,Tottenham Hotspur,2,4
2024-25,TOT,Tottenham Hotspur,3,4
2024-25,TOT,Tottenham Hotspur,4,4
2024-25,TOT,Tottenham Hotspur,5,7
2024-25,TOT,Tottenham Hotspur,6,10
2024-25,TOT,Tottenham Hotspur,7,10
2024-25,TOT,Tottenham Hotspur,8,13
2024-25,TOT,Tottenham Hotspur,9,13
2024-25,TOT,Tottenham Hotspur,10,16
2024-25,TOT,Tottenham Hotspur,11,16
2024-25,TOT,Tottenham Hotspur,12,19
2024-25,TOT,Tottenham Hotspur,13,20
2024-25,TOT,Tottenham Hotspur,14,20
2024-25,TOT,Tottenham Hotspur,15,20
2024-25,TOT,Tottenham Hotspur,16,23
2024-25,TOT,Tottenham Hotspur,17,23
2024-25,TOT,Tottenham Hotspur,18,23
2024-25,TOT,Tottenham Hotspur,19,24
2024-25,TOT,Tottenham Hotspur,20,24
2024-25,TOT,Tottenham Hotspur,21,24
2024-25,TOT,Tottenham Hotspur,22,24
2024-25,TOT,Tottenham Hotspur,23,24
2024-25,TOT,Tottenham Hotspur,24,27
2024-25,TOT,Tottenham Hotspur,25,30
2024-25,TOT,Tottenham Hotspur,26,33
2024-25,TOT,Tottenham Hotspur,27,33
2024-25,TOT,Tottenham Hotspur,28,34
2024-25,TOT,Tottenham Hotspur,29,34
2024-25,TOT,Tottenham Hotspur,30,34
2024-25,TOT,Tottenham Hotspur,31,37
2024-25,TOT,Tottenham Hotspur,32,37
2024-25,TOT,Tottenham Hotspur,33,37
2024-25,TOT,Tottenham Hotspur,34,37
2024-25,TOT,Tottenham Hotspur,35,38
2024-25,TOT,Tottenham Hotspur,36,38
2024-25,TOT,Tottenham Hotspur,37,38
2024-25,TOT,Tottenham Hotspur,38,38
2024-25,WHU,West Ham United,1,0
2024-25,WHU,West Ham United,2,3
2024-25,WHU,West Ham United,3,3
2024-25,WHU,West Ham United,4,4
2024-25,WHU,West Ham United,5,4
2024-25,WHU,West Ham United,6,5
2024-25,WHU,West Ham United,7,8
2024-25,WHU,West Ham United,8,8
2024-25,WHU,West Ham United,9,11
2024-25,WHU,West Ham United,10,11
2024-25,WHU,West Ham United,11,12
2024-25,WHU,West Ham United,12,15
2024-25,WHU,West Ham United,13,15
2024-25,WHU,West Ham United,14,15
2024-25,WHU,West Ham United,15,18
2024-25,WHU,West Ham United,16,19
2024-25,WHU,West Ham United,17,20
2024-25,WHU,West Ham United,18,23
2024-25,WHU,West Ham United,19,23
2024-25,WHU,West Ham United,20,23
2024-25,WHU,West Ham United,21,26
2024-25,WHU,West Ham United,22,26
2024-25,WHU,West Ham United,23,27
2024-25,WHU,West Ham United,24,27
2024-25,WHU,West Ham United,25,27
2024-25,WHU,West Ham United,26,30
2024-25,WHU,West Ham United,27,33
2024-25,WHU,West Ham United,28,33
2024-25,WHU,West Ham United,29,34
2024-25,WHU,West Ham United,30,34
2024-25,WHU,West Ham United,31,35
2024-25,WHU,West Ham United,32,35
2024-25,WHU,West Ham United,33,36
2024-25,WHU,West Ham United,34,36
2024-25,WHU,West Ham United,35,37
2024-25,WHU,West Ham United,36,40
2024-25,WHU,West Ham United,37,40
2024-25,WHU,West Ham United,38,43
2024-25,WOL,Wolverhampton Wanderers,1,0
2024-25,WOL,Wolverhampton Wanderers,2,0
2024-25,WOL,Wolverhampton Wanderers,3,1
2024-25,WOL,Wolverhampton Wanderers,4,1
2024-25,WOL,Wolverhampton Wanderers,5,1
2024-25,WOL,Wolverhampton Wanderers,6,1
2024-25,WOL,Wolverhampton Wanderers,7,1
2024-25,WOL,Wolverhampton Wanderers,8,1
2024-25,WOL,Wolverhampton Wanderers,9,2
2024-25,WOL,Wolverhampton Wanderers,10,3
2024-25,WOL,Wolverhampton Wanderers,11,6
2024-25,WOL,Wolverhampton Wanderers,12,9
2024-25,WOL,Wolverhampton Wanderers,13,9
2024-25,WOL,Wolverhampton Wanderers,14,9
2024-25,WOL,Wolverhampton Wanderers,15,9
2024-25,WOL,Wolverhampton Wanderers,16,9
2024-25,WOL,Wolverhampton Wanderers,17,12
2024-25,WOL,Wolverhampton Wanderers,18,15
2024-25,WOL,Wolverhampton Wanderers,19,16
2024-25,WOL,Wolverhampton Wanderers,20,16
2024-25,WOL,Wolverhampton Wanderers,21,16
2024-25,WOL,Wolverhampton Wanderers,22,16
2024-25,WOL,Wolverhampton Wanderers,23,16
2024-25,WOL,Wolverhampton Wanderers,24,19
2024-25,WOL,Wolverhampton Wanderers,25,19
2024-25,WOL,Wolverhampton Wanderers,26,22
2024-25,WOL,Wolverhampton Wanderers,27,22
2024-25,WOL,Wolverhampton Wanderers,28,23
2024-25,WOL,Wolverhampton Wanderers,29,26
2024-25,WOL,Wolverhampton Wanderers,30,29
2024-25,WOL,Wolverhampton Wanderers,31,32
2024-25,WOL,Wolverhampton Wanderers,32,35
2024-25,WOL,Wolverhampton Wanderers,33,38
2024-25,WOL,Wolverhampton Wanderers,34,41
2024-25,WOL,Wolverhampton Wanderers,35,41
2024-25,WOL,Wolverhampton Wanderers,36,41
2024-25,WOL,Wolverhampton Wanderers,37,41
2024-25,WOL,Wolverhampton Wanderers,38,42
2025-26,ARS,Arsenal,1,3
2025-26,ARS,Arsenal,2,6
2025-26,ARS,Arsenal,3,6
2025-26,ARS,Arsenal,4,9
2025-26,ARS,Arsenal,5,10
2025-26,ARS,Arsenal,6,13
2025-26,ARS,Arsenal,7,16
2025-26,ARS,Arsenal,8,19
2025-26,ARS,Arsenal,9,22
2025-26,ARS,Arsenal,10,25
2025-26,ARS,Arsenal,11,26
2025-26,ARS,Arsenal,12,29
2025-26,ARS,Arsenal,13,30
2025-26,ARS,Arsenal,14,33
2025-26,ARS,Arsenal,15,33
2025-26,ARS,Arsenal,16,36
2025-26,ARS,Arsenal,17,39
2025-26,ARS,Arsenal,18,42
2025-26,ARS,Arsenal,19,45
2025-26,ARS,Arsenal,20,48
2025-26,ARS,Arsenal,21,49
2025-26,ARS,Arsenal,22,50
2025-26,ARS,Arsenal,23,50
2025-26,ARS,Arsenal,24,53
2025-26,ARS,Arsenal,25,56
2025-26,ARS,Arsenal,26,57
2025-26,ARS,Arsenal,27,58
2025-26,ARS,Arsenal,28,61
2025-26,ARS,Arsenal,29,64
2025-26,ARS,Arsenal,30,67
2025-26,ARS,Arsenal,31,70
2025-26,ARS,Arsenal,32,70
2025-26,ARS,Arsenal,33,70
2025-26,ARS,Arsenal,34,73
2025-26,ARS,Arsenal,35,76
2025-26,ARS,Arsenal,36,79
2025-26,ARS,Arsenal,37,82
2025-26,ARS,Arsenal,38,85
2025-26,AVL,Aston Villa,1,1
2025-26,AVL,Aston Villa,2,1
2025-26,AVL,Aston Villa,3,1
2025-26,AVL,Aston Villa,4,2
2025-26,AVL,Aston Villa,5,3
2025-26,AVL,Aston Villa,6,6
2025-26,AVL,Aston Villa,7,9
2025-26,AVL,Aston Villa,8,12
2025-26,AVL,Aston Villa,9,15
2025-26,AVL,Aston Villa,10,15
2025-26,AVL,Aston Villa,11,18
2025-26,AVL,Aston Villa,12,21
2025-26,AVL,Aston Villa,13,24
2025-26,AVL,Aston Villa,14,27
2025-26,AVL,Aston Villa,15,30
2025-26,AVL,Aston Villa,16,33
2025-26,AVL,Aston Villa,17,36
2025-26,AVL,Aston Villa,18,39
2025-26,AVL,Aston Villa,19,39
2025-26,AVL,Aston Villa,20,42
2025-26,AVL,Aston Villa,21,43
2025-26,AVL,Aston Villa,22,43
2025-26,AVL,Aston Villa,23,46
2025-26,AVL,Aston Villa,24,46
2025-26,AVL,Aston Villa,25,47
2025-26,AVL,Aston Villa,26,50
2025-26,AVL,Aston Villa,27,51
2025-26,AVL,Aston Villa,28,51
2025-26,AVL,Aston Villa,29,51
2025-26,AVL,Aston Villa,30,51
2025-26,AVL,Aston Villa,31,54
2025-26,AVL,Aston Villa,32,55
2025-26,AVL,Aston Villa,33,58
2025-26,AVL,Aston Villa,34,58
2025-26,AVL,Aston Villa,35,58
2025-26,AVL,Aston Villa,36,59
2025-26,AVL,Aston Villa,37,62
2025-26,AVL,Aston Villa,38,65
2025-26,BHA,Brighton and Hove Albion,1,1
2025-26,BHA,Brighton and Hove Albion,2,1
2025-26,BHA,Brighton and Hove Albion,3,4
2025-26,BHA,Brighton and Hove Albion,4,4
2025-26,BHA,Brighton and Hove Albion,5,5
2025-26,BHA,Brighton and Hove Albion,6,8
2025-26,BHA,Brighton and Hove Albion,7,9
2025-26,BHA,Brighton and Hove Albion,8,12
2025-26,BHA,Brighton and Hove Albion,9,12
2025-26,BHA,Brighton and Hove Albion,10,15
2025-26,BHA,Brighton and Hove Albion,11,16
2025-26,BHA,Brighton and Hove Albion,12,19
2025-26,BHA,Brighton and Hove Albion,13,22
2025-26,BHA,Brighton and Hove Albion,14,22
2025-26,BHA,Brighton and Hove Albion,15,23
2025-26,BHA,Brighton and Hove Albion,16,23
2025-26,BHA,Brighton and Hove Albion,17,24
2025-26,BHA,Brighton and Hove Albion,18,24
2025-26,BHA,Brighton and Hove Albion,19,25
2025-26,BHA,Brighton and Hove Albion,20,28
2025-26,BHA,Brighton and Hove Albion,21,29
2025-26,BHA,Brighton and Hove Albion,22,30
2025-26,BHA,Brighton and Hove Albion,23,30
2025-26,BHA,Brighton and Hove Albion,24,31
2025-26,BHA,Brighton and Hove Albion,25,31
2025-26,BHA,Brighton and Hove Albion,26,31
2025-26,BHA,Brighton and Hove Albion,27,34
2025-26,BHA,Brighton and Hove Albion,28,37
2025-26,BHA,Brighton and Hove Albion,29,37
2025-26,BHA,Brighton and Hove Albion,30,40
2025-26,BHA,Brighton and Hove Albion,31,43
2025-26,BHA,Brighton and Hove Albion,32,46
2025-26,BHA,Brighton and Hove Albion,33,47
2025-26,BHA,Brighton and Hove Albion,34,50
2025-26,BHA,Brighton and Hove Albion,35,50
2025-26,BHA,Brighton and Hove Albion,36,53
2025-26,BHA,Brighton and Hove Albion,37,53
2025-26,BHA,Brighton and Hove Albion,38,53
2025-26,BOU,Bournemouth,1,0
2025-26,BOU,Bournemouth,2,3
2025-26,BOU,Bournemouth,3,6
2025-26,BOU,Bournemouth,4,9
2025-26,BOU,Bournemouth,5,10
2025-26,BOU,Bournemouth,6,11
2025-26,BOU,Bournemouth,7,14
2025-26,BOU,Bournemouth,8,15
2025-26,BOU,Bournemouth,9,18
2025-26,BOU,Bournemouth,10,18
2025-26,BOU,Bournemouth,11,18
2025-26,BOU,Bournemouth,12,19
2025-26,BOU,Bournemouth,13,19
2025-26,BOU,Bournemouth,14,19
2025-26,BOU,Bournemouth,15,20
2025-26,BOU,Bournemouth,16,21
2025-26,BOU,Bournemouth,17,22
2025-26,BOU,Bournemouth,18,22
2025-26,BOU,Bournemouth,19,23
2025-26,BOU,Bournemouth,20,23
2025-26,BOU,Bournemouth,21,26
2025-26,BOU,Bournemouth,22,27
2025-26,BOU,Bournemouth,23,30
2025-26,BOU,Bournemouth,24,33
2025-26,BOU,Bournemouth,25,34
2025-26,BOU,Bournemouth,26,37
2025-26,BOU,Bournemouth,27,38
2025-26,BOU,Bournemouth,28,39
2025-26,BOU,Bournemouth,29,40
2025-26,BOU,Bournemouth,30,41
2025-26,BOU,Bournemouth,31,42
2025-26,BOU,Bournemouth,32,45
2025-26,BOU,Bournemouth,33,48
2025-26,BOU,Bournemouth,34,49
2025-26,BOU,Bournemouth,35,52
2025-26,BOU,Bournemouth,36,55
2025-26,BOU,Bournemouth,37,56
2025-26,BOU,Bournemouth,38,57
2025-26,BRE,Brentford,1,0
2025-26,BRE,Brentford,2,3
2025-26,BRE,Brentford,3,3
2025-26,BRE,Brentford,4,4
2025-26,BRE,Brentford,5,4
2025-26,BRE,Brentford,6,7
2025-26,BRE,Brentford,7,7
2025-26,BRE,Brentford,8,10
2025-26,BRE,Brentford,9,13
2025-26,BRE,Brentford,10,13
2025-26,BRE,Brentford,11,16
2025-26,BRE,Brentford,12,16
2025-26,BRE,Brentford,13,19
2025-26,BRE,Brentford,14,19
2025-26,BRE,Brentford,15,19
2025-26,BRE,Brentford,16,20
2025-26,BRE,Brentford,17,23
2025-26,BRE,Brentford,18,26
2025-26,BRE,Brentford,19,27
2025-26,BRE,Brentford,20,30
2025-26,BRE,Brentford,21,33
2025-26,BRE,Brentford,22,33
2025-26,BRE,Brentford,23,33
2025-26,BRE,Brentford,24,36
2025-26,BRE,Brentford,25,39
2025-26,BRE,Brentford,26,40
2025-26,BRE,Brentford,27,40
2025-26,BRE,Brentford,28,43
2025-26,BRE,Brentford,29,44
2025-26,BRE,Brentford,30,45
2025-26,BRE,Brentford,31,46
2025-26,BRE,Brentford,32,47
2025-26,BRE,Brentford,33,48
2025-26,BRE,Brentford,34,48
2025-26,BRE,Brentford,35,51
2025-26,BRE,Brentford,36,51
2025-26,BRE,Brentford,37,52
2025-26,BRE,Brentford,38,53
2025-26,BUR,Burnley,1,0
2025-26,BUR,Burnley,2,3
2025-26,BUR,Burnley,3,3
2025-26,BUR,Burnley,4,3
2025-26,BUR,Burnley,5,4
2025-26,BUR,Burnley,6,4
2025-26,BUR,Burnley,7,4
2025-26,BUR,Burnley,8,7
2025-26,BUR,Burnley,9,10
2025-26,BUR,Burnley,10,10
2025-26,BUR,Burnley,11,10
2025-26,BUR,Burnley,12,10
2025-26,BUR,Burnley,13,10
2025-26,BUR,Burnley,14,10
2025-26,BUR,Burnley,15,10
2025-26,BUR,Burnley,16,10
2025-26,BUR,Burnley,17,11
2025-26,BUR,Burnley,18,12
2025-26,BUR,Burnley,19,12
2025-26,BUR,Burnley,20,12
2025-26,BUR,Burnley,21,13
2025-26,BUR,Burnley,22,14
2025-26,BUR,Burnley,23,15
2025-26,BUR,Burnley,24,15
2025-26,BUR,Burnley,25,15
2025-26,BUR,Burnley,26,18
2025-26,BUR,Burnley,27,19
2025-26,BUR,Burnley,28,19
2025-26,BUR,Burnley,29,19
2025-26,BUR,Burnley,30,20
2025-26,BUR,Burnley,31,20
2025-26,BUR,Burnley,32,20
2025-26,BUR,Burnley,33,20
2025-26,BUR,Burnley,34,20
2025-26,BUR,Burnley,35,20
2025-26,BUR,Burnley,36,21
2025-26,BUR,Burnley,37,21
2025-26,BUR,Burnley,38,22
2025-26,CHE,Chelsea,1,1
2025-26,CHE,Chelsea,2,4
2025-26,CHE,Chelsea,3,7
2025-26,CHE,Chelsea,4,8
2025-26,CHE,Chelsea,5,8
2025-26,CHE,Chelsea,6,8
2025-26,CHE,Chelsea,7,11
2025-26,CHE,Chelsea,8,14
2025-26,CHE,Chelsea,9,14
2025-26,CHE,Chelsea,10,17
2025-26,CHE,Chelsea,11,20
2025-26,CHE,Chelsea,12,23
2025-26,CHE,Chelsea,13,24
2025-26,CHE,Chelsea,14,24
2025-26,CHE,Chelsea,15,25
2025-26,CHE,Chelsea,16,28
2025-26,CHE,Chelsea,17,29
2025-26,CHE,Chelsea,18,29
2025-26,CHE,Chelsea,19,30
2025-26,CHE,Chelsea,20,31
2025-26,CHE,Chelsea,21,31
2025-26,CHE,Chelsea,22,34
2025-26,CHE,Chelsea,23,37
2025-26,CHE,Chelsea,24,40
2025-26,CHE,Chelsea,25,43
2025-26,CHE,Chelsea,26,44
2025-26,CHE,Chelsea,27,45
2025-26,CHE,Chelsea,28,45
2025-26,CHE,Chelsea,29,48
2025-26,CHE,Chelsea,30,48
2025-26,CHE,Chelsea,31,48
2025-26,CHE,Chelsea,32,48
2025-26,CHE,Chelsea,33,48
2025-26,CHE,Chelsea,34,48
2025-26,CHE,Chelsea,35,48
2025-26,CHE,Chelsea,36,49
2025-26,CHE,Chelsea,37,52
2025-26,CHE,Chelsea,38,52
2025-26,CRY,Crystal Palace,1,1
2025-26,CRY,Crystal Palace,2,2
2025-26,CRY,Crystal Palace,3,5
2025-26,CRY,Crystal Palace,4,6
2025-26,CRY,Crystal Palace,5,9
2025-26,CRY,Crystal Palace,6,12
2025-26,CRY,Crystal Palace,7,12
2025-26,CRY,Crystal Palace,8,13
2025-26,CRY,Crystal Palace,9,13
2025-26,CRY,Crystal Palace,10,16
2025-26,CRY,Crystal Palace,11,17
2025-26,CRY,Crystal Palace,12,20
2025-26,CRY,Crystal Palace,13,20
2025-26,CRY,Crystal Palace,14,23
2025-26,CRY,Crystal Palace,15,26
2025-26,CRY,Crystal Palace,16,26
2025-26,CRY,Crystal Palace,17,26
2025-26,CRY,Crystal Palace,18,26
2025-26,CRY,Crystal Palace,19,27
2025-26,CRY,Crystal Palace,20,27
2025-26,CRY,Crystal Palace,21,28
2025-26,CRY,Crystal Palace,22,28
2025-26,CRY,Crystal Palace,23,28
2025-26,CRY,Crystal Palace,24,29
2025-26,CRY,Crystal Palace,25,32
2025-26,CRY,Crystal Palace,26,32
2025-26,CRY,Crystal Palace,27,35
2025-26,CRY,Crystal Palace,28,35
2025-26,CRY,Crystal Palace,29,38
2025-26,CRY,Crystal Palace,30,39
2025-26,CRY,Crystal Palace,31,42
2025-26,CRY,Crystal Palace,32,43
2025-26,CRY,Crystal Palace,33,43
2025-26,CRY,Crystal Palace,34,43
2025-26,CRY,Crystal Palace,35,44
2025-26,CRY,Crystal Palace,36,44
2025-26,CRY,Crystal Palace,37,45
2025-26,CRY,Crystal Palace,38,45
2025-26,EVE,Everton,1,0
2025-26,EVE,Everton,2,3
2025-26,EVE,Everton,3,6
2025-26,EVE,Everton,4,7
2025-26,EVE,Everton,5,7
2025-26,EVE,Everton,6,8
2025-26,EVE,Everton,7,11
2025-26,EVE,Everton,8,11
2025-26,EVE,Everton,9,11
2025-26,EVE,Everton,10,12
2025-26,EVE,Everton,11,15
2025-26,EVE,Everton,12,18
2025-26,EVE,Everton,13,18
2025-26,EVE,Everton,14,21
2025-26,EVE,Everton,15,24
2025-26,EVE,Everton,16,24
2025-26,EVE,Everton,17,24
2025-26,EVE,Everton,18,25
2025-26,EVE,Everton,19,28
2025-26,EVE,Everton,20,28
2025-26,EVE,Everton,21,29
2025-26,EVE,Everton,22,32
2025-26,EVE,Everton,23,33
2025-26,EVE,Everton,24,34
2025-26,EVE,Everton,25,37
2025-26,EVE,Everton,26,37
2025-26,EVE,Everton,27,37
2025-26,EVE,Everton,28,40
2025-26,EVE,Everton,29,43
2025-26,EVE,Everton,30,43
2025-26,EVE,Everton,31,46
2025-26,EVE,Everton,32,47
2025-26,EVE,Everton,33,47
2025-26,EVE,Everton,34,47
2025-26,EVE,Everton,35,48
2025-26,EVE,Everton,36,49
2025-26,EVE,Everton,37,49
2025-26,EVE,Everton,38,49
2025-26,FUL,Fulham,1,1
2025-26,FUL,Fulham,2,2
2025-26,FUL,Fulham,3,2
2025-26,FUL,Fulham,4,5
2025-26,FUL,Fulham,5,8
2025-26,FUL,Fulham,6,8
2025-26,FUL,Fulham,7,8
2025-26,FUL,Fulham,8,8
2025-26,FUL,Fulham,9,8
2025-26,FUL,Fulham,10,11
2025-26,FUL,Fulham,11,11
2025-26,FUL,Fulham,12,14
2025-26,FUL,Fulham,13,17
2025-26,FUL,Fulham,14,17
2025-26,FUL,Fulham,15,17
2025-26,FUL,Fulham,16,20
2025-26,FUL,Fulham,17,23
2025-26,FUL,Fulham,18,26
2025-26,FUL,Fulham,19,27
2025-26,FUL,Fulham,20,28
2025-26,FUL,Fulham,21,31
2025-26,FUL,Fulham,22,31
2025-26,FUL,Fulham,23,34
2025-26,FUL,Fulham,24,34
2025-26,FUL,Fulham,25,34
2025-26,FUL,Fulham,26,34
2025-26,FUL,Fulham,27,37
2025-26,FUL,Fulham,28,40
2025-26,FUL,Fulham,29,40
2025-26,FUL,Fulham,30,41
2025-26,FUL,Fulham,31,44
2025-26,FUL,Fulham,32,44
2025-26,FUL,Fulham,33,45
2025-26,FUL,Fulham,34,48
2025-26,FUL,Fulham,35,48
2025-26,FUL,Fulham,36,48
2025-26,FUL,Fulham,37,49
2025-26,FUL,Fulham,38,52
2025-26,LEE,Leeds United,1,3
2025-26,LEE,Leeds United,2,3
2025-26,LEE,Leeds United,3,4
2025-26,LEE,Leeds United,4,4
2025-26,LEE,Leeds United,5,7
2025-26,LEE,Leeds United,6,8
2025-26,LEE,Leeds United,7,8
2025-26,LEE,Leeds United,8,8
2025-26,LEE,Leeds United,9,11
2025-26,LEE,Leeds United,10,11
2025-26,LEE,Leeds United,11,11
2025-26,LEE,Leeds United,12,11
2025-26,LEE,Leeds United,13,11
2025-26,LEE,Leeds United,14,14
2025-26,LEE,Leeds United,15,15
2025-26,LEE,Leeds United,16,16
2025-26,LEE,Leeds United,17,19
2025-26,LEE,Leeds United,18,20
2025-26,LEE,Leeds United,19,21
2025-26,LEE,Leeds United,20,22
2025-26,LEE,Leeds United,21,22
2025-26,LEE,Leeds United,22,25
2025-26,LEE,Leeds United,23,26
2025-26,LEE,Leeds United,24,26
2025-26,LEE,Leeds United,25,29
2025-26,LEE,Leeds United,26,30
2025-26,LEE,Leeds United,27,31
2025-26,LEE,Leeds United,28,31
2025-26,LEE,Leeds United,29,31
2025-26,LEE,Leeds United,30,32
2025-26,LEE,Leeds United,31,33
2025-26,LEE,Leeds United,32,36
2025-26,LEE,Leeds United,33,39
2025-26,LEE,Leeds United,34,40
2025-26,LEE,Leeds United,35,43
2025-26,LEE,Leeds United,36,44
2025-26,LEE,Leeds United,37,47
2025-26,LEE,Leeds United,38,47
2025-26,LIV,Liverpool,1,3
2025-26,LIV,Liverpool,2,6
2025-26,LIV,Liverpool,3,9
2025-26,LIV,Liverpool,4,12
2025-26,LIV,Liverpool,5,15
2025-26,LIV,Liverpool,6,15
2025-26,LIV,Liverpool,7,15
2025-26,LIV,Liverpool,8,15
2025-26,LIV,Liverpool,9,15
2025-26,LIV,Liverpool,10,18
2025-26,LIV,Liverpool,11,18
2025-26,LIV,Liverpool,12,18
2025-26,LIV,Liverpool,13,21
2025-26,LIV,Liverpool,14,22
2025-26,LIV,Liverpool,15,23
2025-26,LIV,Liverpool,16,26
2025-26,LIV,Liverpool,17,29
2025-26,LIV,Liverpool,18,32
2025-26,LIV,Liverpool,19,33
2025-26,LIV,Liverpool,20,34
2025-26,LIV,Liverpool,21,35
2025-26,LIV,Liverpool,22,36
2025-26,LIV,Liverpool,23,36
2025-26,LIV,Liverpool,24,39
2025-26,LIV,Liverpool,25,39
2025-26,LIV,Liverpool,26,42
2025-26,LIV,Liverpool,27,45
2025-26,LIV,Liverpool,28,48
2025-26,LIV,Liverpool,29,48
2025-26,LIV,Liverpool,30,49
2025-26,LIV,Liverpool,31,49
2025-26,LIV,Liverpool,32,52
2025-26,LIV,Liverpool,33,55
2025-26,LIV,Liverpool,34,58
2025-26,LIV,Liverpool,35,58
2025-26,LIV,Liverpool,36,59
2025-26,LIV,Liverpool,37,59
2025-26,LIV,Liverpool,38,60
2025-26,MCI,Manchester City,1,3
2025-26,MCI,Manchester City,2,3
2025-26,MCI,Manchester City,3,3
2025-26,MCI,Manchester City,4,6
2025-26,MCI,Manchester City,5,7
2025-26,MCI,Manchester City,6,10
2025-26,MCI,Manchester City,7,13
2025-26,MCI,Manchester City,8,16
2025-26,MCI,Manchester City,9,16
2025-26,MCI,Manchester City,10,19
2025-26,MCI,Manchester City,11,22
2025-26,MCI,Manchester City,12,22
2025-26,MCI,Manchester City,13,25
2025-26,MCI,Manchester City,14,28
2025-26,MCI,Manchester City,15,31
2025-26,MCI,Manchester City,16,34
2025-26,MCI,Manchester City,17,37
2025-26,MCI,Manchester City,18,40
2025-26,MCI,Manchester City,19,41
2025-26,MCI,Manchester City,20,42
2025-26,MCI,Manchester City,21,43
2025-26,MCI,Manchester City,22,43
2025-26,MCI,Manchester City,23,46
2025-26,MCI,Manchester City,24,47
2025-26,MCI,Manchester City,25,50
2025-26,MCI,Manchester City,26,53
2025-26,MCI,Manchester City,27,56
2025-26,MCI,Manchester City,28,59
2025-26,MCI,Manchester City,29,60
2025-26,MCI,Manchester City,30,61
2025-26,MCI,Manchester City,31,64
2025-26,MCI,Manchester City,32,67
2025-26,MCI,Manchester City,33,70
2025-26,MCI,Manchester City,34,71
2025-26,MCI,Manchester City,35,74
2025-26,MCI,Manchester City,36,77
2025-26,MCI,Manchester City,37,78
2025-26,MCI,Manchester City,38,78
2025-26,MUN,Manchester United,1,0
2025-26,MUN,Manchester United,2,1
2025-26,MUN,Manchester United,3,4
2025-26,MUN,Manchester United,4,4
2025-26,MUN,Manchester United,5,7
2025-26,MUN,Manchester United,6,7
2025-26,MUN,Manchester United,7,10
2025-26,MUN,Manchester United,8,13
2025-26,MUN,Manchester United,9,16
2025-26,MUN,Manchester United,10,17
2025-26,MUN,Manchester United,11,18
2025-26,MUN,Manchester United,12,18
2025-26,MUN,Manchester United,13,21
2025-26,MUN,Manchester United,14,22
2025-26,MUN,Manchester United,15,25
2025-26,MUN,Manchester United,16,26
2025-26,MUN,Manchester United,17,26
2025-26,MUN,Manchester United,18,29
2025-26,MUN,Manchester United,19,30
2025-26,MUN,Manchester United,20,31
2025-26,MUN,Manchester United,21,32
2025-26,MUN,Manchester United,22,35
2025-26,MUN,Manchester United,23,38
2025-26,MUN,Manchester United,24,41
2025-26,MUN,Manchester United,25,44
2025-26,MUN,Manchester United,26,45
2025-26,MUN,Manchester United,27,48
2025-26,MUN,Manchester United,28,51
2025-26,MUN,Manchester United,29,51
2025-26,MUN,Manchester United,30,54
2025-26,MUN,Manchester United,31,55
2025-26,MUN,Manchester United,32,55
2025-26,MUN,Manchester United,33,58
2025-26,MUN,Manchester United,34,61
2025-26,MUN,Manchester United,35,64
2025-26,MUN,Manchester United,36,65
2025-26,MUN,Manchester United,37,68
2025-26,MUN,Manchester United,38,71
2025-26,NEW,Newcastle United,1,1
2025-26,NEW,Newcastle United,2,1
2025-26,NEW,Newcastle United,3,2
2025-26,NEW,Newcastle United,4,5
2025-26,NEW,Newcastle United,5,6
2025-26,NEW,Newcastle United,6,6
2025-26,NEW,Newcastle United,7,9
2025-26,NEW,Newcastle United,8,9
2025-26,NEW,Newcastle United,9,12
2025-26,NEW,Newcastle United,10,12
2025-26,NEW,Newcastle United,11,12
2025-26,NEW,Newcastle United,12,15
2025-26,NEW,Newcastle United,13,18
2025-26,NEW,Newcastle United,14,19
2025-26,NEW,Newcastle United,15,22
2025-26,NEW,Newcastle United,16,22
2025-26,NEW,Newcastle United,17,23
2025-26,NEW,Newcastle United,18,23
2025-26,NEW,Newcastle United,19,26
2025-26,NEW,Newcastle United,20,29
2025-26,NEW,Newcastle United,21,32
2025-26,NEW,Newcastle United,22,33
2025-26,NEW,Newcastle United,23,33
2025-26,NEW,Newcastle United,24,33
2025-26,NEW,Newcastle United,25,33
2025-26,NEW,Newcastle United,26,36
2025-26,NEW,Newcastle United,27,36
2025-26,NEW,Newcastle United,28,36
2025-26,NEW,Newcastle United,29,39
2025-26,NEW,Newcastle United,30,42
2025-26,NEW,Newcastle United,31,42
2025-26,NEW,Newcastle United,32,42
2025-26,NEW,Newcastle United,33,42
2025-26,NEW,Newcastle United,34,42
2025-26,NEW,Newcastle United,35,45
2025-26,NEW,Newcastle United,36,46
2025-26,NEW,Newcastle United,37,49
2025-26,NEW,Newcastle United,38,49
2025-26,NFO,Nottingham Forest,1,3
2025-26,NFO,Nottingham Forest,2,4
2025-26,NFO,Nottingham Forest,3,4
2025-26,NFO,Nottingham Forest,4,4
2025-26,NFO,Nottingham Forest,5,5
2025-26,NFO,Nottingham Forest,6,5
2025-26,NFO,Nottingham Forest,7,5
2025-26,NFO,Nottingham Forest,8,5
2025-26,NFO,Nottingham Forest,9,5
2025-26,NFO,Nottingham Forest,10,6
2025-26,NFO,Nottingham Forest,11,9
2025-26,NFO,Nottingham Forest,12,12
2025-26,NFO,Nottingham Forest,13,12
2025-26,NFO,Nottingham Forest,14,15
2025-26,NFO,Nottingham Forest,15,15
2025-26,NFO,Nottingham Forest,16,18
2025-26,NFO,Nottingham Forest,17,18
2025-26,NFO,Nottingham Forest,18,18
2025-26,NFO,Nottingham Forest,19,18
2025-26,NFO,Nottingham Forest,20,18
2025-26,NFO,Nottingham Forest,21,21
2025-26,NFO,Nottingham Forest,22,22
2025-26,NFO,Nottingham Forest,23,25
2025-26,NFO,Nottingham Forest,24,26
2025-26,NFO,Nottingham Forest,25,26
2025-26,NFO,Nottingham Forest,26,27
2025-26,NFO,Nottingham Forest,27,27
2025-26,NFO,Nottingham Forest,28,27
2025-26,NFO,Nottingham Forest,29,28
2025-26,NFO,Nottingham Forest,30,29
2025-26,NFO,Nottingham Forest,31,32
2025-26,NFO,Nottingham Forest,32,33
2025-26,NFO,Nottingham Forest,33,36
2025-26,NFO,Nottingham Forest,34,39
2025-26,NFO,Nottingham Forest,35,42
2025-26,NFO,Nottingham Forest,36,43
2025-26,NFO,Nottingham Forest,37,43
2025-26,NFO,Nottingham Forest,38,44
2025-26,SUN,Sunderland,1,3
2025-26,SUN,Sunderland,2,3
2025-26,SUN,Sunderland,3,6
2025-26,SUN,Sunderland,4,7
2025-26,SUN,Sunderland,5,8
2025-26,SUN,Sunderland,6,11
2025-26,SUN,Sunderland,7,11
2025-26,SUN,Sunderland,8,14
2025-26,SUN,Sunderland,9,17
2025-26,SUN,Sunderland,10,18
2025-26,SUN,Sunderland,11,19
2025-26,SUN,Sunderland,12,19
2025-26,SUN,Sunderland,13,22
2025-26,SUN,Sunderland,14,23
2025-26,SUN,Sunderland,15,23
2025-26,SUN,Sunderland,16,26
2025-26,SUN,Sunderland,17,27
2025-26,SUN,Sunderland,18,28
2025-26,SUN,Sunderland,19,29
2025-26,SUN,Sunderland,20,30
2025-26,SUN,Sunderland,21,30
2025-26,SUN,Sunderland,22,33
2025-26,SUN,Sunderland,23,33
2025-26,SUN,Sunderland,24,36
2025-26,SUN,Sunderland,25,36
2025-26,SUN,Sunderland,26,36
2025-26,SUN,Sunderland,27,36
2025-26,SUN,Sunderland,28,37
2025-26,SUN,Sunderland,29,40
2025-26,SUN,Sunderland,30,40
2025-26,SUN,Sunderland,31,43
2025-26,SUN,Sunderland,32,46
2025-26,SUN,Sunderland,33,46
2025-26,SUN,Sunderland,34,46
2025-26,SUN,Sunderland,35,47
2025-26,SUN,Sunderland,36,48
2025-26,SUN,Sunderland,37,51
2025-26,SUN,Sunderland,38,54
2025-26,TOT,Tottenham Hotspur,1,3
2025-26,TOT,Tottenham Hotspur,2,6
2025-26,TOT,Tottenham Hotspur,3,6
2025-26,TOT,Tottenham Hotspur,4,9
2025-26,TOT,Tottenham Hotspur,5,10
2025-26,TOT,Tottenham Hotspur,6,11
2025-26,TOT,Tottenham Hotspur,7,14
2025-26,TOT,Tottenham Hotspur,8,14
2025-26,TOT,Tottenham Hotspur,9,17
2025-26,TOT,Tottenham Hotspur,10,17
2025-26,TOT,Tottenham Hotspur,11,18
2025-26,TOT,Tottenham Hotspur,12,18
2025-26,TOT,Tottenham Hotspur,13,18
2025-26,TOT,Tottenham Hotspur,14,19
2025-26,TOT,Tottenham Hotspur,15,22
2025-26,TOT,Tottenham Hotspur,16,22
2025-26,TOT,Tottenham Hotspur,17,22
2025-26,TOT,Tottenham Hotspur,18,25
2025-26,TOT,Tottenham Hotspur,19,26
2025-26,TOT,Tottenham Hotspur,20,27
2025-26,TOT,Tottenham Hotspur,21,27
2025-26,TOT,Tottenham Hotspur,22,27
2025-26,TOT,Tottenham Hotspur,23,28
2025-26,TOT,Tottenham Hotspur,24,29
2025-26,TOT,Tottenham Hotspur,25,29
2025-26,TOT,Tottenham Hotspur,26,29
2025-26,TOT,Tottenham Hotspur,27,29
2025-26,TOT,Tottenham Hotspur,28,29
2025-26,TOT,Tottenham Hotspur,29,29
2025-26,TOT,Tottenham Hotspur,30,30
2025-26,TOT,Tottenham Hotspur,31,30
2025-26,TOT,Tottenham Hotspur,32,30
2025-26,TOT,Tottenham Hotspur,33,31
2025-26,TOT,Tottenham Hotspur,34,34
2025-26,TOT,Tottenham Hotspur,35,37
2025-26,TOT,Tottenham Hotspur,36,38
2025-26,TOT,Tottenham Hotspur,37,38
2025-26,TOT,Tottenham Hotspur,38,41
2025-26,WHU,West Ham United,1,0
2025-26,WHU,West Ham United,2,0
2025-26,WHU,West Ham United,3,3
2025-26,WHU,West Ham United,4,3
2025-26,WHU,West Ham United,5,3
2025-26,WHU,West Ham United,6,4
2025-26,WHU,West Ham United,7,4
2025-26,WHU,West Ham United,8,4
2025-26,WHU,West Ham United,9,4
2025-26,WHU,West Ham United,10,7
2025-26,WHU,West Ham United,11,10
2025-26,WHU,West Ham United,12,11
2025-26,WHU,West Ham United,13,11
2025-26,WHU,West Ham United,14,12
2025-26,WHU,West Ham United,15,13
2025-26,WHU,West Ham United,16,13
2025-26,WHU,West Ham United,17,13
2025-26,WHU,West Ham United,18,13
2025-26,WHU,West Ham United,19,14
2025-26,WHU,West Ham United,20,14
2025-26,WHU,West Ham United,21,14
2025-26,WHU,West Ham United,22,17
2025-26,WHU,West Ham United,23,20
2025-26,WHU,West Ham United,24,20
2025-26,WHU,West Ham United,25,23
2025-26,WHU,West Ham United,26,24
2025-26,WHU,West Ham United,27,25
2025-26,WHU,West Ham United,28,25
2025-26,WHU,West Ham United,29,28
2025-26,WHU,West Ham United,30,29
2025-26,WHU,West Ham United,31,29
2025-26,WHU,West Ham United,32,32
2025-26,WHU,West Ham United,33,33
2025-26,WHU,West Ham United,34,36
2025-26,WHU,West Ham United,35,36
2025-26,WHU,West Ham United,36,36
2025-26,WHU,West Ham United,37,36
2025-26,WHU,West Ham United,38,39
2025-26,WOL,Wolverhampton Wanderers,1,0
2025-26,WOL,Wolverhampton Wanderers,2,0
2025-26,WOL,Wolverhampton Wanderers,3,0
2025-26,WOL,Wolverhampton Wanderers,4,0
2025-26,WOL,Wolverhampton Wanderers,5,0
2025-26,WOL,Wolverhampton Wanderers,6,1
2025-26,WOL,Wolverhampton Wanderers,7,2
2025-26,WOL,Wolverhampton Wanderers,8,2
2025-26,WOL,Wolverhampton Wanderers,9,2
2025-26,WOL,Wolverhampton Wanderers,10,2
2025-26,WOL,Wolverhampton Wanderers,11,2
2025-26,WOL,Wolverhampton Wanderers,12,2
2025-26,WOL,Wolverhampton Wanderers,13,2
2025-26,WOL,Wolverhampton Wanderers,14,2
2025-26,WOL,Wolverhampton Wanderers,15,2
2025-26,WOL,Wolverhampton Wanderers,16,2
2025-26,WOL,Wolverhampton Wanderers,17,2
2025-26,WOL,Wolverhampton Wanderers,18,2
2025-26,WOL,Wolverhampton Wanderers,19,3
2025-26,WOL,Wolverhampton Wanderers,20,6
2025-26,WOL,Wolverhampton Wanderers,21,7
2025-26,WOL,Wolverhampton Wanderers,22,8
2025-26,WOL,Wolverhampton Wanderers,23,8
2025-26,WOL,Wolverhampton Wanderers,24,8
2025-26,WOL,Wolverhampton Wanderers,25,8
2025-26,WOL,Wolverhampton Wanderers,26,9
2025-26,WOL,Wolverhampton Wanderers,27,10
2025-26,WOL,Wolverhampton Wanderers,28,10
2025-26,WOL,Wolverhampton Wanderers,29,13
2025-26,WOL,Wolverhampton Wanderers,30,16
2025-26,WOL,Wolverhampton Wanderers,31,17
2025-26,WOL,Wolverhampton Wanderers,32,17
2025-26,WOL,Wolverhampton Wanderers,33,17
2025-26,WOL,Wolverhampton Wanderers,34,17
2025-26,WOL,Wolverhampton Wanderers,35,18
2025-26,WOL,Wolverhampton Wanderers,36,18
2025-26,WOL,Wolverhampton Wanderers,37,19
2025-26,WOL,Wolverhampton Wanderers,38,20
2026-27,ARS,Arsenal,1,3
2026-27,AVL,Aston Villa,1,0
2026-27,BHA,Brighton and Hove Albion,1,3
2026-27,BOU,Bournemouth,1,0
2026-27,BRE,Brentford,1,3
2026-27,CHE,Chelsea,1,3
2026-27,COV,Coventry City,1,0
2026-27,CRY,Crystal Palace,1,0
2026-27,EVE,Everton,1,3
2026-27,FUL,Fulham,1,0
2026-27,HUL,Hull City,1,3
2026-27,IPS,Ipswich Town,1,3
2026-27,LEE,Leeds United,1,3
2026-27,LIV,Liverpool,1,1
2026-27,MCI,Manchester City,1,3
2026-27,MUN,Manchester United,1,0
2026-27,NEW,Newcastle United,1,1
2026-27,NFO,Nottingham Forest,1,0
2026-27,SUN,Sunderland,1,0
2026-27,TOT,Tottenham Hotspur,1,0
