season_label,team_name,team_short_name,minute
1992-93,Arsenal,Arsenal,13
1992-93,Arsenal,Arsenal,14
1992-93,Arsenal,Arsenal,27
1992-93,Arsenal,Arsenal,77
1992-93,Arsenal,Arsenal,79
1992-93,Arsenal,Arsenal,82
1992-93,Arsenal,Arsenal,83
1992-93,Arsenal,Arsenal,84
1992-93,Arsenal,Arsenal,89
1992-93,Arsenal,Arsenal,89
1992-93,Arsenal,Arsenal,89
1992-93,Arsenal,Arsenal,89
1992-93,Arsenal,Arsenal,89
1992-93,Arsenal,Arsenal,89
1992-93,Arsenal,Arsenal,89
1992-93,Arsenal,Arsenal,89
1992-93,Arsenal,Arsenal,89
1992-93,Arsenal,Arsenal,89
1992-93,Arsenal,Arsenal,89
1992-93,Arsenal,Arsenal,89
1992-93,Arsenal,Arsenal,89
1992-93,Arsenal,Arsenal,89
1992-93,Arsenal,Arsenal,89
1992-93,Arsenal,Arsenal,89
1992-93,Arsenal,Arsenal,89
1992-93,Arsenal,Arsenal,89
1992-93,Arsenal,Arsenal,89
1992-93,Arsenal,Arsenal,89
1992-93,Arsenal,Arsenal,89
1992-93,Arsenal,Arsenal,89
1992-93,Arsenal,Arsenal,89
1992-93,Arsenal,Arsenal,89
1992-93,Arsenal,Arsenal,89
1992-93,Arsenal,Arsenal,89
1992-93,Arsenal,Arsenal,89
1992-93,Aston Villa,Aston Villa,70
1992-93,Aston Villa,Aston Villa,89
1992-93,Aston Villa,Aston Villa,89
1992-93,Aston Villa,Aston Villa,89
1992-93,Aston Villa,Aston Villa,89
1992-93,Aston Villa,Aston Villa,89
1992-93,Aston Villa,Aston Villa,89
1992-93,Aston Villa,Aston Villa,89
1992-93,Aston Villa,Aston Villa,89
1992-93,Aston Villa,Aston Villa,89
1992-93,Aston Villa,Aston Villa,89
1992-93,Aston Villa,Aston Villa,89
1992-93,Aston Villa,Aston Villa,89
1992-93,Aston Villa,Aston Villa,89
1992-93,Aston Villa,Aston Villa,89
1992-93,Aston Villa,Aston Villa,89
1992-93,Aston Villa,Aston Villa,89
1992-93,Aston Villa,Aston Villa,89
1992-93,Aston Villa,Aston Villa,89
1992-93,Aston Villa,Aston Villa,89
1992-93,Aston Villa,Aston Villa,89
1992-93,Aston Villa,Aston Villa,89
1992-93,Aston Villa,Aston Villa,89
1992-93,Blackburn Rovers,Blackburn,5
1992-93,Blackburn Rovers,Blackburn,69
1992-93,Blackburn Rovers,Blackburn,69
1992-93,Blackburn Rovers,Blackburn,74
1992-93,Blackburn Rovers,Blackburn,82
1992-93,Blackburn Rovers,Blackburn,89
1992-93,Blackburn Rovers,Blackburn,89
1992-93,Blackburn Rovers,Blackburn,89
1992-93,Blackburn Rovers,Blackburn,89
1992-93,Blackburn Rovers,Blackburn,89
1992-93,Blackburn Rovers,Blackburn,89
1992-93,Blackburn Rovers,Blackburn,89
1992-93,Blackburn Rovers,Blackburn,89
1992-93,Blackburn Rovers,Blackburn,89
1992-93,Blackburn Rovers,Blackburn,89
1992-93,Blackburn Rovers,Blackburn,89
1992-93,Blackburn Rovers,Blackburn,89
1992-93,Blackburn Rovers,Blackburn,89
1992-93,Blackburn Rovers,Blackburn,89
1992-93,Blackburn Rovers,Blackburn,89
1992-93,Blackburn Rovers,Blackburn,89
1992-93,Blackburn Rovers,Blackburn,89
1992-93,Blackburn Rovers,Blackburn,89
1992-93,Blackburn Rovers,Blackburn,89
1992-93,Blackburn Rovers,Blackburn,89
1992-93,Blackburn Rovers,Blackburn,89
1992-93,Blackburn Rovers,Blackburn,89
1992-93,Blackburn Rovers,Blackburn,89
1992-93,Blackburn Rovers,Blackburn,89
1992-93,Blackburn Rovers,Blackburn,89
1992-93,Blackburn Rovers,Blackburn,89
1992-93,Blackburn Rovers,Blackburn,89
1992-93,Blackburn Rovers,Blackburn,89
1992-93,Blackburn Rovers,Blackburn,89
1992-93,Blackburn Rovers,Blackburn,89
1992-93,Blackburn Rovers,Blackburn,89
1992-93,Blackburn Rovers,Blackburn,89
1992-93,Chelsea,Chelsea,62
1992-93,Chelsea,Chelsea,62
1992-93,Chelsea,Chelsea,69
1992-93,Chelsea,Chelsea,77
1992-93,Chelsea,Chelsea,82
1992-93,Chelsea,Chelsea,89
1992-93,Chelsea,Chelsea,89
1992-93,Chelsea,Chelsea,89
1992-93,Chelsea,Chelsea,89
1992-93,Chelsea,Chelsea,89
1992-93,Chelsea,Chelsea,89
1992-93,Chelsea,Chelsea,89
1992-93,Chelsea,Chelsea,89
1992-93,Chelsea,Chelsea,89
1992-93,Chelsea,Chelsea,89
1992-93,Chelsea,Chelsea,89
1992-93,Chelsea,Chelsea,89
1992-93,Chelsea,Chelsea,89
1992-93,Chelsea,Chelsea,89
1992-93,Chelsea,Chelsea,89
1992-93,Chelsea,Chelsea,89
1992-93,Chelsea,Chelsea,89
1992-93,Chelsea,Chelsea,89
1992-93,Chelsea,Chelsea,89
1992-93,Chelsea,Chelsea,89
1992-93,Chelsea,Chelsea,89
1992-93,Chelsea,Chelsea,89
1992-93,Chelsea,Chelsea,89
1992-93,Chelsea,Chelsea,89
1992-93,Chelsea,Chelsea,89
1992-93,Chelsea,Chelsea,89
1992-93,Chelsea,Chelsea,89
1992-93,Chelsea,Chelsea,89
1992-93,Chelsea,Chelsea,89
1992-93,Chelsea,Chelsea,89
1992-93,Chelsea,Chelsea,89
1992-93,Chelsea,Chelsea,89
1992-93,Chelsea,Chelsea,89
1992-93,Chelsea,Chelsea,89
1992-93,Chelsea,Chelsea,89
1992-93,Chelsea,Chelsea,89
1992-93,Chelsea,Chelsea,89
1992-93,Chelsea,Chelsea,89
1992-93,Chelsea,Chelsea,89
1992-93,Chelsea,Chelsea,89
1992-93,Coventry City,Coventry,56
1992-93,Coventry City,Coventry,62
1992-93,Coventry City,Coventry,68
1992-93,Coventry City,Coventry,76
1992-93,Coventry City,Coventry,88
1992-93,Coventry City,Coventry,88
1992-93,Coventry City,Coventry,89
1992-93,Coventry City,Coventry,89
1992-93,Coventry City,Coventry,89
1992-93,Coventry City,Coventry,89
1992-93,Coventry City,Coventry,89
1992-93,Coventry City,Coventry,89
1992-93,Coventry City,Coventry,89
1992-93,Coventry City,Coventry,89
1992-93,Coventry City,Coventry,89
1992-93,Coventry City,Coventry,89
1992-93,Coventry City,Coventry,89
1992-93,Coventry City,Coventry,89
1992-93,Coventry City,Coventry,89
1992-93,Coventry City,Coventry,89
1992-93,Coventry City,Coventry,89
1992-93,Coventry City,Coventry,89
1992-93,Coventry City,Coventry,89
1992-93,Coventry City,Coventry,89
1992-93,Coventry City,Coventry,89
1992-93,Coventry City,Coventry,89
1992-93,Coventry City,Coventry,89
1992-93,Coventry City,Coventry,89
1992-93,Coventry City,Coventry,89
1992-93,Coventry City,Coventry,89
1992-93,Coventry City,Coventry,89
1992-93,Coventry City,Coventry,89
1992-93,Crystal Palace,Crystal Palace,59
1992-93,Crystal Palace,Crystal Palace,84
1992-93,Crystal Palace,Crystal Palace,89
1992-93,Crystal Palace,Crystal Palace,89
1992-93,Crystal Palace,Crystal Palace,89
1992-93,Crystal Palace,Crystal Palace,89
1992-93,Crystal Palace,Crystal Palace,89
1992-93,Crystal Palace,Crystal Palace,89
1992-93,Crystal Palace,Crystal Palace,89
1992-93,Crystal Palace,Crystal Palace,89
1992-93,Crystal Palace,Crystal Palace,89
1992-93,Crystal Palace,Crystal Palace,89
1992-93,Crystal Palace,Crystal Palace,89
1992-93,Crystal Palace,Crystal Palace,89
1992-93,Crystal Palace,Crystal Palace,89
1992-93,Crystal Palace,Crystal Palace,89
1992-93,Crystal Palace,Crystal Palace,89
1992-93,Crystal Palace,Crystal Palace,89
1992-93,Crystal Palace,Crystal Palace,89
1992-93,Crystal Palace,Crystal Palace,89
1992-93,Crystal Palace,Crystal Palace,89
1992-93,Crystal Palace,Crystal Palace,89
1992-93,Crystal Palace,Crystal Palace,89
1992-93,Crystal Palace,Crystal Palace,89
1992-93,Crystal Palace,Crystal Palace,89
1992-93,Crystal Palace,Crystal Palace,89
1992-93,Crystal Palace,Crystal Palace,89
1992-93,Crystal Palace,Crystal Palace,89
1992-93,Everton,Everton,70
1992-93,Everton,Everton,89
1992-93,Everton,Everton,89
1992-93,Everton,Everton,89
1992-93,Everton,Everton,89
1992-93,Everton,Everton,89
1992-93,Everton,Everton,89
1992-93,Everton,Everton,89
1992-93,Everton,Everton,89
1992-93,Everton,Everton,89
1992-93,Everton,Everton,89
1992-93,Everton,Everton,89
1992-93,Everton,Everton,89
1992-93,Everton,Everton,89
1992-93,Everton,Everton,89
1992-93,Everton,Everton,89
1992-93,Everton,Everton,89
1992-93,Everton,Everton,89
1992-93,Everton,Everton,89
1992-93,Everton,Everton,89
1992-93,Everton,Everton,89
1992-93,Everton,Everton,89
1992-93,Everton,Everton,89
1992-93,Everton,Everton,89
1992-93,Everton,Everton,89
1992-93,Everton,Everton,89
1992-93,Everton,Everton,89
1992-93,Everton,Everton,89
1992-93,Everton,Everton,89
1992-93,Ipswich Town,Ipswich,16
1992-93,Ipswich Town,Ipswich,28
1992-93,Ipswich Town,Ipswich,29
1992-93,Ipswich Town,Ipswich,74
1992-93,Ipswich Town,Ipswich,82
1992-93,Ipswich Town,Ipswich,89
1992-93,Ipswich Town,Ipswich,89
1992-93,Ipswich Town,Ipswich,89
1992-93,Ipswich Town,Ipswich,89
1992-93,Ipswich Town,Ipswich,89
1992-93,Ipswich Town,Ipswich,89
1992-93,Ipswich Town,Ipswich,89
1992-93,Ipswich Town,Ipswich,89
1992-93,Ipswich Town,Ipswich,89
1992-93,Ipswich Town,Ipswich,89
1992-93,Ipswich Town,Ipswich,89
1992-93,Ipswich Town,Ipswich,89
1992-93,Ipswich Town,Ipswich,89
1992-93,Ipswich Town,Ipswich,89
1992-93,Ipswich Town,Ipswich,89
1992-93,Ipswich Town,Ipswich,89
1992-93,Ipswich Town,Ipswich,89
1992-93,Ipswich Town,Ipswich,89
1992-93,Ipswich Town,Ipswich,89
1992-93,Ipswich Town,Ipswich,89
1992-93,Ipswich Town,Ipswich,89
1992-93,Ipswich Town,Ipswich,89
1992-93,Ipswich Town,Ipswich,89
1992-93,Ipswich Town,Ipswich,89
1992-93,Ipswich Town,Ipswich,89
1992-93,Ipswich Town,Ipswich,89
1992-93,Ipswich Town,Ipswich,89
1992-93,Ipswich Town,Ipswich,89
1992-93,Leeds United,Leeds,26
1992-93,Leeds United,Leeds,44
1992-93,Leeds United,Leeds,59
1992-93,Leeds United,Leeds,67
1992-93,Leeds United,Leeds,69
1992-93,Leeds United,Leeds,75
1992-93,Leeds United,Leeds,76
1992-93,Leeds United,Leeds,78
1992-93,Leeds United,Leeds,83
1992-93,Leeds United,Leeds,89
1992-93,Leeds United,Leeds,89
1992-93,Leeds United,Leeds,89
1992-93,Leeds United,Leeds,89
1992-93,Leeds United,Leeds,89
1992-93,Leeds United,Leeds,89
1992-93,Leeds United,Leeds,89
1992-93,Leeds United,Leeds,89
1992-93,Leeds United,Leeds,89
1992-93,Leeds United,Leeds,89
1992-93,Leeds United,Leeds,89
1992-93,Leeds United,Leeds,89
1992-93,Leeds United,Leeds,89
1992-93,Leeds United,Leeds,89
1992-93,Leeds United,Leeds,89
1992-93,Leeds United,Leeds,89
1992-93,Leeds United,Leeds,89
1992-93,Leeds United,Leeds,89
1992-93,Leeds United,Leeds,89
1992-93,Leeds United,Leeds,89
1992-93,Leeds United,Leeds,89
1992-93,Leeds United,Leeds,89
1992-93,Leeds United,Leeds,89
1992-93,Leeds United,Leeds,89
1992-93,Leeds United,Leeds,89
1992-93,Leeds United,Leeds,89
1992-93,Leeds United,Leeds,89
1992-93,Leeds United,Leeds,89
1992-93,Leeds United,Leeds,89
1992-93,Leeds United,Leeds,89
1992-93,Leeds United,Leeds,89
1992-93,Leeds United,Leeds,89
1992-93,Leeds United,Leeds,89
1992-93,Liverpool,Liverpool,13
1992-93,Liverpool,Liverpool,24
1992-93,Liverpool,Liverpool,26
1992-93,Liverpool,Liverpool,28
1992-93,Liverpool,Liverpool,50
1992-93,Liverpool,Liverpool,77
1992-93,Liverpool,Liverpool,77
1992-93,Liverpool,Liverpool,89
1992-93,Liverpool,Liverpool,89
1992-93,Liverpool,Liverpool,89
1992-93,Liverpool,Liverpool,89
1992-93,Liverpool,Liverpool,89
1992-93,Liverpool,Liverpool,89
1992-93,Liverpool,Liverpool,89
1992-93,Liverpool,Liverpool,89
1992-93,Liverpool,Liverpool,89
1992-93,Liverpool,Liverpool,89
1992-93,Liverpool,Liverpool,89
1992-93,Liverpool,Liverpool,89
1992-93,Liverpool,Liverpool,89
1992-93,Liverpool,Liverpool,89
1992-93,Liverpool,Liverpool,89
1992-93,Liverpool,Liverpool,89
1992-93,Liverpool,Liverpool,89
1992-93,Liverpool,Liverpool,89
1992-93,Liverpool,Liverpool,89
1992-93,Manchester City,Man City,66
1992-93,Manchester City,Man City,89
1992-93,Manchester City,Man City,89
1992-93,Manchester City,Man City,89
1992-93,Manchester City,Man City,89
1992-93,Manchester City,Man City,89
1992-93,Manchester City,Man City,89
1992-93,Manchester City,Man City,89
1992-93,Manchester City,Man City,89
1992-93,Manchester City,Man City,89
1992-93,Manchester City,Man City,89
1992-93,Manchester City,Man City,89
1992-93,Manchester City,Man City,89
1992-93,Manchester City,Man City,89
1992-93,Manchester City,Man City,89
1992-93,Manchester City,Man City,89
1992-93,Manchester City,Man City,89
1992-93,Manchester City,Man City,89
1992-93,Manchester City,Man City,89
1992-93,Manchester City,Man City,89
1992-93,Manchester City,Man City,89
1992-93,Manchester City,Man City,89
1992-93,Manchester City,Man City,89
1992-93,Manchester City,Man City,89
1992-93,Manchester City,Man City,89
1992-93,Manchester City,Man City,89
1992-93,Manchester City,Man City,89
1992-93,Manchester City,Man City,89
1992-93,Manchester City,Man City,89
1992-93,Manchester City,Man City,89
1992-93,Manchester City,Man City,89
1992-93,Manchester City,Man City,89
1992-93,Manchester City,Man City,89
1992-93,Manchester City,Man City,89
1992-93,Manchester City,Man City,89
1992-93,Manchester City,Man City,89
1992-93,Manchester City,Man City,89
1992-93,Manchester City,Man City,89
1992-93,Manchester City,Man City,89
1992-93,Manchester City,Man City,89
1992-93,Manchester City,Man City,89
1992-93,Manchester City,Man City,89
1992-93,Manchester City,Man City,89
1992-93,Manchester United,Man Utd,16
1992-93,Manchester United,Man Utd,89
1992-93,Manchester United,Man Utd,89
1992-93,Manchester United,Man Utd,89
1992-93,Manchester United,Man Utd,89
1992-93,Manchester United,Man Utd,89
1992-93,Manchester United,Man Utd,89
1992-93,Manchester United,Man Utd,89
1992-93,Manchester United,Man Utd,89
1992-93,Manchester United,Man Utd,89
1992-93,Manchester United,Man Utd,89
1992-93,Manchester United,Man Utd,89
1992-93,Manchester United,Man Utd,89
1992-93,Manchester United,Man Utd,89
1992-93,Manchester United,Man Utd,89
1992-93,Manchester United,Man Utd,89
1992-93,Manchester United,Man Utd,89
1992-93,Manchester United,Man Utd,89
1992-93,Manchester United,Man Utd,89
1992-93,Manchester United,Man Utd,89
1992-93,Manchester United,Man Utd,89
1992-93,Manchester United,Man Utd,89
1992-93,Manchester United,Man Utd,89
1992-93,Manchester United,Man Utd,89
1992-93,Manchester United,Man Utd,89
1992-93,Manchester United,Man Utd,89
1992-93,Manchester United,Man Utd,89
1992-93,Manchester United,Man Utd,89
1992-93,Manchester United,Man Utd,89
1992-93,Manchester United,Man Utd,89
1992-93,Middlesbrough,Boro,24
1992-93,Middlesbrough,Boro,36
1992-93,Middlesbrough,Boro,56
1992-93,Middlesbrough,Boro,73
1992-93,Middlesbrough,Boro,76
1992-93,Middlesbrough,Boro,89
1992-93,Middlesbrough,Boro,89
1992-93,Middlesbrough,Boro,89
1992-93,Middlesbrough,Boro,89
1992-93,Middlesbrough,Boro,89
1992-93,Middlesbrough,Boro,89
1992-93,Middlesbrough,Boro,89
1992-93,Middlesbrough,Boro,89
1992-93,Middlesbrough,Boro,89
1992-93,Middlesbrough,Boro,89
1992-93,Middlesbrough,Boro,89
1992-93,Middlesbrough,Boro,89
1992-93,Middlesbrough,Boro,89
1992-93,Middlesbrough,Boro,89
1992-93,Middlesbrough,Boro,89
1992-93,Middlesbrough,Boro,89
1992-93,Middlesbrough,Boro,89
1992-93,Middlesbrough,Boro,89
1992-93,Middlesbrough,Boro,89
1992-93,Middlesbrough,Boro,89
1992-93,Middlesbrough,Boro,89
1992-93,Middlesbrough,Boro,89
1992-93,Middlesbrough,Boro,89
1992-93,Middlesbrough,Boro,89
1992-93,Middlesbrough,Boro,89
1992-93,Middlesbrough,Boro,89
1992-93,Middlesbrough,Boro,89
1992-93,Middlesbrough,Boro,89
1992-93,Middlesbrough,Boro,89
1992-93,Middlesbrough,Boro,89
1992-93,Middlesbrough,Boro,89
1992-93,Middlesbrough,Boro,89
1992-93,Middlesbrough,Boro,89
1992-93,Middlesbrough,Boro,89
1992-93,Middlesbrough,Boro,89
1992-93,Middlesbrough,Boro,89
1992-93,Middlesbrough,Boro,89
1992-93,Middlesbrough,Boro,89
1992-93,Norwich City,Norwich,16
1992-93,Norwich City,Norwich,21
1992-93,Norwich City,Norwich,31
1992-93,Norwich City,Norwich,55
1992-93,Norwich City,Norwich,60
1992-93,Norwich City,Norwich,64
1992-93,Norwich City,Norwich,89
1992-93,Norwich City,Norwich,89
1992-93,Norwich City,Norwich,89
1992-93,Norwich City,Norwich,89
1992-93,Norwich City,Norwich,89
1992-93,Norwich City,Norwich,89
1992-93,Norwich City,Norwich,89
1992-93,Norwich City,Norwich,89
1992-93,Norwich City,Norwich,89
1992-93,Norwich City,Norwich,89
1992-93,Norwich City,Norwich,89
1992-93,Norwich City,Norwich,89
1992-93,Norwich City,Norwich,89
1992-93,Norwich City,Norwich,89
1992-93,Norwich City,Norwich,89
1992-93,Norwich City,Norwich,89
1992-93,Norwich City,Norwich,89
1992-93,Nottingham Forest,Nott'm Forest,89
1992-93,Nottingham Forest,Nott'm Forest,89
1992-93,Nottingham Forest,Nott'm Forest,89
1992-93,Nottingham Forest,Nott'm Forest,89
1992-93,Nottingham Forest,Nott'm Forest,89
1992-93,Nottingham Forest,Nott'm Forest,89
1992-93,Nottingham Forest,Nott'm Forest,89
1992-93,Nottingham Forest,Nott'm Forest,89
1992-93,Nottingham Forest,Nott'm Forest,89
1992-93,Nottingham Forest,Nott'm Forest,89
1992-93,Nottingham Forest,Nott'm Forest,89
1992-93,Nottingham Forest,Nott'm Forest,89
1992-93,Nottingham Forest,Nott'm Forest,89
1992-93,Nottingham Forest,Nott'm Forest,89
1992-93,Nottingham Forest,Nott'm Forest,89
1992-93,Nottingham Forest,Nott'm Forest,89
1992-93,Nottingham Forest,Nott'm Forest,89
1992-93,Nottingham Forest,Nott'm Forest,89
1992-93,Nottingham Forest,Nott'm Forest,89
1992-93,Nottingham Forest,Nott'm Forest,89
1992-93,Nottingham Forest,Nott'm Forest,89
1992-93,Nottingham Forest,Nott'm Forest,89
1992-93,Nottingham Forest,Nott'm Forest,89
1992-93,Nottingham Forest,Nott'm Forest,89
1992-93,Nottingham Forest,Nott'm Forest,89
1992-93,Nottingham Forest,Nott'm Forest,89
1992-93,Nottingham Forest,Nott'm Forest,89
1992-93,Nottingham Forest,Nott'm Forest,89
1992-93,Oldham Athletic,Oldham,64
1992-93,Oldham Athletic,Oldham,71
1992-93,Oldham Athletic,Oldham,76
1992-93,Oldham Athletic,Oldham,89
1992-93,Oldham Athletic,Oldham,89
1992-93,Oldham Athletic,Oldham,89
1992-93,Oldham Athletic,Oldham,89
1992-93,Oldham Athletic,Oldham,89
1992-93,Oldham Athletic,Oldham,89
1992-93,Oldham Athletic,Oldham,89
1992-93,Oldham Athletic,Oldham,89
1992-93,Oldham Athletic,Oldham,89
1992-93,Oldham Athletic,Oldham,89
1992-93,Oldham Athletic,Oldham,89
1992-93,Oldham Athletic,Oldham,89
1992-93,Oldham Athletic,Oldham,89
1992-93,Oldham Athletic,Oldham,89
1992-93,Oldham Athletic,Oldham,89
1992-93,Oldham Athletic,Oldham,89
1992-93,Oldham Athletic,Oldham,89
1992-93,Oldham Athletic,Oldham,89
1992-93,Oldham Athletic,Oldham,89
1992-93,Oldham Athletic,Oldham,89
1992-93,Oldham Athletic,Oldham,89
1992-93,Oldham Athletic,Oldham,89
1992-93,Oldham Athletic,Oldham,89
1992-93,Oldham Athletic,Oldham,89
1992-93,Oldham Athletic,Oldham,89
1992-93,Oldham Athletic,Oldham,89
1992-93,Oldham Athletic,Oldham,89
1992-93,Oldham Athletic,Oldham,89
1992-93,Oldham Athletic,Oldham,89
1992-93,Oldham Athletic,Oldham,89
1992-93,Oldham Athletic,Oldham,89
1992-93,Oldham Athletic,Oldham,89
1992-93,Oldham Athletic,Oldham,89
1992-93,Oldham Athletic,Oldham,89
1992-93,Oldham Athletic,Oldham,89
1992-93,Oldham Athletic,Oldham,89
1992-93,Queens Park Rangers,QPR,16
1992-93,Queens Park Rangers,QPR,69
1992-93,Queens Park Rangers,QPR,72
1992-93,Queens Park Rangers,QPR,89
1992-93,Queens Park Rangers,QPR,89
1992-93,Queens Park Rangers,QPR,89
1992-93,Queens Park Rangers,QPR,89
1992-93,Queens Park Rangers,QPR,89
1992-93,Queens Park Rangers,QPR,89
1992-93,Queens Park Rangers,QPR,89
1992-93,Queens Park Rangers,QPR,89
1992-93,Queens Park Rangers,QPR,89
1992-93,Queens Park Rangers,QPR,89
1992-93,Queens Park Rangers,QPR,89
1992-93,Queens Park Rangers,QPR,89
1992-93,Queens Park Rangers,QPR,89
1992-93,Queens Park Rangers,QPR,89
1992-93,Queens Park Rangers,QPR,89
1992-93,Queens Park Rangers,QPR,89
1992-93,Queens Park Rangers,QPR,89
1992-93,Queens Park Rangers,QPR,89
1992-93,Queens Park Rangers,QPR,89
1992-93,Queens Park Rangers,QPR,89
1992-93,Queens Park Rangers,QPR,89
1992-93,Queens Park Rangers,QPR,89
1992-93,Queens Park Rangers,QPR,89
1992-93,Queens Park Rangers,QPR,89
1992-93,Queens Park Rangers,QPR,89
1992-93,Queens Park Rangers,QPR,89
1992-93,Queens Park Rangers,QPR,89
1992-93,Sheffield United,Sheff Utd,22
1992-93,Sheffield United,Sheff Utd,39
1992-93,Sheffield United,Sheff Utd,41
1992-93,Sheffield United,Sheff Utd,52
1992-93,Sheffield United,Sheff Utd,62
1992-93,Sheffield United,Sheff Utd,69
1992-93,Sheffield United,Sheff Utd,71
1992-93,Sheffield United,Sheff Utd,81
1992-93,Sheffield United,Sheff Utd,82
1992-93,Sheffield United,Sheff Utd,84
1992-93,Sheffield United,Sheff Utd,85
1992-93,Sheffield United,Sheff Utd,87
1992-93,Sheffield United,Sheff Utd,88
1992-93,Sheffield United,Sheff Utd,89
1992-93,Sheffield United,Sheff Utd,89
1992-93,Sheffield United,Sheff Utd,89
1992-93,Sheffield United,Sheff Utd,89
1992-93,Sheffield United,Sheff Utd,89
1992-93,Sheffield United,Sheff Utd,89
1992-93,Sheffield United,Sheff Utd,89
1992-93,Sheffield United,Sheff Utd,89
1992-93,Sheffield United,Sheff Utd,89
1992-93,Sheffield United,Sheff Utd,89
1992-93,Sheffield United,Sheff Utd,89
1992-93,Sheffield United,Sheff Utd,89
1992-93,Sheffield United,Sheff Utd,89
1992-93,Sheffield United,Sheff Utd,89
1992-93,Sheffield United,Sheff Utd,89
1992-93,Sheffield United,Sheff Utd,89
1992-93,Sheffield United,Sheff Utd,89
1992-93,Sheffield United,Sheff Utd,89
1992-93,Sheffield United,Sheff Utd,89
1992-93,Sheffield United,Sheff Utd,89
1992-93,Sheffield United,Sheff Utd,89
1992-93,Sheffield United,Sheff Utd,89
1992-93,Sheffield United,Sheff Utd,89
1992-93,Sheffield United,Sheff Utd,89
1992-93,Sheffield United,Sheff Utd,89
1992-93,Sheffield United,Sheff Utd,89
1992-93,Sheffield United,Sheff Utd,89
1992-93,Sheffield United,Sheff Utd,89
1992-93,Sheffield United,Sheff Utd,89
1992-93,Sheffield United,Sheff Utd,89
1992-93,Sheffield United,Sheff Utd,89
1992-93,Sheffield United,Sheff Utd,89
1992-93,Sheffield United,Sheff Utd,89
1992-93,Sheffield United,Sheff Utd,89
1992-93,Sheffield United,Sheff Utd,89
1992-93,Sheffield United,Sheff Utd,89
1992-93,Sheffield United,Sheff Utd,89
1992-93,Sheffield United,Sheff Utd,89
1992-93,Sheffield United,Sheff Utd,89
1992-93,Sheffield United,Sheff Utd,89
1992-93,Sheffield United,Sheff Utd,89
1992-93,Sheffield United,Sheff Utd,89
1992-93,Sheffield United,Sheff Utd,89
1992-93,Sheffield United,Sheff Utd,89
1992-93,Sheffield United,Sheff Utd,89
1992-93,Sheffield Wednesday,Sheff Wed,72
1992-93,Sheffield Wednesday,Sheff Wed,73
1992-93,Sheffield Wednesday,Sheff Wed,85
1992-93,Sheffield Wednesday,Sheff Wed,89
1992-93,Sheffield Wednesday,Sheff Wed,89
1992-93,Sheffield Wednesday,Sheff Wed,89
1992-93,Sheffield Wednesday,Sheff Wed,89
1992-93,Sheffield Wednesday,Sheff Wed,89
1992-93,Sheffield Wednesday,Sheff Wed,89
1992-93,Sheffield Wednesday,Sheff Wed,89
1992-93,Sheffield Wednesday,Sheff Wed,89
1992-93,Sheffield Wednesday,Sheff Wed,89
1992-93,Sheffield Wednesday,Sheff Wed,89
1992-93,Sheffield Wednesday,Sheff Wed,89
1992-93,Sheffield Wednesday,Sheff Wed,89
1992-93,Sheffield Wednesday,Sheff Wed,89
1992-93,Sheffield Wednesday,Sheff Wed,89
1992-93,Sheffield Wednesday,Sheff Wed,89
1992-93,Sheffield Wednesday,Sheff Wed,89
1992-93,Sheffield Wednesday,Sheff Wed,89
1992-93,Sheffield Wednesday,Sheff Wed,89
1992-93,Sheffield Wednesday,Sheff Wed,89
1992-93,Sheffield Wednesday,Sheff Wed,89
1992-93,Sheffield Wednesday,Sheff Wed,89
1992-93,Sheffield Wednesday,Sheff Wed,89
1992-93,Sheffield Wednesday,Sheff Wed,89
1992-93,Sheffield Wednesday,Sheff Wed,89
1992-93,Sheffield Wednesday,Sheff Wed,89
1992-93,Sheffield Wednesday,Sheff Wed,89
1992-93,Southampton,Southampton,30
1992-93,Southampton,Southampton,44
1992-93,Southampton,Southampton,51
1992-93,Southampton,Southampton,52
1992-93,Southampton,Southampton,57
1992-93,Southampton,Southampton,58
1992-93,Southampton,Southampton,62
1992-93,Southampton,Southampton,72
1992-93,Southampton,Southampton,78
1992-93,Southampton,Southampton,79
1992-93,Southampton,Southampton,89
1992-93,Southampton,Southampton,89
1992-93,Southampton,Southampton,89
1992-93,Southampton,Southampton,89
1992-93,Southampton,Southampton,89
1992-93,Southampton,Southampton,89
1992-93,Southampton,Southampton,89
1992-93,Southampton,Southampton,89
1992-93,Southampton,Southampton,89
1992-93,Southampton,Southampton,89
1992-93,Southampton,Southampton,89
1992-93,Southampton,Southampton,89
1992-93,Southampton,Southampton,89
1992-93,Southampton,Southampton,89
1992-93,Southampton,Southampton,89
1992-93,Southampton,Southampton,89
1992-93,Southampton,Southampton,89
1992-93,Southampton,Southampton,89
1992-93,Southampton,Southampton,89
1992-93,Southampton,Southampton,89
1992-93,Southampton,Southampton,89
1992-93,Southampton,Southampton,89
1992-93,Southampton,Southampton,89
1992-93,Southampton,Southampton,89
1992-93,Southampton,Southampton,89
1992-93,Southampton,Southampton,89
1992-93,Southampton,Southampton,89
1992-93,Southampton,Southampton,89
1992-93,Southampton,Southampton,89
1992-93,Southampton,Southampton,89
1992-93,Southampton,Southampton,89
1992-93,Southampton,Southampton,89
1992-93,Southampton,Southampton,89
1992-93,Southampton,Southampton,89
1992-93,Southampton,Southampton,89
1992-93,Southampton,Southampton,89
1992-93,Southampton,Southampton,89
1992-93,Southampton,Southampton,89
1992-93,Southampton,Southampton,89
1992-93,Southampton,Southampton,89
1992-93,Southampton,Southampton,89
1992-93,Southampton,Southampton,89
1992-93,Southampton,Southampton,89
1992-93,Southampton,Southampton,89
1992-93,Southampton,Southampton,89
1992-93,Southampton,Southampton,89
1992-93,Southampton,Southampton,89
1992-93,Tottenham Hotspur,Spurs,44
1992-93,Tottenham Hotspur,Spurs,55
1992-93,Tottenham Hotspur,Spurs,71
1992-93,Tottenham Hotspur,Spurs,72
1992-93,Tottenham Hotspur,Spurs,74
1992-93,Tottenham Hotspur,Spurs,74
1992-93,Tottenham Hotspur,Spurs,77
1992-93,Tottenham Hotspur,Spurs,80
1992-93,Tottenham Hotspur,Spurs,89
1992-93,Tottenham Hotspur,Spurs,89
1992-93,Tottenham Hotspur,Spurs,89
1992-93,Tottenham Hotspur,Spurs,89
1992-93,Tottenham Hotspur,Spurs,89
1992-93,Tottenham Hotspur,Spurs,89
1992-93,Tottenham Hotspur,Spurs,89
1992-93,Tottenham Hotspur,Spurs,89
1992-93,Tottenham Hotspur,Spurs,89
1992-93,Tottenham Hotspur,Spurs,89
1992-93,Tottenham Hotspur,Spurs,89
1992-93,Tottenham Hotspur,Spurs,89
1992-93,Tottenham Hotspur,Spurs,89
1992-93,Tottenham Hotspur,Spurs,89
1992-93,Tottenham Hotspur,Spurs,89
1992-93,Tottenham Hotspur,Spurs,89
1992-93,Tottenham Hotspur,Spurs,89
1992-93,Tottenham Hotspur,Spurs,89
1992-93,Tottenham Hotspur,Spurs,89
1992-93,Tottenham Hotspur,Spurs,89
1992-93,Tottenham Hotspur,Spurs,89
1992-93,Tottenham Hotspur,Spurs,89
1992-93,Tottenham Hotspur,Spurs,89
1992-93,Tottenham Hotspur,Spurs,89
1992-93,Tottenham Hotspur,Spurs,89
1992-93,Tottenham Hotspur,Spurs,89
1992-93,Tottenham Hotspur,Spurs,89
1992-93,Tottenham Hotspur,Spurs,89
1992-93,Tottenham Hotspur,Spurs,89
1992-93,Tottenham Hotspur,Spurs,89
1992-93,Tottenham Hotspur,Spurs,89
1992-93,Wimbledon,Wimbledon,0
1992-93,Wimbledon,Wimbledon,19
1992-93,Wimbledon,Wimbledon,40
1992-93,Wimbledon,Wimbledon,59
1992-93,Wimbledon,Wimbledon,66
1992-93,Wimbledon,Wimbledon,80
1992-93,Wimbledon,Wimbledon,88
1992-93,Wimbledon,Wimbledon,89
1992-93,Wimbledon,Wimbledon,89
1992-93,Wimbledon,Wimbledon,89
1992-93,Wimbledon,Wimbledon,89
1992-93,Wimbledon,Wimbledon,89
1992-93,Wimbledon,Wimbledon,89
1992-93,Wimbledon,Wimbledon,89
1992-93,Wimbledon,Wimbledon,89
1992-93,Wimbledon,Wimbledon,89
1992-93,Wimbledon,Wimbledon,89
1992-93,Wimbledon,Wimbledon,89
1992-93,Wimbledon,Wimbledon,89
1992-93,Wimbledon,Wimbledon,89
1992-93,Wimbledon,Wimbledon,89
1992-93,Wimbledon,Wimbledon,89
1992-93,Wimbledon,Wimbledon,89
1992-93,Wimbledon,Wimbledon,89
1992-93,Wimbledon,Wimbledon,89
1992-93,Wimbledon,Wimbledon,89
1992-93,Wimbledon,Wimbledon,89
1992-93,Wimbledon,Wimbledon,89
1992-93,Wimbledon,Wimbledon,89
1992-93,Wimbledon,Wimbledon,89
1992-93,Wimbledon,Wimbledon,89
1992-93,Wimbledon,Wimbledon,89
1992-93,Wimbledon,Wimbledon,89
1992-93,Wimbledon,Wimbledon,89
1992-93,Wimbledon,Wimbledon,89
1992-93,Wimbledon,Wimbledon,89
1992-93,Wimbledon,Wimbledon,89
1992-93,Wimbledon,Wimbledon,89
1992-93,Wimbledon,Wimbledon,89
1992-93,Wimbledon,Wimbledon,89
1992-93,Wimbledon,Wimbledon,89
1992-93,Wimbledon,Wimbledon,89
1992-93,Wimbledon,Wimbledon,89
1992-93,Wimbledon,Wimbledon,89
1992-93,Wimbledon,Wimbledon,89
1992-93,Wimbledon,Wimbledon,89
1992-93,Wimbledon,Wimbledon,89
1992-93,Wimbledon,Wimbledon,89
1999-00,Arsenal,Arsenal,0
1999-00,Arsenal,Arsenal,16
1999-00,Arsenal,Arsenal,17
1999-00,Arsenal,Arsenal,24
1999-00,Arsenal,Arsenal,59
1999-00,Arsenal,Arsenal,62
1999-00,Arsenal,Arsenal,64
1999-00,Arsenal,Arsenal,64
1999-00,Arsenal,Arsenal,66
1999-00,Arsenal,Arsenal,69
1999-00,Arsenal,Arsenal,70
1999-00,Arsenal,Arsenal,72
1999-00,Arsenal,Arsenal,77
1999-00,Arsenal,Arsenal,81
1999-00,Arsenal,Arsenal,84
1999-00,Arsenal,Arsenal,89
1999-00,Arsenal,Arsenal,89
1999-00,Arsenal,Arsenal,89
1999-00,Arsenal,Arsenal,89
1999-00,Arsenal,Arsenal,89
1999-00,Arsenal,Arsenal,89
1999-00,Arsenal,Arsenal,89
1999-00,Arsenal,Arsenal,89
1999-00,Arsenal,Arsenal,89
1999-00,Arsenal,Arsenal,89
1999-00,Arsenal,Arsenal,89
1999-00,Arsenal,Arsenal,89
1999-00,Arsenal,Arsenal,89
1999-00,Arsenal,Arsenal,89
1999-00,Arsenal,Arsenal,89
1999-00,Arsenal,Arsenal,89
1999-00,Arsenal,Arsenal,89
1999-00,Arsenal,Arsenal,89
1999-00,Arsenal,Arsenal,89
1999-00,Arsenal,Arsenal,89
1999-00,Arsenal,Arsenal,89
1999-00,Arsenal,Arsenal,89
1999-00,Arsenal,Arsenal,89
1999-00,Arsenal,Arsenal,89
1999-00,Arsenal,Arsenal,89
1999-00,Arsenal,Arsenal,89
1999-00,Arsenal,Arsenal,89
1999-00,Arsenal,Arsenal,89
1999-00,Arsenal,Arsenal,89
1999-00,Arsenal,Arsenal,89
1999-00,Arsenal,Arsenal,89
1999-00,Arsenal,Arsenal,89
1999-00,Arsenal,Arsenal,89
1999-00,Arsenal,Arsenal,89
1999-00,Arsenal,Arsenal,89
1999-00,Arsenal,Arsenal,89
1999-00,Arsenal,Arsenal,89
1999-00,Arsenal,Arsenal,89
1999-00,Arsenal,Arsenal,89
1999-00,Arsenal,Arsenal,89
1999-00,Arsenal,Arsenal,89
1999-00,Arsenal,Arsenal,89
1999-00,Arsenal,Arsenal,89
1999-00,Arsenal,Arsenal,89
1999-00,Arsenal,Arsenal,89
1999-00,Arsenal,Arsenal,89
1999-00,Arsenal,Arsenal,89
1999-00,Arsenal,Arsenal,89
1999-00,Arsenal,Arsenal,89
1999-00,Arsenal,Arsenal,89
1999-00,Arsenal,Arsenal,89
1999-00,Aston Villa,Aston Villa,9
1999-00,Aston Villa,Aston Villa,9
1999-00,Aston Villa,Aston Villa,14
1999-00,Aston Villa,Aston Villa,17
1999-00,Aston Villa,Aston Villa,62
1999-00,Aston Villa,Aston Villa,63
1999-00,Aston Villa,Aston Villa,66
1999-00,Aston Villa,Aston Villa,69
1999-00,Aston Villa,Aston Villa,79
1999-00,Aston Villa,Aston Villa,79
1999-00,Aston Villa,Aston Villa,80
1999-00,Aston Villa,Aston Villa,83
1999-00,Aston Villa,Aston Villa,89
1999-00,Aston Villa,Aston Villa,89
1999-00,Aston Villa,Aston Villa,89
1999-00,Aston Villa,Aston Villa,89
1999-00,Aston Villa,Aston Villa,89
1999-00,Aston Villa,Aston Villa,89
1999-00,Aston Villa,Aston Villa,89
1999-00,Aston Villa,Aston Villa,89
1999-00,Aston Villa,Aston Villa,89
1999-00,Aston Villa,Aston Villa,89
1999-00,Aston Villa,Aston Villa,89
1999-00,Aston Villa,Aston Villa,89
1999-00,Aston Villa,Aston Villa,89
1999-00,Aston Villa,Aston Villa,89
1999-00,Aston Villa,Aston Villa,89
1999-00,Aston Villa,Aston Villa,89
1999-00,Aston Villa,Aston Villa,89
1999-00,Aston Villa,Aston Villa,89
1999-00,Aston Villa,Aston Villa,89
1999-00,Aston Villa,Aston Villa,89
1999-00,Aston Villa,Aston Villa,89
1999-00,Aston Villa,Aston Villa,89
1999-00,Aston Villa,Aston Villa,89
1999-00,Aston Villa,Aston Villa,89
1999-00,Aston Villa,Aston Villa,89
1999-00,Aston Villa,Aston Villa,89
1999-00,Aston Villa,Aston Villa,89
1999-00,Aston Villa,Aston Villa,89
1999-00,Aston Villa,Aston Villa,89
1999-00,Aston Villa,Aston Villa,89
1999-00,Aston Villa,Aston Villa,89
1999-00,Aston Villa,Aston Villa,89
1999-00,Aston Villa,Aston Villa,89
1999-00,Aston Villa,Aston Villa,89
1999-00,Aston Villa,Aston Villa,89
1999-00,Aston Villa,Aston Villa,89
1999-00,Aston Villa,Aston Villa,89
1999-00,Aston Villa,Aston Villa,89
1999-00,Aston Villa,Aston Villa,89
1999-00,Aston Villa,Aston Villa,89
1999-00,Aston Villa,Aston Villa,89
1999-00,Aston Villa,Aston Villa,89
1999-00,Aston Villa,Aston Villa,89
1999-00,Aston Villa,Aston Villa,89
1999-00,Aston Villa,Aston Villa,89
1999-00,Aston Villa,Aston Villa,89
1999-00,Aston Villa,Aston Villa,89
1999-00,Aston Villa,Aston Villa,89
1999-00,Aston Villa,Aston Villa,89
1999-00,Aston Villa,Aston Villa,89
1999-00,Aston Villa,Aston Villa,89
1999-00,Aston Villa,Aston Villa,89
1999-00,Aston Villa,Aston Villa,89
1999-00,Bradford City,Bradford,31
1999-00,Bradford City,Bradford,57
1999-00,Bradford City,Bradford,70
1999-00,Bradford City,Bradford,71
1999-00,Bradford City,Bradford,77
1999-00,Bradford City,Bradford,80
1999-00,Bradford City,Bradford,89
1999-00,Bradford City,Bradford,89
1999-00,Bradford City,Bradford,89
1999-00,Bradford City,Bradford,89
1999-00,Bradford City,Bradford,89
1999-00,Bradford City,Bradford,89
1999-00,Bradford City,Bradford,89
1999-00,Bradford City,Bradford,89
1999-00,Bradford City,Bradford,89
1999-00,Bradford City,Bradford,89
1999-00,Bradford City,Bradford,89
1999-00,Bradford City,Bradford,89
1999-00,Bradford City,Bradford,89
1999-00,Bradford City,Bradford,89
1999-00,Bradford City,Bradford,89
1999-00,Bradford City,Bradford,89
1999-00,Bradford City,Bradford,89
1999-00,Bradford City,Bradford,89
1999-00,Bradford City,Bradford,89
1999-00,Bradford City,Bradford,89
1999-00,Bradford City,Bradford,89
1999-00,Bradford City,Bradford,89
1999-00,Bradford City,Bradford,89
1999-00,Bradford City,Bradford,89
1999-00,Bradford City,Bradford,89
1999-00,Bradford City,Bradford,89
1999-00,Bradford City,Bradford,89
1999-00,Bradford City,Bradford,89
1999-00,Bradford City,Bradford,89
1999-00,Bradford City,Bradford,89
1999-00,Bradford City,Bradford,89
1999-00,Bradford City,Bradford,89
1999-00,Bradford City,Bradford,89
1999-00,Bradford City,Bradford,89
1999-00,Bradford City,Bradford,89
1999-00,Bradford City,Bradford,89
1999-00,Bradford City,Bradford,89
1999-00,Bradford City,Bradford,89
1999-00,Bradford City,Bradford,89
1999-00,Bradford City,Bradford,89
1999-00,Bradford City,Bradford,89
1999-00,Bradford City,Bradford,89
1999-00,Bradford City,Bradford,89
1999-00,Bradford City,Bradford,89
1999-00,Bradford City,Bradford,89
1999-00,Bradford City,Bradford,89
1999-00,Bradford City,Bradford,89
1999-00,Bradford City,Bradford,89
1999-00,Bradford City,Bradford,89
1999-00,Bradford City,Bradford,89
1999-00,Chelsea,Chelsea,15
1999-00,Chelsea,Chelsea,29
1999-00,Chelsea,Chelsea,44
1999-00,Chelsea,Chelsea,49
1999-00,Chelsea,Chelsea,52
1999-00,Chelsea,Chelsea,56
1999-00,Chelsea,Chelsea,63
1999-00,Chelsea,Chelsea,64
1999-00,Chelsea,Chelsea,69
1999-00,Chelsea,Chelsea,75
1999-00,Chelsea,Chelsea,80
1999-00,Chelsea,Chelsea,81
1999-00,Chelsea,Chelsea,81
1999-00,Chelsea,Chelsea,84
1999-00,Chelsea,Chelsea,88
1999-00,Chelsea,Chelsea,89
1999-00,Chelsea,Chelsea,89
1999-00,Chelsea,Chelsea,89
1999-00,Chelsea,Chelsea,89
1999-00,Chelsea,Chelsea,89
1999-00,Chelsea,Chelsea,89
1999-00,Chelsea,Chelsea,89
1999-00,Chelsea,Chelsea,89
1999-00,Chelsea,Chelsea,89
1999-00,Chelsea,Chelsea,89
1999-00,Chelsea,Chelsea,89
1999-00,Chelsea,Chelsea,89
1999-00,Chelsea,Chelsea,89
1999-00,Chelsea,Chelsea,89
1999-00,Chelsea,Chelsea,89
1999-00,Chelsea,Chelsea,89
1999-00,Chelsea,Chelsea,89
1999-00,Chelsea,Chelsea,89
1999-00,Chelsea,Chelsea,89
1999-00,Chelsea,Chelsea,89
1999-00,Chelsea,Chelsea,89
1999-00,Chelsea,Chelsea,89
1999-00,Chelsea,Chelsea,89
1999-00,Chelsea,Chelsea,89
1999-00,Chelsea,Chelsea,89
1999-00,Chelsea,Chelsea,89
1999-00,Chelsea,Chelsea,89
1999-00,Chelsea,Chelsea,89
1999-00,Chelsea,Chelsea,89
1999-00,Chelsea,Chelsea,89
1999-00,Chelsea,Chelsea,89
1999-00,Chelsea,Chelsea,89
1999-00,Chelsea,Chelsea,89
1999-00,Chelsea,Chelsea,89
1999-00,Chelsea,Chelsea,89
1999-00,Chelsea,Chelsea,89
1999-00,Chelsea,Chelsea,89
1999-00,Chelsea,Chelsea,89
1999-00,Chelsea,Chelsea,89
1999-00,Chelsea,Chelsea,89
1999-00,Chelsea,Chelsea,89
1999-00,Chelsea,Chelsea,89
1999-00,Chelsea,Chelsea,89
1999-00,Chelsea,Chelsea,89
1999-00,Coventry City,Coventry,25
1999-00,Coventry City,Coventry,32
1999-00,Coventry City,Coventry,54
1999-00,Coventry City,Coventry,60
1999-00,Coventry City,Coventry,62
1999-00,Coventry City,Coventry,71
1999-00,Coventry City,Coventry,74
1999-00,Coventry City,Coventry,76
1999-00,Coventry City,Coventry,87
1999-00,Coventry City,Coventry,89
1999-00,Coventry City,Coventry,89
1999-00,Coventry City,Coventry,89
1999-00,Coventry City,Coventry,89
1999-00,Coventry City,Coventry,89
1999-00,Coventry City,Coventry,89
1999-00,Coventry City,Coventry,89
1999-00,Coventry City,Coventry,89
1999-00,Coventry City,Coventry,89
1999-00,Coventry City,Coventry,89
1999-00,Coventry City,Coventry,89
1999-00,Coventry City,Coventry,89
1999-00,Coventry City,Coventry,89
1999-00,Coventry City,Coventry,89
1999-00,Coventry City,Coventry,89
1999-00,Coventry City,Coventry,89
1999-00,Coventry City,Coventry,89
1999-00,Coventry City,Coventry,89
1999-00,Coventry City,Coventry,89
1999-00,Coventry City,Coventry,89
1999-00,Coventry City,Coventry,89
1999-00,Coventry City,Coventry,89
1999-00,Coventry City,Coventry,89
1999-00,Coventry City,Coventry,89
1999-00,Coventry City,Coventry,89
1999-00,Coventry City,Coventry,89
1999-00,Coventry City,Coventry,89
1999-00,Coventry City,Coventry,89
1999-00,Coventry City,Coventry,89
1999-00,Coventry City,Coventry,89
1999-00,Coventry City,Coventry,89
1999-00,Coventry City,Coventry,89
1999-00,Coventry City,Coventry,89
1999-00,Coventry City,Coventry,89
1999-00,Coventry City,Coventry,89
1999-00,Coventry City,Coventry,89
1999-00,Coventry City,Coventry,89
1999-00,Coventry City,Coventry,89
1999-00,Coventry City,Coventry,89
1999-00,Coventry City,Coventry,89
1999-00,Coventry City,Coventry,89
1999-00,Coventry City,Coventry,89
1999-00,Coventry City,Coventry,89
1999-00,Coventry City,Coventry,89
1999-00,Coventry City,Coventry,89
1999-00,Derby County,Derby,7
1999-00,Derby County,Derby,14
1999-00,Derby County,Derby,18
1999-00,Derby County,Derby,26
1999-00,Derby County,Derby,28
1999-00,Derby County,Derby,29
1999-00,Derby County,Derby,32
1999-00,Derby County,Derby,32
1999-00,Derby County,Derby,44
1999-00,Derby County,Derby,44
1999-00,Derby County,Derby,44
1999-00,Derby County,Derby,52
1999-00,Derby County,Derby,57
1999-00,Derby County,Derby,62
1999-00,Derby County,Derby,70
1999-00,Derby County,Derby,73
1999-00,Derby County,Derby,73
1999-00,Derby County,Derby,74
1999-00,Derby County,Derby,76
1999-00,Derby County,Derby,76
1999-00,Derby County,Derby,78
1999-00,Derby County,Derby,78
1999-00,Derby County,Derby,81
1999-00,Derby County,Derby,81
1999-00,Derby County,Derby,82
1999-00,Derby County,Derby,87
1999-00,Derby County,Derby,88
1999-00,Derby County,Derby,89
1999-00,Derby County,Derby,89
1999-00,Derby County,Derby,89
1999-00,Derby County,Derby,89
1999-00,Derby County,Derby,89
1999-00,Derby County,Derby,89
1999-00,Derby County,Derby,89
1999-00,Derby County,Derby,89
1999-00,Derby County,Derby,89
1999-00,Derby County,Derby,89
1999-00,Derby County,Derby,89
1999-00,Derby County,Derby,89
1999-00,Derby County,Derby,89
1999-00,Derby County,Derby,89
1999-00,Derby County,Derby,89
1999-00,Derby County,Derby,89
1999-00,Derby County,Derby,89
1999-00,Derby County,Derby,89
1999-00,Derby County,Derby,89
1999-00,Derby County,Derby,89
1999-00,Derby County,Derby,89
1999-00,Derby County,Derby,89
1999-00,Derby County,Derby,89
1999-00,Derby County,Derby,89
1999-00,Derby County,Derby,89
1999-00,Derby County,Derby,89
1999-00,Derby County,Derby,89
1999-00,Derby County,Derby,89
1999-00,Derby County,Derby,89
1999-00,Derby County,Derby,89
1999-00,Derby County,Derby,89
1999-00,Derby County,Derby,89
1999-00,Derby County,Derby,89
1999-00,Derby County,Derby,89
1999-00,Derby County,Derby,89
1999-00,Derby County,Derby,89
1999-00,Derby County,Derby,89
1999-00,Derby County,Derby,89
1999-00,Derby County,Derby,89
1999-00,Derby County,Derby,89
1999-00,Derby County,Derby,89
1999-00,Derby County,Derby,89
1999-00,Derby County,Derby,89
1999-00,Derby County,Derby,89
1999-00,Derby County,Derby,89
1999-00,Derby County,Derby,89
1999-00,Derby County,Derby,89
1999-00,Derby County,Derby,89
1999-00,Derby County,Derby,89
1999-00,Derby County,Derby,89
1999-00,Derby County,Derby,89
1999-00,Derby County,Derby,89
1999-00,Derby County,Derby,89
1999-00,Derby County,Derby,89
1999-00,Derby County,Derby,89
1999-00,Derby County,Derby,89
1999-00,Derby County,Derby,89
1999-00,Derby County,Derby,89
1999-00,Derby County,Derby,89
1999-00,Derby County,Derby,89
1999-00,Derby County,Derby,89
1999-00,Derby County,Derby,89
1999-00,Derby County,Derby,89
1999-00,Derby County,Derby,89
1999-00,Derby County,Derby,89
1999-00,Derby County,Derby,89
1999-00,Everton,Everton,11
1999-00,Everton,Everton,13
1999-00,Everton,Everton,26
1999-00,Everton,Everton,44
1999-00,Everton,Everton,62
1999-00,Everton,Everton,62
1999-00,Everton,Everton,64
1999-00,Everton,Everton,71
1999-00,Everton,Everton,72
1999-00,Everton,Everton,72
1999-00,Everton,Everton,75
1999-00,Everton,Everton,79
1999-00,Everton,Everton,84
1999-00,Everton,Everton,89
1999-00,Everton,Everton,89
1999-00,Everton,Everton,89
1999-00,Everton,Everton,89
1999-00,Everton,Everton,89
1999-00,Everton,Everton,89
1999-00,Everton,Everton,89
1999-00,Everton,Everton,89
1999-00,Everton,Everton,89
1999-00,Everton,Everton,89
1999-00,Everton,Everton,89
1999-00,Everton,Everton,89
1999-00,Everton,Everton,89
1999-00,Everton,Everton,89
1999-00,Everton,Everton,89
1999-00,Everton,Everton,89
1999-00,Everton,Everton,89
1999-00,Everton,Everton,89
1999-00,Everton,Everton,89
1999-00,Everton,Everton,89
1999-00,Everton,Everton,89
1999-00,Everton,Everton,89
1999-00,Everton,Everton,89
1999-00,Everton,Everton,89
1999-00,Everton,Everton,89
1999-00,Everton,Everton,89
1999-00,Everton,Everton,89
1999-00,Everton,Everton,89
1999-00,Everton,Everton,89
1999-00,Everton,Everton,89
1999-00,Everton,Everton,89
1999-00,Everton,Everton,89
1999-00,Everton,Everton,89
1999-00,Everton,Everton,89
1999-00,Everton,Everton,89
1999-00,Everton,Everton,89
1999-00,Everton,Everton,89
1999-00,Everton,Everton,89
1999-00,Everton,Everton,89
1999-00,Everton,Everton,89
1999-00,Everton,Everton,89
1999-00,Everton,Everton,89
1999-00,Everton,Everton,89
1999-00,Everton,Everton,89
1999-00,Leeds United,Leeds,7
1999-00,Leeds United,Leeds,10
1999-00,Leeds United,Leeds,12
1999-00,Leeds United,Leeds,13
1999-00,Leeds United,Leeds,44
1999-00,Leeds United,Leeds,59
1999-00,Leeds United,Leeds,61
1999-00,Leeds United,Leeds,68
1999-00,Leeds United,Leeds,72
1999-00,Leeds United,Leeds,74
1999-00,Leeds United,Leeds,76
1999-00,Leeds United,Leeds,78
1999-00,Leeds United,Leeds,84
1999-00,Leeds United,Leeds,84
1999-00,Leeds United,Leeds,89
1999-00,Leeds United,Leeds,89
1999-00,Leeds United,Leeds,89
1999-00,Leeds United,Leeds,89
1999-00,Leeds United,Leeds,89
1999-00,Leeds United,Leeds,89
1999-00,Leeds United,Leeds,89
1999-00,Leeds United,Leeds,89
1999-00,Leeds United,Leeds,89
1999-00,Leeds United,Leeds,89
1999-00,Leeds United,Leeds,89
1999-00,Leeds United,Leeds,89
1999-00,Leeds United,Leeds,89
1999-00,Leeds United,Leeds,89
1999-00,Leeds United,Leeds,89
1999-00,Leeds United,Leeds,89
1999-00,Leeds United,Leeds,89
1999-00,Leeds United,Leeds,89
1999-00,Leeds United,Leeds,89
1999-00,Leeds United,Leeds,89
1999-00,Leeds United,Leeds,89
1999-00,Leeds United,Leeds,89
1999-00,Leeds United,Leeds,89
1999-00,Leeds United,Leeds,89
1999-00,Leeds United,Leeds,89
1999-00,Leeds United,Leeds,89
1999-00,Leeds United,Leeds,89
1999-00,Leeds United,Leeds,89
1999-00,Leeds United,Leeds,89
1999-00,Leeds United,Leeds,89
1999-00,Leeds United,Leeds,89
1999-00,Leeds United,Leeds,89
1999-00,Leeds United,Leeds,89
1999-00,Leeds United,Leeds,89
1999-00,Leeds United,Leeds,89
1999-00,Leeds United,Leeds,89
1999-00,Leeds United,Leeds,89
1999-00,Leeds United,Leeds,89
1999-00,Leeds United,Leeds,89
1999-00,Leeds United,Leeds,89
1999-00,Leeds United,Leeds,89
1999-00,Leeds United,Leeds,89
1999-00,Leeds United,Leeds,89
1999-00,Leeds United,Leeds,89
1999-00,Leeds United,Leeds,89
1999-00,Leeds United,Leeds,89
1999-00,Leeds United,Leeds,89
1999-00,Leeds United,Leeds,89
1999-00,Leeds United,Leeds,89
1999-00,Leeds United,Leeds,89
1999-00,Leeds United,Leeds,89
1999-00,Leeds United,Leeds,89
1999-00,Leeds United,Leeds,89
1999-00,Leeds United,Leeds,89
1999-00,Leeds United,Leeds,89
1999-00,Leeds United,Leeds,89
1999-00,Leeds United,Leeds,89
1999-00,Leeds United,Leeds,89
1999-00,Leeds United,Leeds,89
1999-00,Leeds United,Leeds,89
1999-00,Leeds United,Leeds,89
1999-00,Leicester City,Leicester,24
1999-00,Leicester City,Leicester,51
1999-00,Leicester City,Leicester,53
1999-00,Leicester City,Leicester,64
1999-00,Leicester City,Leicester,70
1999-00,Leicester City,Leicester,81
1999-00,Leicester City,Leicester,84
1999-00,Leicester City,Leicester,88
1999-00,Leicester City,Leicester,89
1999-00,Leicester City,Leicester,89
1999-00,Leicester City,Leicester,89
1999-00,Leicester City,Leicester,89
1999-00,Leicester City,Leicester,89
1999-00,Leicester City,Leicester,89
1999-00,Leicester City,Leicester,89
1999-00,Leicester City,Leicester,89
1999-00,Leicester City,Leicester,89
1999-00,Leicester City,Leicester,89
1999-00,Leicester City,Leicester,89
1999-00,Leicester City,Leicester,89
1999-00,Leicester City,Leicester,89
1999-00,Leicester City,Leicester,89
1999-00,Leicester City,Leicester,89
1999-00,Leicester City,Leicester,89
1999-00,Leicester City,Leicester,89
1999-00,Leicester City,Leicester,89
1999-00,Leicester City,Leicester,89
1999-00,Leicester City,Leicester,89
1999-00,Leicester City,Leicester,89
1999-00,Leicester City,Leicester,89
1999-00,Leicester City,Leicester,89
1999-00,Leicester City,Leicester,89
1999-00,Leicester City,Leicester,89
1999-00,Leicester City,Leicester,89
1999-00,Leicester City,Leicester,89
1999-00,Leicester City,Leicester,89
1999-00,Leicester City,Leicester,89
1999-00,Leicester City,Leicester,89
1999-00,Leicester City,Leicester,89
1999-00,Leicester City,Leicester,89
1999-00,Leicester City,Leicester,89
1999-00,Leicester City,Leicester,89
1999-00,Leicester City,Leicester,89
1999-00,Leicester City,Leicester,89
1999-00,Liverpool,Liverpool,8
1999-00,Liverpool,Liverpool,8
1999-00,Liverpool,Liverpool,15
1999-00,Liverpool,Liverpool,17
1999-00,Liverpool,Liverpool,23
1999-00,Liverpool,Liverpool,32
1999-00,Liverpool,Liverpool,44
1999-00,Liverpool,Liverpool,55
1999-00,Liverpool,Liverpool,57
1999-00,Liverpool,Liverpool,59
1999-00,Liverpool,Liverpool,62
1999-00,Liverpool,Liverpool,63
1999-00,Liverpool,Liverpool,70
1999-00,Liverpool,Liverpool,73
1999-00,Liverpool,Liverpool,75
1999-00,Liverpool,Liverpool,79
1999-00,Liverpool,Liverpool,80
1999-00,Liverpool,Liverpool,80
1999-00,Liverpool,Liverpool,81
1999-00,Liverpool,Liverpool,89
1999-00,Liverpool,Liverpool,89
1999-00,Liverpool,Liverpool,89
1999-00,Liverpool,Liverpool,89
1999-00,Liverpool,Liverpool,89
1999-00,Liverpool,Liverpool,89
1999-00,Liverpool,Liverpool,89
1999-00,Liverpool,Liverpool,89
1999-00,Liverpool,Liverpool,89
1999-00,Liverpool,Liverpool,89
1999-00,Liverpool,Liverpool,89
1999-00,Liverpool,Liverpool,89
1999-00,Liverpool,Liverpool,89
1999-00,Liverpool,Liverpool,89
1999-00,Liverpool,Liverpool,89
1999-00,Liverpool,Liverpool,89
1999-00,Liverpool,Liverpool,89
1999-00,Liverpool,Liverpool,89
1999-00,Liverpool,Liverpool,89
1999-00,Liverpool,Liverpool,89
1999-00,Liverpool,Liverpool,89
1999-00,Liverpool,Liverpool,89
1999-00,Liverpool,Liverpool,89
1999-00,Liverpool,Liverpool,89
1999-00,Liverpool,Liverpool,89
1999-00,Liverpool,Liverpool,89
1999-00,Liverpool,Liverpool,89
1999-00,Liverpool,Liverpool,89
1999-00,Liverpool,Liverpool,89
1999-00,Liverpool,Liverpool,89
1999-00,Liverpool,Liverpool,89
1999-00,Liverpool,Liverpool,89
1999-00,Liverpool,Liverpool,89
1999-00,Liverpool,Liverpool,89
1999-00,Liverpool,Liverpool,89
1999-00,Liverpool,Liverpool,89
1999-00,Liverpool,Liverpool,89
1999-00,Liverpool,Liverpool,89
1999-00,Liverpool,Liverpool,89
1999-00,Liverpool,Liverpool,89
1999-00,Liverpool,Liverpool,89
1999-00,Manchester United,Man Utd,55
1999-00,Manchester United,Man Utd,56
1999-00,Manchester United,Man Utd,60
1999-00,Manchester United,Man Utd,62
1999-00,Manchester United,Man Utd,64
1999-00,Manchester United,Man Utd,67
1999-00,Manchester United,Man Utd,69
1999-00,Manchester United,Man Utd,80
1999-00,Manchester United,Man Utd,83
1999-00,Manchester United,Man Utd,84
1999-00,Manchester United,Man Utd,89
1999-00,Manchester United,Man Utd,89
1999-00,Manchester United,Man Utd,89
1999-00,Manchester United,Man Utd,89
1999-00,Manchester United,Man Utd,89
1999-00,Manchester United,Man Utd,89
1999-00,Manchester United,Man Utd,89
1999-00,Manchester United,Man Utd,89
1999-00,Manchester United,Man Utd,89
1999-00,Manchester United,Man Utd,89
1999-00,Manchester United,Man Utd,89
1999-00,Manchester United,Man Utd,89
1999-00,Manchester United,Man Utd,89
1999-00,Manchester United,Man Utd,89
1999-00,Manchester United,Man Utd,89
1999-00,Manchester United,Man Utd,89
1999-00,Manchester United,Man Utd,89
1999-00,Manchester United,Man Utd,89
1999-00,Manchester United,Man Utd,89
1999-00,Manchester United,Man Utd,89
1999-00,Manchester United,Man Utd,89
1999-00,Manchester United,Man Utd,89
1999-00,Manchester United,Man Utd,89
1999-00,Manchester United,Man Utd,89
1999-00,Manchester United,Man Utd,89
1999-00,Manchester United,Man Utd,89
1999-00,Manchester United,Man Utd,89
1999-00,Manchester United,Man Utd,89
1999-00,Manchester United,Man Utd,89
1999-00,Manchester United,Man Utd,89
1999-00,Manchester United,Man Utd,89
1999-00,Manchester United,Man Utd,89
1999-00,Middlesbrough,Boro,7
1999-00,Middlesbrough,Boro,13
1999-00,Middlesbrough,Boro,16
1999-00,Middlesbrough,Boro,27
1999-00,Middlesbrough,Boro,40
1999-00,Middlesbrough,Boro,44
1999-00,Middlesbrough,Boro,63
1999-00,Middlesbrough,Boro,68
1999-00,Middlesbrough,Boro,70
1999-00,Middlesbrough,Boro,73
1999-00,Middlesbrough,Boro,74
1999-00,Middlesbrough,Boro,75
1999-00,Middlesbrough,Boro,83
1999-00,Middlesbrough,Boro,89
1999-00,Middlesbrough,Boro,89
1999-00,Middlesbrough,Boro,89
1999-00,Middlesbrough,Boro,89
1999-00,Middlesbrough,Boro,89
1999-00,Middlesbrough,Boro,89
1999-00,Middlesbrough,Boro,89
1999-00,Middlesbrough,Boro,89
1999-00,Middlesbrough,Boro,89
1999-00,Middlesbrough,Boro,89
1999-00,Middlesbrough,Boro,89
1999-00,Middlesbrough,Boro,89
1999-00,Middlesbrough,Boro,89
1999-00,Middlesbrough,Boro,89
1999-00,Middlesbrough,Boro,89
1999-00,Middlesbrough,Boro,89
1999-00,Middlesbrough,Boro,89
1999-00,Middlesbrough,Boro,89
1999-00,Middlesbrough,Boro,89
1999-00,Middlesbrough,Boro,89
1999-00,Middlesbrough,Boro,89
1999-00,Middlesbrough,Boro,89
1999-00,Middlesbrough,Boro,89
1999-00,Middlesbrough,Boro,89
1999-00,Middlesbrough,Boro,89
1999-00,Middlesbrough,Boro,89
1999-00,Middlesbrough,Boro,89
1999-00,Middlesbrough,Boro,89
1999-00,Middlesbrough,Boro,89
1999-00,Middlesbrough,Boro,89
1999-00,Middlesbrough,Boro,89
1999-00,Middlesbrough,Boro,89
1999-00,Middlesbrough,Boro,89
1999-00,Middlesbrough,Boro,89
1999-00,Middlesbrough,Boro,89
1999-00,Middlesbrough,Boro,89
1999-00,Middlesbrough,Boro,89
1999-00,Middlesbrough,Boro,89
1999-00,Middlesbrough,Boro,89
1999-00,Middlesbrough,Boro,89
1999-00,Middlesbrough,Boro,89
1999-00,Middlesbrough,Boro,89
1999-00,Middlesbrough,Boro,89
1999-00,Middlesbrough,Boro,89
1999-00,Middlesbrough,Boro,89
1999-00,Middlesbrough,Boro,89
1999-00,Middlesbrough,Boro,89
1999-00,Middlesbrough,Boro,89
1999-00,Middlesbrough,Boro,89
1999-00,Middlesbrough,Boro,89
1999-00,Middlesbrough,Boro,89
1999-00,Middlesbrough,Boro,89
1999-00,Middlesbrough,Boro,89
1999-00,Middlesbrough,Boro,89
1999-00,Middlesbrough,Boro,89
1999-00,Middlesbrough,Boro,89
1999-00,Middlesbrough,Boro,89
1999-00,Middlesbrough,Boro,89
1999-00,Middlesbrough,Boro,89
1999-00,Middlesbrough,Boro,89
1999-00,Middlesbrough,Boro,89
1999-00,Middlesbrough,Boro,89
1999-00,Middlesbrough,Boro,89
1999-00,Middlesbrough,Boro,89
1999-00,Middlesbrough,Boro,89
1999-00,Middlesbrough,Boro,89
1999-00,Middlesbrough,Boro,89
1999-00,Middlesbrough,Boro,89
1999-00,Middlesbrough,Boro,89
1999-00,Newcastle United,Newcastle,57
1999-00,Newcastle United,Newcastle,74
1999-00,Newcastle United,Newcastle,85
1999-00,Newcastle United,Newcastle,86
1999-00,Newcastle United,Newcastle,88
1999-00,Newcastle United,Newcastle,89
1999-00,Newcastle United,Newcastle,89
1999-00,Newcastle United,Newcastle,89
1999-00,Newcastle United,Newcastle,89
1999-00,Newcastle United,Newcastle,89
1999-00,Newcastle United,Newcastle,89
1999-00,Newcastle United,Newcastle,89
1999-00,Newcastle United,Newcastle,89
1999-00,Newcastle United,Newcastle,89
1999-00,Newcastle United,Newcastle,89
1999-00,Newcastle United,Newcastle,89
1999-00,Newcastle United,Newcastle,89
1999-00,Newcastle United,Newcastle,89
1999-00,Newcastle United,Newcastle,89
1999-00,Newcastle United,Newcastle,89
1999-00,Newcastle United,Newcastle,89
1999-00,Newcastle United,Newcastle,89
1999-00,Newcastle United,Newcastle,89
1999-00,Newcastle United,Newcastle,89
1999-00,Newcastle United,Newcastle,89
1999-00,Newcastle United,Newcastle,89
1999-00,Newcastle United,Newcastle,89
1999-00,Newcastle United,Newcastle,89
1999-00,Newcastle United,Newcastle,89
1999-00,Newcastle United,Newcastle,89
1999-00,Newcastle United,Newcastle,89
1999-00,Newcastle United,Newcastle,89
1999-00,Newcastle United,Newcastle,89
1999-00,Newcastle United,Newcastle,89
1999-00,Newcastle United,Newcastle,89
1999-00,Newcastle United,Newcastle,89
1999-00,Newcastle United,Newcastle,89
1999-00,Newcastle United,Newcastle,89
1999-00,Newcastle United,Newcastle,89
1999-00,Newcastle United,Newcastle,89
1999-00,Newcastle United,Newcastle,89
1999-00,Newcastle United,Newcastle,89
1999-00,Newcastle United,Newcastle,89
1999-00,Newcastle United,Newcastle,89
1999-00,Newcastle United,Newcastle,89
1999-00,Newcastle United,Newcastle,89
1999-00,Newcastle United,Newcastle,89
1999-00,Newcastle United,Newcastle,89
1999-00,Newcastle United,Newcastle,89
1999-00,Sheffield Wednesday,Sheff Wed,2
1999-00,Sheffield Wednesday,Sheff Wed,9
1999-00,Sheffield Wednesday,Sheff Wed,15
1999-00,Sheffield Wednesday,Sheff Wed,16
1999-00,Sheffield Wednesday,Sheff Wed,26
1999-00,Sheffield Wednesday,Sheff Wed,44
1999-00,Sheffield Wednesday,Sheff Wed,44
1999-00,Sheffield Wednesday,Sheff Wed,46
1999-00,Sheffield Wednesday,Sheff Wed,55
1999-00,Sheffield Wednesday,Sheff Wed,62
1999-00,Sheffield Wednesday,Sheff Wed,62
1999-00,Sheffield Wednesday,Sheff Wed,64
1999-00,Sheffield Wednesday,Sheff Wed,70
1999-00,Sheffield Wednesday,Sheff Wed,76
1999-00,Sheffield Wednesday,Sheff Wed,76
1999-00,Sheffield Wednesday,Sheff Wed,79
1999-00,Sheffield Wednesday,Sheff Wed,83
1999-00,Sheffield Wednesday,Sheff Wed,88
1999-00,Sheffield Wednesday,Sheff Wed,88
1999-00,Sheffield Wednesday,Sheff Wed,89
1999-00,Sheffield Wednesday,Sheff Wed,89
1999-00,Sheffield Wednesday,Sheff Wed,89
1999-00,Sheffield Wednesday,Sheff Wed,89
1999-00,Sheffield Wednesday,Sheff Wed,89
1999-00,Sheffield Wednesday,Sheff Wed,89
1999-00,Sheffield Wednesday,Sheff Wed,89
1999-00,Sheffield Wednesday,Sheff Wed,89
1999-00,Sheffield Wednesday,Sheff Wed,89
1999-00,Sheffield Wednesday,Sheff Wed,89
1999-00,Sheffield Wednesday,Sheff Wed,89
1999-00,Sheffield Wednesday,Sheff Wed,89
1999-00,Sheffield Wednesday,Sheff Wed,89
1999-00,Sheffield Wednesday,Sheff Wed,89
1999-00,Sheffield Wednesday,Sheff Wed,89
1999-00,Sheffield Wednesday,Sheff Wed,89
1999-00,Sheffield Wednesday,Sheff Wed,89
1999-00,Sheffield Wednesday,Sheff Wed,89
1999-00,Sheffield Wednesday,Sheff Wed,89
1999-00,Sheffield Wednesday,Sheff Wed,89
1999-00,Sheffield Wednesday,Sheff Wed,89
1999-00,Sheffield Wednesday,Sheff Wed,89
1999-00,Sheffield Wednesday,Sheff Wed,89
1999-00,Sheffield Wednesday,Sheff Wed,89
1999-00,Sheffield Wednesday,Sheff Wed,89
1999-00,Sheffield Wednesday,Sheff Wed,89
1999-00,Sheffield Wednesday,Sheff Wed,89
1999-00,Southampton,Southampton,12
1999-00,Southampton,Southampton,23
1999-00,Southampton,Southampton,40
1999-00,Southampton,Southampton,44
1999-00,Southampton,Southampton,67
1999-00,Southampton,Southampton,70
1999-00,Southampton,Southampton,71
1999-00,Southampton,Southampton,74
1999-00,Southampton,Southampton,75
1999-00,Southampton,Southampton,75
1999-00,Southampton,Southampton,77
1999-00,Southampton,Southampton,80
1999-00,Southampton,Southampton,81
1999-00,Southampton,Southampton,84
1999-00,Southampton,Southampton,86
1999-00,Southampton,Southampton,89
1999-00,Southampton,Southampton,89
1999-00,Southampton,Southampton,89
1999-00,Southampton,Southampton,89
1999-00,Southampton,Southampton,89
1999-00,Southampton,Southampton,89
1999-00,Southampton,Southampton,89
1999-00,Southampton,Southampton,89
1999-00,Southampton,Southampton,89
1999-00,Southampton,Southampton,89
1999-00,Southampton,Southampton,89
1999-00,Southampton,Southampton,89
1999-00,Southampton,Southampton,89
1999-00,Southampton,Southampton,89
1999-00,Southampton,Southampton,89
1999-00,Southampton,Southampton,89
1999-00,Southampton,Southampton,89
1999-00,Southampton,Southampton,89
1999-00,Southampton,Southampton,89
1999-00,Southampton,Southampton,89
1999-00,Southampton,Southampton,89
1999-00,Southampton,Southampton,89
1999-00,Southampton,Southampton,89
1999-00,Southampton,Southampton,89
1999-00,Southampton,Southampton,89
1999-00,Southampton,Southampton,89
1999-00,Southampton,Southampton,89
1999-00,Southampton,Southampton,89
1999-00,Southampton,Southampton,89
1999-00,Southampton,Southampton,89
1999-00,Southampton,Southampton,89
1999-00,Southampton,Southampton,89
1999-00,Southampton,Southampton,89
1999-00,Southampton,Southampton,89
1999-00,Southampton,Southampton,89
1999-00,Southampton,Southampton,89
1999-00,Southampton,Southampton,89
1999-00,Southampton,Southampton,89
1999-00,Southampton,Southampton,89
1999-00,Southampton,Southampton,89
1999-00,Southampton,Southampton,89
1999-00,Southampton,Southampton,89
1999-00,Southampton,Southampton,89
1999-00,Southampton,Southampton,89
1999-00,Southampton,Southampton,89
1999-00,Southampton,Southampton,89
1999-00,Southampton,Southampton,89
1999-00,Southampton,Southampton,89
1999-00,Southampton,Southampton,89
1999-00,Southampton,Southampton,89
1999-00,Southampton,Southampton,89
1999-00,Southampton,Southampton,89
1999-00,Southampton,Southampton,89
1999-00,Sunderland,Sunderland,16
1999-00,Sunderland,Sunderland,19
1999-00,Sunderland,Sunderland,54
1999-00,Sunderland,Sunderland,58
1999-00,Sunderland,Sunderland,60
1999-00,Sunderland,Sunderland,60
1999-00,Sunderland,Sunderland,60
1999-00,Sunderland,Sunderland,65
1999-00,Sunderland,Sunderland,70
1999-00,Sunderland,Sunderland,72
1999-00,Sunderland,Sunderland,72
1999-00,Sunderland,Sunderland,73
1999-00,Sunderland,Sunderland,78
1999-00,Sunderland,Sunderland,83
1999-00,Sunderland,Sunderland,85
1999-00,Sunderland,Sunderland,88
1999-00,Sunderland,Sunderland,88
1999-00,Sunderland,Sunderland,89
1999-00,Sunderland,Sunderland,89
1999-00,Sunderland,Sunderland,89
1999-00,Sunderland,Sunderland,89
1999-00,Sunderland,Sunderland,89
1999-00,Sunderland,Sunderland,89
1999-00,Sunderland,Sunderland,89
1999-00,Sunderland,Sunderland,89
1999-00,Sunderland,Sunderland,89
1999-00,Sunderland,Sunderland,89
1999-00,Sunderland,Sunderland,89
1999-00,Sunderland,Sunderland,89
1999-00,Sunderland,Sunderland,89
1999-00,Sunderland,Sunderland,89
1999-00,Sunderland,Sunderland,89
1999-00,Sunderland,Sunderland,89
1999-00,Sunderland,Sunderland,89
1999-00,Sunderland,Sunderland,89
1999-00,Sunderland,Sunderland,89
1999-00,Sunderland,Sunderland,89
1999-00,Sunderland,Sunderland,89
1999-00,Sunderland,Sunderland,89
1999-00,Sunderland,Sunderland,89
1999-00,Sunderland,Sunderland,89
1999-00,Sunderland,Sunderland,89
1999-00,Sunderland,Sunderland,89
1999-00,Sunderland,Sunderland,89
1999-00,Sunderland,Sunderland,89
1999-00,Sunderland,Sunderland,89
1999-00,Sunderland,Sunderland,89
1999-00,Sunderland,Sunderland,89
1999-00,Sunderland,Sunderland,89
1999-00,Sunderland,Sunderland,89
1999-00,Sunderland,Sunderland,89
1999-00,Sunderland,Sunderland,89
1999-00,Sunderland,Sunderland,89
1999-00,Sunderland,Sunderland,89
1999-00,Sunderland,Sunderland,89
1999-00,Sunderland,Sunderland,89
1999-00,Sunderland,Sunderland,89
1999-00,Sunderland,Sunderland,89
1999-00,Sunderland,Sunderland,89
1999-00,Sunderland,Sunderland,89
1999-00,Sunderland,Sunderland,89
1999-00,Sunderland,Sunderland,89
1999-00,Sunderland,Sunderland,89
1999-00,Sunderland,Sunderland,89
1999-00,Sunderland,Sunderland,89
1999-00,Sunderland,Sunderland,89
1999-00,Sunderland,Sunderland,89
1999-00,Sunderland,Sunderland,89
1999-00,Sunderland,Sunderland,89
1999-00,Sunderland,Sunderland,89
1999-00,Sunderland,Sunderland,89
1999-00,Sunderland,Sunderland,89
1999-00,Sunderland,Sunderland,89
1999-00,Sunderland,Sunderland,89
1999-00,Sunderland,Sunderland,89
1999-00,Sunderland,Sunderland,89
1999-00,Sunderland,Sunderland,89
1999-00,Sunderland,Sunderland,89
1999-00,Sunderland,Sunderland,89
1999-00,Tottenham Hotspur,Spurs,17
1999-00,Tottenham Hotspur,Spurs,21
1999-00,Tottenham Hotspur,Spurs,26
1999-00,Tottenham Hotspur,Spurs,29
1999-00,Tottenham Hotspur,Spurs,44
1999-00,Tottenham Hotspur,Spurs,44
1999-00,Tottenham Hotspur,Spurs,44
1999-00,Tottenham Hotspur,Spurs,44
1999-00,Tottenham Hotspur,Spurs,56
1999-00,Tottenham Hotspur,Spurs,67
1999-00,Tottenham Hotspur,Spurs,73
1999-00,Tottenham Hotspur,Spurs,77
1999-00,Tottenham Hotspur,Spurs,80
1999-00,Tottenham Hotspur,Spurs,84
1999-00,Tottenham Hotspur,Spurs,86
1999-00,Tottenham Hotspur,Spurs,86
1999-00,Tottenham Hotspur,Spurs,89
1999-00,Tottenham Hotspur,Spurs,89
1999-00,Tottenham Hotspur,Spurs,89
1999-00,Tottenham Hotspur,Spurs,89
1999-00,Tottenham Hotspur,Spurs,89
1999-00,Tottenham Hotspur,Spurs,89
1999-00,Tottenham Hotspur,Spurs,89
1999-00,Tottenham Hotspur,Spurs,89
1999-00,Tottenham Hotspur,Spurs,89
1999-00,Tottenham Hotspur,Spurs,89
1999-00,Tottenham Hotspur,Spurs,89
1999-00,Tottenham Hotspur,Spurs,89
1999-00,Tottenham Hotspur,Spurs,89
1999-00,Tottenham Hotspur,Spurs,89
1999-00,Tottenham Hotspur,Spurs,89
1999-00,Tottenham Hotspur,Spurs,89
1999-00,Tottenham Hotspur,Spurs,89
1999-00,Tottenham Hotspur,Spurs,89
1999-00,Tottenham Hotspur,Spurs,89
1999-00,Tottenham Hotspur,Spurs,89
1999-00,Tottenham Hotspur,Spurs,89
1999-00,Tottenham Hotspur,Spurs,89
1999-00,Tottenham Hotspur,Spurs,89
1999-00,Tottenham Hotspur,Spurs,89
1999-00,Tottenham Hotspur,Spurs,89
1999-00,Tottenham Hotspur,Spurs,89
1999-00,Tottenham Hotspur,Spurs,89
1999-00,Tottenham Hotspur,Spurs,89
1999-00,Tottenham Hotspur,Spurs,89
1999-00,Tottenham Hotspur,Spurs,89
1999-00,Tottenham Hotspur,Spurs,89
1999-00,Tottenham Hotspur,Spurs,89
1999-00,Tottenham Hotspur,Spurs,89
1999-00,Tottenham Hotspur,Spurs,89
1999-00,Tottenham Hotspur,Spurs,89
1999-00,Tottenham Hotspur,Spurs,89
1999-00,Tottenham Hotspur,Spurs,89
1999-00,Tottenham Hotspur,Spurs,89
1999-00,Tottenham Hotspur,Spurs,89
1999-00,Tottenham Hotspur,Spurs,89
1999-00,Tottenham Hotspur,Spurs,89
1999-00,Tottenham Hotspur,Spurs,89
1999-00,Tottenham Hotspur,Spurs,89
1999-00,Tottenham Hotspur,Spurs,89
1999-00,Tottenham Hotspur,Spurs,89
1999-00,Tottenham Hotspur,Spurs,89
1999-00,Tottenham Hotspur,Spurs,89
1999-00,Tottenham Hotspur,Spurs,89
1999-00,Tottenham Hotspur,Spurs,89
1999-00,Tottenham Hotspur,Spurs,89
1999-00,Tottenham Hotspur,Spurs,89
1999-00,Tottenham Hotspur,Spurs,89
1999-00,Tottenham Hotspur,Spurs,89
1999-00,Tottenham Hotspur,Spurs,89
1999-00,Tottenham Hotspur,Spurs,89
1999-00,Tottenham Hotspur,Spurs,89
1999-00,Tottenham Hotspur,Spurs,89
1999-00,Tottenham Hotspur,Spurs,89
1999-00,Tottenham Hotspur,Spurs,89
1999-00,Tottenham Hotspur,Spurs,89
1999-00,Tottenham Hotspur,Spurs,89
1999-00,Tottenham Hotspur,Spurs,89
1999-00,Tottenham Hotspur,Spurs,89
1999-00,Tottenham Hotspur,Spurs,89
1999-00,Tottenham Hotspur,Spurs,89
1999-00,Tottenham Hotspur,Spurs,89
1999-00,Tottenham Hotspur,Spurs,89
1999-00,Tottenham Hotspur,Spurs,89
1999-00,Tottenham Hotspur,Spurs,89
1999-00,Watford,Watford,11
1999-00,Watford,Watford,15
1999-00,Watford,Watford,21
1999-00,Watford,Watford,24
1999-00,Watford,Watford,29
1999-00,Watford,Watford,44
1999-00,Watford,Watford,44
1999-00,Watford,Watford,44
1999-00,Watford,Watford,65
1999-00,Watford,Watford,70
1999-00,Watford,Watford,71
1999-00,Watford,Watford,77
1999-00,Watford,Watford,83
1999-00,Watford,Watford,88
1999-00,Watford,Watford,89
1999-00,Watford,Watford,89
1999-00,Watford,Watford,89
1999-00,Watford,Watford,89
1999-00,Watford,Watford,89
1999-00,Watford,Watford,89
1999-00,Watford,Watford,89
1999-00,Watford,Watford,89
1999-00,Watford,Watford,89
1999-00,Watford,Watford,89
1999-00,Watford,Watford,89
1999-00,Watford,Watford,89
1999-00,Watford,Watford,89
1999-00,Watford,Watford,89
1999-00,Watford,Watford,89
1999-00,Watford,Watford,89
1999-00,Watford,Watford,89
1999-00,Watford,Watford,89
1999-00,Watford,Watford,89
1999-00,Watford,Watford,89
1999-00,Watford,Watford,89
1999-00,Watford,Watford,89
1999-00,Watford,Watford,89
1999-00,Watford,Watford,89
1999-00,Watford,Watford,89
1999-00,Watford,Watford,89
1999-00,Watford,Watford,89
1999-00,Watford,Watford,89
1999-00,Watford,Watford,89
1999-00,Watford,Watford,89
1999-00,Watford,Watford,89
1999-00,Watford,Watford,89
1999-00,Watford,Watford,89
1999-00,Watford,Watford,89
1999-00,Watford,Watford,89
1999-00,Watford,Watford,89
1999-00,Watford,Watford,89
1999-00,Watford,Watford,89
1999-00,Watford,Watford,89
1999-00,Watford,Watford,89
1999-00,Watford,Watford,89
1999-00,Watford,Watford,89
1999-00,Watford,Watford,89
1999-00,Watford,Watford,89
1999-00,Watford,Watford,89
1999-00,Watford,Watford,89
1999-00,Watford,Watford,89
1999-00,Watford,Watford,89
1999-00,Watford,Watford,89
1999-00,Watford,Watford,89
1999-00,Watford,Watford,89
1999-00,Watford,Watford,89
1999-00,Watford,Watford,89
1999-00,Watford,Watford,89
1999-00,Watford,Watford,89
1999-00,Watford,Watford,89
1999-00,West Ham United,West Ham,17
1999-00,West Ham United,West Ham,37
1999-00,West Ham United,West Ham,69
1999-00,West Ham United,West Ham,72
1999-00,West Ham United,West Ham,78
1999-00,West Ham United,West Ham,79
1999-00,West Ham United,West Ham,81
1999-00,West Ham United,West Ham,84
1999-00,West Ham United,West Ham,86
1999-00,West Ham United,West Ham,87
1999-00,West Ham United,West Ham,88
1999-00,West Ham United,West Ham,89
1999-00,West Ham United,West Ham,89
1999-00,West Ham United,West Ham,89
1999-00,West Ham United,West Ham,89
1999-00,West Ham United,West Ham,89
1999-00,West Ham United,West Ham,89
1999-00,West Ham United,West Ham,89
1999-00,West Ham United,West Ham,89
1999-00,West Ham United,West Ham,89
1999-00,West Ham United,West Ham,89
1999-00,West Ham United,West Ham,89
1999-00,West Ham United,West Ham,89
1999-00,West Ham United,West Ham,89
1999-00,West Ham United,West Ham,89
1999-00,West Ham United,West Ham,89
1999-00,West Ham United,West Ham,89
1999-00,West Ham United,West Ham,89
1999-00,West Ham United,West Ham,89
1999-00,West Ham United,West Ham,89
1999-00,West Ham United,West Ham,89
1999-00,West Ham United,West Ham,89
1999-00,West Ham United,West Ham,89
1999-00,West Ham United,West Ham,89
1999-00,West Ham United,West Ham,89
1999-00,West Ham United,West Ham,89
1999-00,West Ham United,West Ham,89
1999-00,West Ham United,West Ham,89
1999-00,West Ham United,West Ham,89
1999-00,West Ham United,West Ham,89
1999-00,West Ham United,West Ham,89
1999-00,West Ham United,West Ham,89
1999-00,West Ham United,West Ham,89
1999-00,West Ham United,West Ham,89
1999-00,West Ham United,West Ham,89
1999-00,West Ham United,West Ham,89
1999-00,West Ham United,West Ham,89
1999-00,West Ham United,West Ham,89
1999-00,West Ham United,West Ham,89
1999-00,West Ham United,West Ham,89
1999-00,West Ham United,West Ham,89
1999-00,West Ham United,West Ham,89
1999-00,West Ham United,West Ham,89
1999-00,West Ham United,West Ham,89
1999-00,West Ham United,West Ham,89
1999-00,West Ham United,West Ham,89
1999-00,West Ham United,West Ham,89
1999-00,West Ham United,West Ham,89
1999-00,West Ham United,West Ham,89
1999-00,West Ham United,West Ham,89
1999-00,West Ham United,West Ham,89
1999-00,West Ham United,West Ham,89
1999-00,West Ham United,West Ham,89
1999-00,West Ham United,West Ham,89
1999-00,West Ham United,West Ham,89
1999-00,West Ham United,West Ham,89
1999-00,West Ham United,West Ham,89
1999-00,West Ham United,West Ham,89
1999-00,West Ham United,West Ham,89
1999-00,West Ham United,West Ham,89
1999-00,Wimbledon,Wimbledon,24
1999-00,Wimbledon,Wimbledon,24
1999-00,Wimbledon,Wimbledon,30
1999-00,Wimbledon,Wimbledon,44
1999-00,Wimbledon,Wimbledon,59
1999-00,Wimbledon,Wimbledon,60
1999-00,Wimbledon,Wimbledon,64
1999-00,Wimbledon,Wimbledon,65
1999-00,Wimbledon,Wimbledon,75
1999-00,Wimbledon,Wimbledon,75
1999-00,Wimbledon,Wimbledon,82
1999-00,Wimbledon,Wimbledon,85
1999-00,Wimbledon,Wimbledon,86
1999-00,Wimbledon,Wimbledon,87
1999-00,Wimbledon,Wimbledon,89
1999-00,Wimbledon,Wimbledon,89
1999-00,Wimbledon,Wimbledon,89
1999-00,Wimbledon,Wimbledon,89
1999-00,Wimbledon,Wimbledon,89
1999-00,Wimbledon,Wimbledon,89
1999-00,Wimbledon,Wimbledon,89
1999-00,Wimbledon,Wimbledon,89
1999-00,Wimbledon,Wimbledon,89
1999-00,Wimbledon,Wimbledon,89
1999-00,Wimbledon,Wimbledon,89
1999-00,Wimbledon,Wimbledon,89
1999-00,Wimbledon,Wimbledon,89
1999-00,Wimbledon,Wimbledon,89
1999-00,Wimbledon,Wimbledon,89
1999-00,Wimbledon,Wimbledon,89
1999-00,Wimbledon,Wimbledon,89
1999-00,Wimbledon,Wimbledon,89
1999-00,Wimbledon,Wimbledon,89
1999-00,Wimbledon,Wimbledon,89
1999-00,Wimbledon,Wimbledon,89
1999-00,Wimbledon,Wimbledon,89
1999-00,Wimbledon,Wimbledon,89
1999-00,Wimbledon,Wimbledon,89
1999-00,Wimbledon,Wimbledon,89
1999-00,Wimbledon,Wimbledon,89
1999-00,Wimbledon,Wimbledon,89
1999-00,Wimbledon,Wimbledon,89
1999-00,Wimbledon,Wimbledon,89
1999-00,Wimbledon,Wimbledon,89
1999-00,Wimbledon,Wimbledon,89
1999-00,Wimbledon,Wimbledon,89
1999-00,Wimbledon,Wimbledon,89
1999-00,Wimbledon,Wimbledon,89
1999-00,Wimbledon,Wimbledon,89
2023-24,Arsenal,Arsenal,7
2023-24,Arsenal,Arsenal,10
2023-24,Arsenal,Arsenal,11
2023-24,Arsenal,Arsenal,11
2023-24,Arsenal,Arsenal,15
2023-24,Arsenal,Arsenal,28
2023-24,Arsenal,Arsenal,29
2023-24,Arsenal,Arsenal,31
2023-24,Arsenal,Arsenal,33
2023-24,Arsenal,Arsenal,35
2023-24,Arsenal,Arsenal,36
2023-24,Arsenal,Arsenal,37
2023-24,Arsenal,Arsenal,38
2023-24,Arsenal,Arsenal,38
2023-24,Arsenal,Arsenal,39
2023-24,Arsenal,Arsenal,40
2023-24,Arsenal,Arsenal,40
2023-24,Arsenal,Arsenal,43
2023-24,Arsenal,Arsenal,45
2023-24,Arsenal,Arsenal,45
2023-24,Arsenal,Arsenal,46
2023-24,Arsenal,Arsenal,46
2023-24,Arsenal,Arsenal,47
2023-24,Arsenal,Arsenal,47
2023-24,Arsenal,Arsenal,47
2023-24,Arsenal,Arsenal,49
2023-24,Arsenal,Arsenal,49
2023-24,Arsenal,Arsenal,50
2023-24,Arsenal,Arsenal,56
2023-24,Arsenal,Arsenal,57
2023-24,Arsenal,Arsenal,57
2023-24,Arsenal,Arsenal,59
2023-24,Arsenal,Arsenal,60
2023-24,Arsenal,Arsenal,60
2023-24,Arsenal,Arsenal,63
2023-24,Arsenal,Arsenal,66
2023-24,Arsenal,Arsenal,67
2023-24,Arsenal,Arsenal,67
2023-24,Arsenal,Arsenal,68
2023-24,Arsenal,Arsenal,68
2023-24,Arsenal,Arsenal,69
2023-24,Arsenal,Arsenal,71
2023-24,Arsenal,Arsenal,72
2023-24,Arsenal,Arsenal,73
2023-24,Arsenal,Arsenal,76
2023-24,Arsenal,Arsenal,77
2023-24,Arsenal,Arsenal,79
2023-24,Arsenal,Arsenal,79
2023-24,Arsenal,Arsenal,80
2023-24,Arsenal,Arsenal,83
2023-24,Arsenal,Arsenal,83
2023-24,Arsenal,Arsenal,86
2023-24,Arsenal,Arsenal,86
2023-24,Arsenal,Arsenal,89
2023-24,Arsenal,Arsenal,89
2023-24,Arsenal,Arsenal,91
2023-24,Arsenal,Arsenal,91
2023-24,Arsenal,Arsenal,91
2023-24,Arsenal,Arsenal,91
2023-24,Arsenal,Arsenal,92
2023-24,Arsenal,Arsenal,93
2023-24,Arsenal,Arsenal,94
2023-24,Arsenal,Arsenal,94
2023-24,Arsenal,Arsenal,94
2023-24,Arsenal,Arsenal,95
2023-24,Arsenal,Arsenal,95
2023-24,Arsenal,Arsenal,98
2023-24,Arsenal,Arsenal,98
2023-24,Aston Villa,Aston Villa,6
2023-24,Aston Villa,Aston Villa,6
2023-24,Aston Villa,Aston Villa,7
2023-24,Aston Villa,Aston Villa,14
2023-24,Aston Villa,Aston Villa,14
2023-24,Aston Villa,Aston Villa,17
2023-24,Aston Villa,Aston Villa,18
2023-24,Aston Villa,Aston Villa,18
2023-24,Aston Villa,Aston Villa,26
2023-24,Aston Villa,Aston Villa,27
2023-24,Aston Villa,Aston Villa,28
2023-24,Aston Villa,Aston Villa,29
2023-24,Aston Villa,Aston Villa,29
2023-24,Aston Villa,Aston Villa,30
2023-24,Aston Villa,Aston Villa,31
2023-24,Aston Villa,Aston Villa,32
2023-24,Aston Villa,Aston Villa,32
2023-24,Aston Villa,Aston Villa,32
2023-24,Aston Villa,Aston Villa,33
2023-24,Aston Villa,Aston Villa,38
2023-24,Aston Villa,Aston Villa,38
2023-24,Aston Villa,Aston Villa,39
2023-24,Aston Villa,Aston Villa,41
2023-24,Aston Villa,Aston Villa,43
2023-24,Aston Villa,Aston Villa,44
2023-24,Aston Villa,Aston Villa,45
2023-24,Aston Villa,Aston Villa,47
2023-24,Aston Villa,Aston Villa,48
2023-24,Aston Villa,Aston Villa,48
2023-24,Aston Villa,Aston Villa,49
2023-24,Aston Villa,Aston Villa,49
2023-24,Aston Villa,Aston Villa,49
2023-24,Aston Villa,Aston Villa,49
2023-24,Aston Villa,Aston Villa,50
2023-24,Aston Villa,Aston Villa,50
2023-24,Aston Villa,Aston Villa,51
2023-24,Aston Villa,Aston Villa,53
2023-24,Aston Villa,Aston Villa,54
2023-24,Aston Villa,Aston Villa,57
2023-24,Aston Villa,Aston Villa,57
2023-24,Aston Villa,Aston Villa,58
2023-24,Aston Villa,Aston Villa,60
2023-24,Aston Villa,Aston Villa,60
2023-24,Aston Villa,Aston Villa,62
2023-24,Aston Villa,Aston Villa,64
2023-24,Aston Villa,Aston Villa,64
2023-24,Aston Villa,Aston Villa,66
2023-24,Aston Villa,Aston Villa,66
2023-24,Aston Villa,Aston Villa,69
2023-24,Aston Villa,Aston Villa,70
2023-24,Aston Villa,Aston Villa,71
2023-24,Aston Villa,Aston Villa,71
2023-24,Aston Villa,Aston Villa,72
2023-24,Aston Villa,Aston Villa,73
2023-24,Aston Villa,Aston Villa,73
2023-24,Aston Villa,Aston Villa,73
2023-24,Aston Villa,Aston Villa,74
2023-24,Aston Villa,Aston Villa,74
2023-24,Aston Villa,Aston Villa,75
2023-24,Aston Villa,Aston Villa,77
2023-24,Aston Villa,Aston Villa,80
2023-24,Aston Villa,Aston Villa,82
2023-24,Aston Villa,Aston Villa,83
2023-24,Aston Villa,Aston Villa,83
2023-24,Aston Villa,Aston Villa,84
2023-24,Aston Villa,Aston Villa,84
2023-24,Aston Villa,Aston Villa,84
2023-24,Aston Villa,Aston Villa,85
2023-24,Aston Villa,Aston Villa,86
2023-24,Aston Villa,Aston Villa,86
2023-24,Aston Villa,Aston Villa,86
2023-24,Aston Villa,Aston Villa,87
2023-24,Aston Villa,Aston Villa,87
2023-24,Aston Villa,Aston Villa,87
2023-24,Aston Villa,Aston Villa,87
2023-24,Aston Villa,Aston Villa,88
2023-24,Aston Villa,Aston Villa,88
2023-24,Aston Villa,Aston Villa,89
2023-24,Aston Villa,Aston Villa,91
2023-24,Aston Villa,Aston Villa,92
2023-24,Aston Villa,Aston Villa,92
2023-24,Aston Villa,Aston Villa,94
2023-24,Aston Villa,Aston Villa,94
2023-24,Aston Villa,Aston Villa,95
2023-24,Aston Villa,Aston Villa,95
2023-24,Aston Villa,Aston Villa,95
2023-24,Aston Villa,Aston Villa,96
2023-24,Aston Villa,Aston Villa,96
2023-24,Aston Villa,Aston Villa,97
2023-24,Aston Villa,Aston Villa,98
2023-24,Aston Villa,Aston Villa,98
2023-24,Aston Villa,Aston Villa,98
2023-24,Aston Villa,Aston Villa,99
2023-24,Aston Villa,Aston Villa,100
2023-24,Aston Villa,Aston Villa,104
2023-24,Aston Villa,Aston Villa,105
2023-24,Bournemouth,Bournemouth,8
2023-24,Bournemouth,Bournemouth,10
2023-24,Bournemouth,Bournemouth,12
2023-24,Bournemouth,Bournemouth,15
2023-24,Bournemouth,Bournemouth,16
2023-24,Bournemouth,Bournemouth,17
2023-24,Bournemouth,Bournemouth,21
2023-24,Bournemouth,Bournemouth,21
2023-24,Bournemouth,Bournemouth,23
2023-24,Bournemouth,Bournemouth,25
2023-24,Bournemouth,Bournemouth,25
2023-24,Bournemouth,Bournemouth,26
2023-24,Bournemouth,Bournemouth,27
2023-24,Bournemouth,Bournemouth,27
2023-24,Bournemouth,Bournemouth,30
2023-24,Bournemouth,Bournemouth,30
2023-24,Bournemouth,Bournemouth,31
2023-24,Bournemouth,Bournemouth,32
2023-24,Bournemouth,Bournemouth,33
2023-24,Bournemouth,Bournemouth,34
2023-24,Bournemouth,Bournemouth,35
2023-24,Bournemouth,Bournemouth,35
2023-24,Bournemouth,Bournemouth,35
2023-24,Bournemouth,Bournemouth,37
2023-24,Bournemouth,Bournemouth,38
2023-24,Bournemouth,Bournemouth,41
2023-24,Bournemouth,Bournemouth,41
2023-24,Bournemouth,Bournemouth,44
2023-24,Bournemouth,Bournemouth,44
2023-24,Bournemouth,Bournemouth,46
2023-24,Bournemouth,Bournemouth,46
2023-24,Bournemouth,Bournemouth,47
2023-24,Bournemouth,Bournemouth,49
2023-24,Bournemouth,Bournemouth,51
2023-24,Bournemouth,Bournemouth,52
2023-24,Bournemouth,Bournemouth,53
2023-24,Bournemouth,Bournemouth,54
2023-24,Bournemouth,Bournemouth,55
2023-24,Bournemouth,Bournemouth,56
2023-24,Bournemouth,Bournemouth,56
2023-24,Bournemouth,Bournemouth,57
2023-24,Bournemouth,Bournemouth,58
2023-24,Bournemouth,Bournemouth,59
2023-24,Bournemouth,Bournemouth,60
2023-24,Bournemouth,Bournemouth,62
2023-24,Bournemouth,Bournemouth,62
2023-24,Bournemouth,Bournemouth,62
2023-24,Bournemouth,Bournemouth,63
2023-24,Bournemouth,Bournemouth,63
2023-24,Bournemouth,Bournemouth,64
2023-24,Bournemouth,Bournemouth,65
2023-24,Bournemouth,Bournemouth,67
2023-24,Bournemouth,Bournemouth,68
2023-24,Bournemouth,Bournemouth,68
2023-24,Bournemouth,Bournemouth,68
2023-24,Bournemouth,Bournemouth,69
2023-24,Bournemouth,Bournemouth,69
2023-24,Bournemouth,Bournemouth,70
2023-24,Bournemouth,Bournemouth,70
2023-24,Bournemouth,Bournemouth,76
2023-24,Bournemouth,Bournemouth,79
2023-24,Bournemouth,Bournemouth,80
2023-24,Bournemouth,Bournemouth,81
2023-24,Bournemouth,Bournemouth,83
2023-24,Bournemouth,Bournemouth,83
2023-24,Bournemouth,Bournemouth,84
2023-24,Bournemouth,Bournemouth,84
2023-24,Bournemouth,Bournemouth,84
2023-24,Bournemouth,Bournemouth,84
2023-24,Bournemouth,Bournemouth,86
2023-24,Bournemouth,Bournemouth,86
2023-24,Bournemouth,Bournemouth,86
2023-24,Bournemouth,Bournemouth,86
2023-24,Bournemouth,Bournemouth,88
2023-24,Bournemouth,Bournemouth,89
2023-24,Bournemouth,Bournemouth,91
2023-24,Bournemouth,Bournemouth,92
2023-24,Bournemouth,Bournemouth,93
2023-24,Bournemouth,Bournemouth,95
2023-24,Bournemouth,Bournemouth,96
2023-24,Bournemouth,Bournemouth,97
2023-24,Bournemouth,Bournemouth,97
2023-24,Brentford,Brentford,2
2023-24,Brentford,Brentford,4
2023-24,Brentford,Brentford,7
2023-24,Brentford,Brentford,10
2023-24,Brentford,Brentford,17
2023-24,Brentford,Brentford,21
2023-24,Brentford,Brentford,23
2023-24,Brentford,Brentford,24
2023-24,Brentford,Brentford,29
2023-24,Brentford,Brentford,30
2023-24,Brentford,Brentford,30
2023-24,Brentford,Brentford,31
2023-24,Brentford,Brentford,33
2023-24,Brentford,Brentford,38
2023-24,Brentford,Brentford,41
2023-24,Brentford,Brentford,41
2023-24,Brentford,Brentford,42
2023-24,Brentford,Brentford,42
2023-24,Brentford,Brentford,43
2023-24,Brentford,Brentford,43
2023-24,Brentford,Brentford,43
2023-24,Brentford,Brentford,44
2023-24,Brentford,Brentford,45
2023-24,Brentford,Brentford,45
2023-24,Brentford,Brentford,46
2023-24,Brentford,Brentford,46
2023-24,Brentford,Brentford,46
2023-24,Brentford,Brentford,47
2023-24,Brentford,Brentford,47
2023-24,Brentford,Brentford,48
2023-24,Brentford,Brentford,48
2023-24,Brentford,Brentford,50
2023-24,Brentford,Brentford,51
2023-24,Brentford,Brentford,52
2023-24,Brentford,Brentford,53
2023-24,Brentford,Brentford,53
2023-24,Brentford,Brentford,56
2023-24,Brentford,Brentford,57
2023-24,Brentford,Brentford,59
2023-24,Brentford,Brentford,60
2023-24,Brentford,Brentford,60
2023-24,Brentford,Brentford,61
2023-24,Brentford,Brentford,61
2023-24,Brentford,Brentford,62
2023-24,Brentford,Brentford,64
2023-24,Brentford,Brentford,65
2023-24,Brentford,Brentford,66
2023-24,Brentford,Brentford,67
2023-24,Brentford,Brentford,67
2023-24,Brentford,Brentford,68
2023-24,Brentford,Brentford,68
2023-24,Brentford,Brentford,68
2023-24,Brentford,Brentford,69
2023-24,Brentford,Brentford,69
2023-24,Brentford,Brentford,72
2023-24,Brentford,Brentford,72
2023-24,Brentford,Brentford,72
2023-24,Brentford,Brentford,73
2023-24,Brentford,Brentford,76
2023-24,Brentford,Brentford,76
2023-24,Brentford,Brentford,77
2023-24,Brentford,Brentford,79
2023-24,Brentford,Brentford,81
2023-24,Brentford,Brentford,81
2023-24,Brentford,Brentford,82
2023-24,Brentford,Brentford,83
2023-24,Brentford,Brentford,84
2023-24,Brentford,Brentford,85
2023-24,Brentford,Brentford,85
2023-24,Brentford,Brentford,85
2023-24,Brentford,Brentford,85
2023-24,Brentford,Brentford,86
2023-24,Brentford,Brentford,88
2023-24,Brentford,Brentford,88
2023-24,Brentford,Brentford,88
2023-24,Brentford,Brentford,90
2023-24,Brentford,Brentford,90
2023-24,Brentford,Brentford,91
2023-24,Brentford,Brentford,91
2023-24,Brentford,Brentford,91
2023-24,Brentford,Brentford,93
2023-24,Brentford,Brentford,95
2023-24,Brentford,Brentford,95
2023-24,Brentford,Brentford,96
2023-24,Brentford,Brentford,97
2023-24,Brentford,Brentford,98
2023-24,Brentford,Brentford,98
2023-24,Brentford,Brentford,99
2023-24,Brentford,Brentford,100
2023-24,Brentford,Brentford,102
2023-24,Brentford,Brentford,103
2023-24,Brighton and Hove Albion,Brighton,4
2023-24,Brighton and Hove Albion,Brighton,7
2023-24,Brighton and Hove Albion,Brighton,7
2023-24,Brighton and Hove Albion,Brighton,8
2023-24,Brighton and Hove Albion,Brighton,8
2023-24,Brighton and Hove Albion,Brighton,13
2023-24,Brighton and Hove Albion,Brighton,18
2023-24,Brighton and Hove Albion,Brighton,19
2023-24,Brighton and Hove Albion,Brighton,20
2023-24,Brighton and Hove Albion,Brighton,20
2023-24,Brighton and Hove Albion,Brighton,23
2023-24,Brighton and Hove Albion,Brighton,24
2023-24,Brighton and Hove Albion,Brighton,25
2023-24,Brighton and Hove Albion,Brighton,29
2023-24,Brighton and Hove Albion,Brighton,31
2023-24,Brighton and Hove Albion,Brighton,35
2023-24,Brighton and Hove Albion,Brighton,36
2023-24,Brighton and Hove Albion,Brighton,37
2023-24,Brighton and Hove Albion,Brighton,39
2023-24,Brighton and Hove Albion,Brighton,41
2023-24,Brighton and Hove Albion,Brighton,43
2023-24,Brighton and Hove Albion,Brighton,43
2023-24,Brighton and Hove Albion,Brighton,43
2023-24,Brighton and Hove Albion,Brighton,48
2023-24,Brighton and Hove Albion,Brighton,48
2023-24,Brighton and Hove Albion,Brighton,48
2023-24,Brighton and Hove Albion,Brighton,49
2023-24,Brighton and Hove Albion,Brighton,49
2023-24,Brighton and Hove Albion,Brighton,51
2023-24,Brighton and Hove Albion,Brighton,51
2023-24,Brighton and Hove Albion,Brighton,52
2023-24,Brighton and Hove Albion,Brighton,53
2023-24,Brighton and Hove Albion,Brighton,54
2023-24,Brighton and Hove Albion,Brighton,54
2023-24,Brighton and Hove Albion,Brighton,56
2023-24,Brighton and Hove Albion,Brighton,57
2023-24,Brighton and Hove Albion,Brighton,57
2023-24,Brighton and Hove Albion,Brighton,58
2023-24,Brighton and Hove Albion,Brighton,58
2023-24,Brighton and Hove Albion,Brighton,60
2023-24,Brighton and Hove Albion,Brighton,63
2023-24,Brighton and Hove Albion,Brighton,64
2023-24,Brighton and Hove Albion,Brighton,64
2023-24,Brighton and Hove Albion,Brighton,64
2023-24,Brighton and Hove Albion,Brighton,64
2023-24,Brighton and Hove Albion,Brighton,65
2023-24,Brighton and Hove Albion,Brighton,65
2023-24,Brighton and Hove Albion,Brighton,66
2023-24,Brighton and Hove Albion,Brighton,66
2023-24,Brighton and Hove Albion,Brighton,67
2023-24,Brighton and Hove Albion,Brighton,70
2023-24,Brighton and Hove Albion,Brighton,70
2023-24,Brighton and Hove Albion,Brighton,71
2023-24,Brighton and Hove Albion,Brighton,71
2023-24,Brighton and Hove Albion,Brighton,72
2023-24,Brighton and Hove Albion,Brighton,72
2023-24,Brighton and Hove Albion,Brighton,73
2023-24,Brighton and Hove Albion,Brighton,73
2023-24,Brighton and Hove Albion,Brighton,74
2023-24,Brighton and Hove Albion,Brighton,75
2023-24,Brighton and Hove Albion,Brighton,75
2023-24,Brighton and Hove Albion,Brighton,76
2023-24,Brighton and Hove Albion,Brighton,76
2023-24,Brighton and Hove Albion,Brighton,76
2023-24,Brighton and Hove Albion,Brighton,76
2023-24,Brighton and Hove Albion,Brighton,77
2023-24,Brighton and Hove Albion,Brighton,77
2023-24,Brighton and Hove Albion,Brighton,78
2023-24,Brighton and Hove Albion,Brighton,79
2023-24,Brighton and Hove Albion,Brighton,79
2023-24,Brighton and Hove Albion,Brighton,81
2023-24,Brighton and Hove Albion,Brighton,82
2023-24,Brighton and Hove Albion,Brighton,82
2023-24,Brighton and Hove Albion,Brighton,82
2023-24,Brighton and Hove Albion,Brighton,83
2023-24,Brighton and Hove Albion,Brighton,84
2023-24,Brighton and Hove Albion,Brighton,86
2023-24,Brighton and Hove Albion,Brighton,87
2023-24,Brighton and Hove Albion,Brighton,88
2023-24,Brighton and Hove Albion,Brighton,88
2023-24,Brighton and Hove Albion,Brighton,88
2023-24,Brighton and Hove Albion,Brighton,89
2023-24,Brighton and Hove Albion,Brighton,90
2023-24,Brighton and Hove Albion,Brighton,91
2023-24,Brighton and Hove Albion,Brighton,92
2023-24,Brighton and Hove Albion,Brighton,93
2023-24,Brighton and Hove Albion,Brighton,94
2023-24,Brighton and Hove Albion,Brighton,94
2023-24,Brighton and Hove Albion,Brighton,95
2023-24,Brighton and Hove Albion,Brighton,95
2023-24,Brighton and Hove Albion,Brighton,95
2023-24,Brighton and Hove Albion,Brighton,97
2023-24,Brighton and Hove Albion,Brighton,97
2023-24,Brighton and Hove Albion,Brighton,98
2023-24,Brighton and Hove Albion,Brighton,101
2023-24,Brighton and Hove Albion,Brighton,104
2023-24,Burnley,Burnley,1
2023-24,Burnley,Burnley,2
2023-24,Burnley,Burnley,7
2023-24,Burnley,Burnley,11
2023-24,Burnley,Burnley,11
2023-24,Burnley,Burnley,14
2023-24,Burnley,Burnley,14
2023-24,Burnley,Burnley,16
2023-24,Burnley,Burnley,21
2023-24,Burnley,Burnley,22
2023-24,Burnley,Burnley,23
2023-24,Burnley,Burnley,26
2023-24,Burnley,Burnley,28
2023-24,Burnley,Burnley,28
2023-24,Burnley,Burnley,29
2023-24,Burnley,Burnley,30
2023-24,Burnley,Burnley,32
2023-24,Burnley,Burnley,32
2023-24,Burnley,Burnley,37
2023-24,Burnley,Burnley,38
2023-24,Burnley,Burnley,38
2023-24,Burnley,Burnley,39
2023-24,Burnley,Burnley,39
2023-24,Burnley,Burnley,39
2023-24,Burnley,Burnley,40
2023-24,Burnley,Burnley,42
2023-24,Burnley,Burnley,42
2023-24,Burnley,Burnley,42
2023-24,Burnley,Burnley,43
2023-24,Burnley,Burnley,46
2023-24,Burnley,Burnley,47
2023-24,Burnley,Burnley,48
2023-24,Burnley,Burnley,48
2023-24,Burnley,Burnley,51
2023-24,Burnley,Burnley,53
2023-24,Burnley,Burnley,53
2023-24,Burnley,Burnley,55
2023-24,Burnley,Burnley,56
2023-24,Burnley,Burnley,57
2023-24,Burnley,Burnley,60
2023-24,Burnley,Burnley,61
2023-24,Burnley,Burnley,63
2023-24,Burnley,Burnley,64
2023-24,Burnley,Burnley,65
2023-24,Burnley,Burnley,65
2023-24,Burnley,Burnley,66
2023-24,Burnley,Burnley,66
2023-24,Burnley,Burnley,67
2023-24,Burnley,Burnley,67
2023-24,Burnley,Burnley,67
2023-24,Burnley,Burnley,68
2023-24,Burnley,Burnley,72
2023-24,Burnley,Burnley,72
2023-24,Burnley,Burnley,74
2023-24,Burnley,Burnley,74
2023-24,Burnley,Burnley,75
2023-24,Burnley,Burnley,76
2023-24,Burnley,Burnley,81
2023-24,Burnley,Burnley,84
2023-24,Burnley,Burnley,84
2023-24,Burnley,Burnley,85
2023-24,Burnley,Burnley,86
2023-24,Burnley,Burnley,90
2023-24,Burnley,Burnley,91
2023-24,Burnley,Burnley,91
2023-24,Burnley,Burnley,91
2023-24,Burnley,Burnley,91
2023-24,Burnley,Burnley,92
2023-24,Burnley,Burnley,92
2023-24,Burnley,Burnley,92
2023-24,Burnley,Burnley,92
2023-24,Burnley,Burnley,93
2023-24,Burnley,Burnley,93
2023-24,Burnley,Burnley,93
2023-24,Burnley,Burnley,94
2023-24,Burnley,Burnley,95
2023-24,Burnley,Burnley,99
2023-24,Chelsea,Chelsea,4
2023-24,Chelsea,Chelsea,4
2023-24,Chelsea,Chelsea,8
2023-24,Chelsea,Chelsea,11
2023-24,Chelsea,Chelsea,15
2023-24,Chelsea,Chelsea,19
2023-24,Chelsea,Chelsea,21
2023-24,Chelsea,Chelsea,23
2023-24,Chelsea,Chelsea,26
2023-24,Chelsea,Chelsea,27
2023-24,Chelsea,Chelsea,27
2023-24,Chelsea,Chelsea,30
2023-24,Chelsea,Chelsea,30
2023-24,Chelsea,Chelsea,31
2023-24,Chelsea,Chelsea,31
2023-24,Chelsea,Chelsea,32
2023-24,Chelsea,Chelsea,32
2023-24,Chelsea,Chelsea,33
2023-24,Chelsea,Chelsea,34
2023-24,Chelsea,Chelsea,34
2023-24,Chelsea,Chelsea,35
2023-24,Chelsea,Chelsea,35
2023-24,Chelsea,Chelsea,35
2023-24,Chelsea,Chelsea,35
2023-24,Chelsea,Chelsea,36
2023-24,Chelsea,Chelsea,36
2023-24,Chelsea,Chelsea,38
2023-24,Chelsea,Chelsea,38
2023-24,Chelsea,Chelsea,38
2023-24,Chelsea,Chelsea,39
2023-24,Chelsea,Chelsea,40
2023-24,Chelsea,Chelsea,40
2023-24,Chelsea,Chelsea,41
2023-24,Chelsea,Chelsea,41
2023-24,Chelsea,Chelsea,41
2023-24,Chelsea,Chelsea,41
2023-24,Chelsea,Chelsea,42
2023-24,Chelsea,Chelsea,43
2023-24,Chelsea,Chelsea,43
2023-24,Chelsea,Chelsea,44
2023-24,Chelsea,Chelsea,46
2023-24,Chelsea,Chelsea,47
2023-24,Chelsea,Chelsea,49
2023-24,Chelsea,Chelsea,49
2023-24,Chelsea,Chelsea,50
2023-24,Chelsea,Chelsea,52
2023-24,Chelsea,Chelsea,52
2023-24,Chelsea,Chelsea,52
2023-24,Chelsea,Chelsea,55
2023-24,Chelsea,Chelsea,55
2023-24,Chelsea,Chelsea,55
2023-24,Chelsea,Chelsea,55
2023-24,Chelsea,Chelsea,56
2023-24,Chelsea,Chelsea,56
2023-24,Chelsea,Chelsea,58
2023-24,Chelsea,Chelsea,59
2023-24,Chelsea,Chelsea,59
2023-24,Chelsea,Chelsea,60
2023-24,Chelsea,Chelsea,60
2023-24,Chelsea,Chelsea,60
2023-24,Chelsea,Chelsea,62
2023-24,Chelsea,Chelsea,62
2023-24,Chelsea,Chelsea,68
2023-24,Chelsea,Chelsea,71
2023-24,Chelsea,Chelsea,71
2023-24,Chelsea,Chelsea,71
2023-24,Chelsea,Chelsea,72
2023-24,Chelsea,Chelsea,73
2023-24,Chelsea,Chelsea,73
2023-24,Chelsea,Chelsea,74
2023-24,Chelsea,Chelsea,75
2023-24,Chelsea,Chelsea,76
2023-24,Chelsea,Chelsea,77
2023-24,Chelsea,Chelsea,77
2023-24,Chelsea,Chelsea,77
2023-24,Chelsea,Chelsea,78
2023-24,Chelsea,Chelsea,78
2023-24,Chelsea,Chelsea,79
2023-24,Chelsea,Chelsea,79
2023-24,Chelsea,Chelsea,79
2023-24,Chelsea,Chelsea,80
2023-24,Chelsea,Chelsea,80
2023-24,Chelsea,Chelsea,81
2023-24,Chelsea,Chelsea,82
2023-24,Chelsea,Chelsea,82
2023-24,Chelsea,Chelsea,85
2023-24,Chelsea,Chelsea,86
2023-24,Chelsea,Chelsea,86
2023-24,Chelsea,Chelsea,87
2023-24,Chelsea,Chelsea,87
2023-24,Chelsea,Chelsea,87
2023-24,Chelsea,Chelsea,88
2023-24,Chelsea,Chelsea,89
2023-24,Chelsea,Chelsea,90
2023-24,Chelsea,Chelsea,90
2023-24,Chelsea,Chelsea,92
2023-24,Chelsea,Chelsea,94
2023-24,Chelsea,Chelsea,94
2023-24,Chelsea,Chelsea,94
2023-24,Chelsea,Chelsea,94
2023-24,Chelsea,Chelsea,95
2023-24,Chelsea,Chelsea,95
2023-24,Chelsea,Chelsea,95
2023-24,Chelsea,Chelsea,97
2023-24,Chelsea,Chelsea,99
2023-24,Chelsea,Chelsea,100
2023-24,Chelsea,Chelsea,100
2023-24,Chelsea,Chelsea,101
2023-24,Chelsea,Chelsea,101
2023-24,Chelsea,Chelsea,102
2023-24,Crystal Palace,Crystal Palace,13
2023-24,Crystal Palace,Crystal Palace,16
2023-24,Crystal Palace,Crystal Palace,16
2023-24,Crystal Palace,Crystal Palace,17
2023-24,Crystal Palace,Crystal Palace,21
2023-24,Crystal Palace,Crystal Palace,24
2023-24,Crystal Palace,Crystal Palace,24
2023-24,Crystal Palace,Crystal Palace,27
2023-24,Crystal Palace,Crystal Palace,29
2023-24,Crystal Palace,Crystal Palace,29
2023-24,Crystal Palace,Crystal Palace,32
2023-24,Crystal Palace,Crystal Palace,35
2023-24,Crystal Palace,Crystal Palace,37
2023-24,Crystal Palace,Crystal Palace,39
2023-24,Crystal Palace,Crystal Palace,39
2023-24,Crystal Palace,Crystal Palace,40
2023-24,Crystal Palace,Crystal Palace,40
2023-24,Crystal Palace,Crystal Palace,40
2023-24,Crystal Palace,Crystal Palace,41
2023-24,Crystal Palace,Crystal Palace,45
2023-24,Crystal Palace,Crystal Palace,46
2023-24,Crystal Palace,Crystal Palace,48
2023-24,Crystal Palace,Crystal Palace,48
2023-24,Crystal Palace,Crystal Palace,48
2023-24,Crystal Palace,Crystal Palace,50
2023-24,Crystal Palace,Crystal Palace,50
2023-24,Crystal Palace,Crystal Palace,50
2023-24,Crystal Palace,Crystal Palace,50
2023-24,Crystal Palace,Crystal Palace,52
2023-24,Crystal Palace,Crystal Palace,53
2023-24,Crystal Palace,Crystal Palace,53
2023-24,Crystal Palace,Crystal Palace,54
2023-24,Crystal Palace,Crystal Palace,59
2023-24,Crystal Palace,Crystal Palace,59
2023-24,Crystal Palace,Crystal Palace,60
2023-24,Crystal Palace,Crystal Palace,60
2023-24,Crystal Palace,Crystal Palace,62
2023-24,Crystal Palace,Crystal Palace,63
2023-24,Crystal Palace,Crystal Palace,64
2023-24,Crystal Palace,Crystal Palace,66
2023-24,Crystal Palace,Crystal Palace,66
2023-24,Crystal Palace,Crystal Palace,67
2023-24,Crystal Palace,Crystal Palace,69
2023-24,Crystal Palace,Crystal Palace,70
2023-24,Crystal Palace,Crystal Palace,70
2023-24,Crystal Palace,Crystal Palace,71
2023-24,Crystal Palace,Crystal Palace,73
2023-24,Crystal Palace,Crystal Palace,75
2023-24,Crystal Palace,Crystal Palace,77
2023-24,Crystal Palace,Crystal Palace,77
2023-24,Crystal Palace,Crystal Palace,80
2023-24,Crystal Palace,Crystal Palace,80
2023-24,Crystal Palace,Crystal Palace,82
2023-24,Crystal Palace,Crystal Palace,83
2023-24,Crystal Palace,Crystal Palace,83
2023-24,Crystal Palace,Crystal Palace,85
2023-24,Crystal Palace,Crystal Palace,86
2023-24,Crystal Palace,Crystal Palace,87
2023-24,Crystal Palace,Crystal Palace,88
2023-24,Crystal Palace,Crystal Palace,90
2023-24,Crystal Palace,Crystal Palace,90
2023-24,Crystal Palace,Crystal Palace,91
2023-24,Crystal Palace,Crystal Palace,91
2023-24,Crystal Palace,Crystal Palace,92
2023-24,Crystal Palace,Crystal Palace,94
2023-24,Crystal Palace,Crystal Palace,94
2023-24,Crystal Palace,Crystal Palace,97
2023-24,Crystal Palace,Crystal Palace,97
2023-24,Crystal Palace,Crystal Palace,98
2023-24,Crystal Palace,Crystal Palace,98
2023-24,Crystal Palace,Crystal Palace,99
2023-24,Crystal Palace,Crystal Palace,100
2023-24,Crystal Palace,Crystal Palace,102
2023-24,Crystal Palace,Crystal Palace,103
2023-24,Everton,Everton,1
2023-24,Everton,Everton,9
2023-24,Everton,Everton,9
2023-24,Everton,Everton,11
2023-24,Everton,Everton,15
2023-24,Everton,Everton,18
2023-24,Everton,Everton,21
2023-24,Everton,Everton,23
2023-24,Everton,Everton,23
2023-24,Everton,Everton,24
2023-24,Everton,Everton,26
2023-24,Everton,Everton,27
2023-24,Everton,Everton,28
2023-24,Everton,Everton,28
2023-24,Everton,Everton,28
2023-24,Everton,Everton,29
2023-24,Everton,Everton,32
2023-24,Everton,Everton,33
2023-24,Everton,Everton,34
2023-24,Everton,Everton,34
2023-24,Everton,Everton,35
2023-24,Everton,Everton,36
2023-24,Everton,Everton,36
2023-24,Everton,Everton,39
2023-24,Everton,Everton,42
2023-24,Everton,Everton,42
2023-24,Everton,Everton,43
2023-24,Everton,Everton,45
2023-24,Everton,Everton,47
2023-24,Everton,Everton,47
2023-24,Everton,Everton,49
2023-24,Everton,Everton,50
2023-24,Everton,Everton,50
2023-24,Everton,Everton,53
2023-24,Everton,Everton,53
2023-24,Everton,Everton,53
2023-24,Everton,Everton,54
2023-24,Everton,Everton,54
2023-24,Everton,Everton,54
2023-24,Everton,Everton,54
2023-24,Everton,Everton,59
2023-24,Everton,Everton,60
2023-24,Everton,Everton,60
2023-24,Everton,Everton,62
2023-24,Everton,Everton,63
2023-24,Everton,Everton,66
2023-24,Everton,Everton,66
2023-24,Everton,Everton,67
2023-24,Everton,Everton,73
2023-24,Everton,Everton,73
2023-24,Everton,Everton,74
2023-24,Everton,Everton,74
2023-24,Everton,Everton,75
2023-24,Everton,Everton,76
2023-24,Everton,Everton,77
2023-24,Everton,Everton,78
2023-24,Everton,Everton,80
2023-24,Everton,Everton,81
2023-24,Everton,Everton,81
2023-24,Everton,Everton,82
2023-24,Everton,Everton,82
2023-24,Everton,Everton,83
2023-24,Everton,Everton,83
2023-24,Everton,Everton,83
2023-24,Everton,Everton,86
2023-24,Everton,Everton,87
2023-24,Everton,Everton,87
2023-24,Everton,Everton,89
2023-24,Everton,Everton,90
2023-24,Everton,Everton,91
2023-24,Everton,Everton,91
2023-24,Everton,Everton,91
2023-24,Everton,Everton,91
2023-24,Everton,Everton,92
2023-24,Everton,Everton,92
2023-24,Everton,Everton,92
2023-24,Everton,Everton,93
2023-24,Everton,Everton,94
2023-24,Everton,Everton,97
2023-24,Everton,Everton,97
2023-24,Everton,Everton,98
2023-24,Everton,Everton,98
2023-24,Everton,Everton,99
2023-24,Everton,Everton,106
2023-24,Fulham,Fulham,14
2023-24,Fulham,Fulham,16
2023-24,Fulham,Fulham,19
2023-24,Fulham,Fulham,19
2023-24,Fulham,Fulham,22
2023-24,Fulham,Fulham,25
2023-24,Fulham,Fulham,25
2023-24,Fulham,Fulham,26
2023-24,Fulham,Fulham,30
2023-24,Fulham,Fulham,30
2023-24,Fulham,Fulham,31
2023-24,Fulham,Fulham,39
2023-24,Fulham,Fulham,40
2023-24,Fulham,Fulham,42
2023-24,Fulham,Fulham,43
2023-24,Fulham,Fulham,43
2023-24,Fulham,Fulham,44
2023-24,Fulham,Fulham,46
2023-24,Fulham,Fulham,47
2023-24,Fulham,Fulham,48
2023-24,Fulham,Fulham,48
2023-24,Fulham,Fulham,48
2023-24,Fulham,Fulham,49
2023-24,Fulham,Fulham,50
2023-24,Fulham,Fulham,50
2023-24,Fulham,Fulham,51
2023-24,Fulham,Fulham,52
2023-24,Fulham,Fulham,54
2023-24,Fulham,Fulham,54
2023-24,Fulham,Fulham,55
2023-24,Fulham,Fulham,57
2023-24,Fulham,Fulham,58
2023-24,Fulham,Fulham,61
2023-24,Fulham,Fulham,62
2023-24,Fulham,Fulham,62
2023-24,Fulham,Fulham,64
2023-24,Fulham,Fulham,64
2023-24,Fulham,Fulham,65
2023-24,Fulham,Fulham,66
2023-24,Fulham,Fulham,66
2023-24,Fulham,Fulham,67
2023-24,Fulham,Fulham,68
2023-24,Fulham,Fulham,69
2023-24,Fulham,Fulham,70
2023-24,Fulham,Fulham,72
2023-24,Fulham,Fulham,73
2023-24,Fulham,Fulham,73
2023-24,Fulham,Fulham,73
2023-24,Fulham,Fulham,74
2023-24,Fulham,Fulham,74
2023-24,Fulham,Fulham,75
2023-24,Fulham,Fulham,77
2023-24,Fulham,Fulham,78
2023-24,Fulham,Fulham,78
2023-24,Fulham,Fulham,79
2023-24,Fulham,Fulham,81
2023-24,Fulham,Fulham,82
2023-24,Fulham,Fulham,82
2023-24,Fulham,Fulham,85
2023-24,Fulham,Fulham,85
2023-24,Fulham,Fulham,86
2023-24,Fulham,Fulham,87
2023-24,Fulham,Fulham,88
2023-24,Fulham,Fulham,88
2023-24,Fulham,Fulham,89
2023-24,Fulham,Fulham,89
2023-24,Fulham,Fulham,89
2023-24,Fulham,Fulham,90
2023-24,Fulham,Fulham,90
2023-24,Fulham,Fulham,90
2023-24,Fulham,Fulham,90
2023-24,Fulham,Fulham,91
2023-24,Fulham,Fulham,92
2023-24,Fulham,Fulham,93
2023-24,Fulham,Fulham,94
2023-24,Fulham,Fulham,94
2023-24,Fulham,Fulham,94
2023-24,Fulham,Fulham,96
2023-24,Fulham,Fulham,96
2023-24,Fulham,Fulham,96
2023-24,Fulham,Fulham,97
2023-24,Fulham,Fulham,100
2023-24,Fulham,Fulham,100
2023-24,Fulham,Fulham,100
2023-24,Liverpool,Liverpool,4
2023-24,Liverpool,Liverpool,6
2023-24,Liverpool,Liverpool,7
2023-24,Liverpool,Liverpool,9
2023-24,Liverpool,Liverpool,14
2023-24,Liverpool,Liverpool,19
2023-24,Liverpool,Liverpool,19
2023-24,Liverpool,Liverpool,21
2023-24,Liverpool,Liverpool,25
2023-24,Liverpool,Liverpool,30
2023-24,Liverpool,Liverpool,32
2023-24,Liverpool,Liverpool,33
2023-24,Liverpool,Liverpool,34
2023-24,Liverpool,Liverpool,37
2023-24,Liverpool,Liverpool,37
2023-24,Liverpool,Liverpool,38
2023-24,Liverpool,Liverpool,39
2023-24,Liverpool,Liverpool,40
2023-24,Liverpool,Liverpool,45
2023-24,Liverpool,Liverpool,47
2023-24,Liverpool,Liverpool,47
2023-24,Liverpool,Liverpool,48
2023-24,Liverpool,Liverpool,50
2023-24,Liverpool,Liverpool,50
2023-24,Liverpool,Liverpool,50
2023-24,Liverpool,Liverpool,54
2023-24,Liverpool,Liverpool,55
2023-24,Liverpool,Liverpool,58
2023-24,Liverpool,Liverpool,58
2023-24,Liverpool,Liverpool,59
2023-24,Liverpool,Liverpool,60
2023-24,Liverpool,Liverpool,62
2023-24,Liverpool,Liverpool,65
2023-24,Liverpool,Liverpool,66
2023-24,Liverpool,Liverpool,66
2023-24,Liverpool,Liverpool,67
2023-24,Liverpool,Liverpool,67
2023-24,Liverpool,Liverpool,68
2023-24,Liverpool,Liverpool,68
2023-24,Liverpool,Liverpool,69
2023-24,Liverpool,Liverpool,71
2023-24,Liverpool,Liverpool,75
2023-24,Liverpool,Liverpool,75
2023-24,Liverpool,Liverpool,76
2023-24,Liverpool,Liverpool,77
2023-24,Liverpool,Liverpool,82
2023-24,Liverpool,Liverpool,84
2023-24,Liverpool,Liverpool,84
2023-24,Liverpool,Liverpool,85
2023-24,Liverpool,Liverpool,85
2023-24,Liverpool,Liverpool,86
2023-24,Liverpool,Liverpool,86
2023-24,Liverpool,Liverpool,87
2023-24,Liverpool,Liverpool,88
2023-24,Liverpool,Liverpool,89
2023-24,Liverpool,Liverpool,89
2023-24,Liverpool,Liverpool,90
2023-24,Liverpool,Liverpool,92
2023-24,Liverpool,Liverpool,92
2023-24,Liverpool,Liverpool,92
2023-24,Liverpool,Liverpool,93
2023-24,Liverpool,Liverpool,93
2023-24,Liverpool,Liverpool,93
2023-24,Liverpool,Liverpool,95
2023-24,Liverpool,Liverpool,95
2023-24,Liverpool,Liverpool,95
2023-24,Liverpool,Liverpool,97
2023-24,Liverpool,Liverpool,99
2023-24,Liverpool,Liverpool,100
2023-24,Luton Town,Luton,10
2023-24,Luton Town,Luton,17
2023-24,Luton Town,Luton,18
2023-24,Luton Town,Luton,19
2023-24,Luton Town,Luton,25
2023-24,Luton Town,Luton,27
2023-24,Luton Town,Luton,27
2023-24,Luton Town,Luton,27
2023-24,Luton Town,Luton,27
2023-24,Luton Town,Luton,30
2023-24,Luton Town,Luton,30
2023-24,Luton Town,Luton,30
2023-24,Luton Town,Luton,31
2023-24,Luton Town,Luton,33
2023-24,Luton Town,Luton,34
2023-24,Luton Town,Luton,34
2023-24,Luton Town,Luton,36
2023-24,Luton Town,Luton,36
2023-24,Luton Town,Luton,37
2023-24,Luton Town,Luton,38
2023-24,Luton Town,Luton,38
2023-24,Luton Town,Luton,41
2023-24,Luton Town,Luton,42
2023-24,Luton Town,Luton,43
2023-24,Luton Town,Luton,44
2023-24,Luton Town,Luton,44
2023-24,Luton Town,Luton,44
2023-24,Luton Town,Luton,46
2023-24,Luton Town,Luton,48
2023-24,Luton Town,Luton,50
2023-24,Luton Town,Luton,50
2023-24,Luton Town,Luton,51
2023-24,Luton Town,Luton,53
2023-24,Luton Town,Luton,56
2023-24,Luton Town,Luton,57
2023-24,Luton Town,Luton,58
2023-24,Luton Town,Luton,58
2023-24,Luton Town,Luton,59
2023-24,Luton Town,Luton,59
2023-24,Luton Town,Luton,59
2023-24,Luton Town,Luton,59
2023-24,Luton Town,Luton,60
2023-24,Luton Town,Luton,65
2023-24,Luton Town,Luton,66
2023-24,Luton Town,Luton,66
2023-24,Luton Town,Luton,69
2023-24,Luton Town,Luton,70
2023-24,Luton Town,Luton,73
2023-24,Luton Town,Luton,74
2023-24,Luton Town,Luton,74
2023-24,Luton Town,Luton,75
2023-24,Luton Town,Luton,75
2023-24,Luton Town,Luton,77
2023-24,Luton Town,Luton,77
2023-24,Luton Town,Luton,77
2023-24,Luton Town,Luton,78
2023-24,Luton Town,Luton,79
2023-24,Luton Town,Luton,83
2023-24,Luton Town,Luton,87
2023-24,Luton Town,Luton,87
2023-24,Luton Town,Luton,88
2023-24,Luton Town,Luton,89
2023-24,Luton Town,Luton,89
2023-24,Luton Town,Luton,90
2023-24,Luton Town,Luton,90
2023-24,Luton Town,Luton,91
2023-24,Luton Town,Luton,91
2023-24,Luton Town,Luton,92
2023-24,Luton Town,Luton,93
2023-24,Luton Town,Luton,93
2023-24,Luton Town,Luton,100
2023-24,Manchester City,Man City,17
2023-24,Manchester City,Man City,18
2023-24,Manchester City,Man City,18
2023-24,Manchester City,Man City,23
2023-24,Manchester City,Man City,29
2023-24,Manchester City,Man City,32
2023-24,Manchester City,Man City,34
2023-24,Manchester City,Man City,37
2023-24,Manchester City,Man City,38
2023-24,Manchester City,Man City,41
2023-24,Manchester City,Man City,42
2023-24,Manchester City,Man City,42
2023-24,Manchester City,Man City,43
2023-24,Manchester City,Man City,43
2023-24,Manchester City,Man City,45
2023-24,Manchester City,Man City,46
2023-24,Manchester City,Man City,47
2023-24,Manchester City,Man City,47
2023-24,Manchester City,Man City,47
2023-24,Manchester City,Man City,47
2023-24,Manchester City,Man City,48
2023-24,Manchester City,Man City,49
2023-24,Manchester City,Man City,53
2023-24,Manchester City,Man City,55
2023-24,Manchester City,Man City,56
2023-24,Manchester City,Man City,58
2023-24,Manchester City,Man City,59
2023-24,Manchester City,Man City,59
2023-24,Manchester City,Man City,59
2023-24,Manchester City,Man City,61
2023-24,Manchester City,Man City,63
2023-24,Manchester City,Man City,63
2023-24,Manchester City,Man City,70
2023-24,Manchester City,Man City,72
2023-24,Manchester City,Man City,73
2023-24,Manchester City,Man City,75
2023-24,Manchester City,Man City,75
2023-24,Manchester City,Man City,78
2023-24,Manchester City,Man City,81
2023-24,Manchester City,Man City,81
2023-24,Manchester City,Man City,82
2023-24,Manchester City,Man City,82
2023-24,Manchester City,Man City,84
2023-24,Manchester City,Man City,84
2023-24,Manchester City,Man City,85
2023-24,Manchester City,Man City,87
2023-24,Manchester City,Man City,88
2023-24,Manchester City,Man City,89
2023-24,Manchester City,Man City,89
2023-24,Manchester City,Man City,93
2023-24,Manchester City,Man City,93
2023-24,Manchester City,Man City,94
2023-24,Manchester City,Man City,95
2023-24,Manchester City,Man City,96
2023-24,Manchester City,Man City,97
2023-24,Manchester City,Man City,100
2023-24,Manchester United,Man Utd,3
2023-24,Manchester United,Man Utd,10
2023-24,Manchester United,Man Utd,13
2023-24,Manchester United,Man Utd,14
2023-24,Manchester United,Man Utd,17
2023-24,Manchester United,Man Utd,20
2023-24,Manchester United,Man Utd,22
2023-24,Manchester United,Man Utd,22
2023-24,Manchester United,Man Utd,24
2023-24,Manchester United,Man Utd,26
2023-24,Manchester United,Man Utd,27
2023-24,Manchester United,Man Utd,30
2023-24,Manchester United,Man Utd,33
2023-24,Manchester United,Man Utd,34
2023-24,Manchester United,Man Utd,35
2023-24,Manchester United,Man Utd,36
2023-24,Manchester United,Man Utd,37
2023-24,Manchester United,Man Utd,38
2023-24,Manchester United,Man Utd,38
2023-24,Manchester United,Man Utd,39
2023-24,Manchester United,Man Utd,39
2023-24,Manchester United,Man Utd,42
2023-24,Manchester United,Man Utd,42
2023-24,Manchester United,Man Utd,43
2023-24,Manchester United,Man Utd,44
2023-24,Manchester United,Man Utd,46
2023-24,Manchester United,Man Utd,47
2023-24,Manchester United,Man Utd,48
2023-24,Manchester United,Man Utd,48
2023-24,Manchester United,Man Utd,49
2023-24,Manchester United,Man Utd,49
2023-24,Manchester United,Man Utd,51
2023-24,Manchester United,Man Utd,55
2023-24,Manchester United,Man Utd,57
2023-24,Manchester United,Man Utd,58
2023-24,Manchester United,Man Utd,58
2023-24,Manchester United,Man Utd,59
2023-24,Manchester United,Man Utd,60
2023-24,Manchester United,Man Utd,62
2023-24,Manchester United,Man Utd,65
2023-24,Manchester United,Man Utd,67
2023-24,Manchester United,Man Utd,68
2023-24,Manchester United,Man Utd,68
2023-24,Manchester United,Man Utd,69
2023-24,Manchester United,Man Utd,69
2023-24,Manchester United,Man Utd,73
2023-24,Manchester United,Man Utd,74
2023-24,Manchester United,Man Utd,75
2023-24,Manchester United,Man Utd,77
2023-24,Manchester United,Man Utd,77
2023-24,Manchester United,Man Utd,78
2023-24,Manchester United,Man Utd,79
2023-24,Manchester United,Man Utd,80
2023-24,Manchester United,Man Utd,81
2023-24,Manchester United,Man Utd,81
2023-24,Manchester United,Man Utd,82
2023-24,Manchester United,Man Utd,82
2023-24,Manchester United,Man Utd,82
2023-24,Manchester United,Man Utd,84
2023-24,Manchester United,Man Utd,85
2023-24,Manchester United,Man Utd,87
2023-24,Manchester United,Man Utd,88
2023-24,Manchester United,Man Utd,88
2023-24,Manchester United,Man Utd,89
2023-24,Manchester United,Man Utd,90
2023-24,Manchester United,Man Utd,91
2023-24,Manchester United,Man Utd,92
2023-24,Manchester United,Man Utd,92
2023-24,Manchester United,Man Utd,92
2023-24,Manchester United,Man Utd,93
2023-24,Manchester United,Man Utd,93
2023-24,Manchester United,Man Utd,94
2023-24,Manchester United,Man Utd,94
2023-24,Manchester United,Man Utd,94
2023-24,Manchester United,Man Utd,94
2023-24,Manchester United,Man Utd,95
2023-24,Manchester United,Man Utd,96
2023-24,Manchester United,Man Utd,96
2023-24,Manchester United,Man Utd,97
2023-24,Manchester United,Man Utd,98
2023-24,Manchester United,Man Utd,99
2023-24,Manchester United,Man Utd,100
2023-24,Manchester United,Man Utd,100
2023-24,Manchester United,Man Utd,100
2023-24,Manchester United,Man Utd,102
2023-24,Manchester United,Man Utd,103
2023-24,Newcastle United,Newcastle,16
2023-24,Newcastle United,Newcastle,17
2023-24,Newcastle United,Newcastle,18
2023-24,Newcastle United,Newcastle,19
2023-24,Newcastle United,Newcastle,21
2023-24,Newcastle United,Newcastle,22
2023-24,Newcastle United,Newcastle,23
2023-24,Newcastle United,Newcastle,23
2023-24,Newcastle United,Newcastle,27
2023-24,Newcastle United,Newcastle,28
2023-24,Newcastle United,Newcastle,28
2023-24,Newcastle United,Newcastle,34
2023-24,Newcastle United,Newcastle,37
2023-24,Newcastle United,Newcastle,37
2023-24,Newcastle United,Newcastle,38
2023-24,Newcastle United,Newcastle,38
2023-24,Newcastle United,Newcastle,39
2023-24,Newcastle United,Newcastle,43
2023-24,Newcastle United,Newcastle,46
2023-24,Newcastle United,Newcastle,47
2023-24,Newcastle United,Newcastle,48
2023-24,Newcastle United,Newcastle,50
2023-24,Newcastle United,Newcastle,51
2023-24,Newcastle United,Newcastle,51
2023-24,Newcastle United,Newcastle,53
2023-24,Newcastle United,Newcastle,53
2023-24,Newcastle United,Newcastle,53
2023-24,Newcastle United,Newcastle,54
2023-24,Newcastle United,Newcastle,56
2023-24,Newcastle United,Newcastle,58
2023-24,Newcastle United,Newcastle,58
2023-24,Newcastle United,Newcastle,59
2023-24,Newcastle United,Newcastle,60
2023-24,Newcastle United,Newcastle,66
2023-24,Newcastle United,Newcastle,66
2023-24,Newcastle United,Newcastle,66
2023-24,Newcastle United,Newcastle,67
2023-24,Newcastle United,Newcastle,67
2023-24,Newcastle United,Newcastle,68
2023-24,Newcastle United,Newcastle,68
2023-24,Newcastle United,Newcastle,69
2023-24,Newcastle United,Newcastle,69
2023-24,Newcastle United,Newcastle,71
2023-24,Newcastle United,Newcastle,72
2023-24,Newcastle United,Newcastle,76
2023-24,Newcastle United,Newcastle,76
2023-24,Newcastle United,Newcastle,77
2023-24,Newcastle United,Newcastle,78
2023-24,Newcastle United,Newcastle,79
2023-24,Newcastle United,Newcastle,79
2023-24,Newcastle United,Newcastle,80
2023-24,Newcastle United,Newcastle,80
2023-24,Newcastle United,Newcastle,82
2023-24,Newcastle United,Newcastle,83
2023-24,Newcastle United,Newcastle,84
2023-24,Newcastle United,Newcastle,85
2023-24,Newcastle United,Newcastle,85
2023-24,Newcastle United,Newcastle,87
2023-24,Newcastle United,Newcastle,88
2023-24,Newcastle United,Newcastle,88
2023-24,Newcastle United,Newcastle,88
2023-24,Newcastle United,Newcastle,89
2023-24,Newcastle United,Newcastle,91
2023-24,Newcastle United,Newcastle,91
2023-24,Newcastle United,Newcastle,92
2023-24,Newcastle United,Newcastle,92
2023-24,Newcastle United,Newcastle,92
2023-24,Newcastle United,Newcastle,93
2023-24,Newcastle United,Newcastle,94
2023-24,Newcastle United,Newcastle,94
2023-24,Newcastle United,Newcastle,94
2023-24,Newcastle United,Newcastle,95
2023-24,Newcastle United,Newcastle,95
2023-24,Newcastle United,Newcastle,95
2023-24,Newcastle United,Newcastle,96
2023-24,Newcastle United,Newcastle,96
2023-24,Newcastle United,Newcastle,97
2023-24,Newcastle United,Newcastle,97
2023-24,Newcastle United,Newcastle,98
2023-24,Nottingham Forest,Nott'm Forest,5
2023-24,Nottingham Forest,Nott'm Forest,9
2023-24,Nottingham Forest,Nott'm Forest,14
2023-24,Nottingham Forest,Nott'm Forest,14
2023-24,Nottingham Forest,Nott'm Forest,15
2023-24,Nottingham Forest,Nott'm Forest,16
2023-24,Nottingham Forest,Nott'm Forest,18
2023-24,Nottingham Forest,Nott'm Forest,19
2023-24,Nottingham Forest,Nott'm Forest,21
2023-24,Nottingham Forest,Nott'm Forest,26
2023-24,Nottingham Forest,Nott'm Forest,27
2023-24,Nottingham Forest,Nott'm Forest,28
2023-24,Nottingham Forest,Nott'm Forest,30
2023-24,Nottingham Forest,Nott'm Forest,32
2023-24,Nottingham Forest,Nott'm Forest,33
2023-24,Nottingham Forest,Nott'm Forest,33
2023-24,Nottingham Forest,Nott'm Forest,34
2023-24,Nottingham Forest,Nott'm Forest,36
2023-24,Nottingham Forest,Nott'm Forest,41
2023-24,Nottingham Forest,Nott'm Forest,44
2023-24,Nottingham Forest,Nott'm Forest,44
2023-24,Nottingham Forest,Nott'm Forest,45
2023-24,Nottingham Forest,Nott'm Forest,46
2023-24,Nottingham Forest,Nott'm Forest,46
2023-24,Nottingham Forest,Nott'm Forest,47
2023-24,Nottingham Forest,Nott'm Forest,49
2023-24,Nottingham Forest,Nott'm Forest,50
2023-24,Nottingham Forest,Nott'm Forest,51
2023-24,Nottingham Forest,Nott'm Forest,51
2023-24,Nottingham Forest,Nott'm Forest,52
2023-24,Nottingham Forest,Nott'm Forest,54
2023-24,Nottingham Forest,Nott'm Forest,54
2023-24,Nottingham Forest,Nott'm Forest,54
2023-24,Nottingham Forest,Nott'm Forest,55
2023-24,Nottingham Forest,Nott'm Forest,55
2023-24,Nottingham Forest,Nott'm Forest,55
2023-24,Nottingham Forest,Nott'm Forest,55
2023-24,Nottingham Forest,Nott'm Forest,56
2023-24,Nottingham Forest,Nott'm Forest,56
2023-24,Nottingham Forest,Nott'm Forest,58
2023-24,Nottingham Forest,Nott'm Forest,59
2023-24,Nottingham Forest,Nott'm Forest,60
2023-24,Nottingham Forest,Nott'm Forest,60
2023-24,Nottingham Forest,Nott'm Forest,61
2023-24,Nottingham Forest,Nott'm Forest,62
2023-24,Nottingham Forest,Nott'm Forest,62
2023-24,Nottingham Forest,Nott'm Forest,63
2023-24,Nottingham Forest,Nott'm Forest,64
2023-24,Nottingham Forest,Nott'm Forest,68
2023-24,Nottingham Forest,Nott'm Forest,68
2023-24,Nottingham Forest,Nott'm Forest,71
2023-24,Nottingham Forest,Nott'm Forest,73
2023-24,Nottingham Forest,Nott'm Forest,74
2023-24,Nottingham Forest,Nott'm Forest,76
2023-24,Nottingham Forest,Nott'm Forest,77
2023-24,Nottingham Forest,Nott'm Forest,77
2023-24,Nottingham Forest,Nott'm Forest,77
2023-24,Nottingham Forest,Nott'm Forest,78
2023-24,Nottingham Forest,Nott'm Forest,81
2023-24,Nottingham Forest,Nott'm Forest,81
2023-24,Nottingham Forest,Nott'm Forest,81
2023-24,Nottingham Forest,Nott'm Forest,82
2023-24,Nottingham Forest,Nott'm Forest,82
2023-24,Nottingham Forest,Nott'm Forest,84
2023-24,Nottingham Forest,Nott'm Forest,84
2023-24,Nottingham Forest,Nott'm Forest,84
2023-24,Nottingham Forest,Nott'm Forest,84
2023-24,Nottingham Forest,Nott'm Forest,86
2023-24,Nottingham Forest,Nott'm Forest,88
2023-24,Nottingham Forest,Nott'm Forest,88
2023-24,Nottingham Forest,Nott'm Forest,90
2023-24,Nottingham Forest,Nott'm Forest,90
2023-24,Nottingham Forest,Nott'm Forest,90
2023-24,Nottingham Forest,Nott'm Forest,92
2023-24,Nottingham Forest,Nott'm Forest,93
2023-24,Nottingham Forest,Nott'm Forest,93
2023-24,Nottingham Forest,Nott'm Forest,93
2023-24,Nottingham Forest,Nott'm Forest,95
2023-24,Nottingham Forest,Nott'm Forest,95
2023-24,Nottingham Forest,Nott'm Forest,96
2023-24,Nottingham Forest,Nott'm Forest,98
2023-24,Nottingham Forest,Nott'm Forest,98
2023-24,Nottingham Forest,Nott'm Forest,101
2023-24,Nottingham Forest,Nott'm Forest,101
2023-24,Sheffield United,Sheff Utd,10
2023-24,Sheffield United,Sheff Utd,14
2023-24,Sheffield United,Sheff Utd,16
2023-24,Sheffield United,Sheff Utd,17
2023-24,Sheffield United,Sheff Utd,22
2023-24,Sheffield United,Sheff Utd,22
2023-24,Sheffield United,Sheff Utd,26
2023-24,Sheffield United,Sheff Utd,28
2023-24,Sheffield United,Sheff Utd,29
2023-24,Sheffield United,Sheff Utd,29
2023-24,Sheffield United,Sheff Utd,32
2023-24,Sheffield United,Sheff Utd,34
2023-24,Sheffield United,Sheff Utd,34
2023-24,Sheffield United,Sheff Utd,36
2023-24,Sheffield United,Sheff Utd,36
2023-24,Sheffield United,Sheff Utd,37
2023-24,Sheffield United,Sheff Utd,37
2023-24,Sheffield United,Sheff Utd,37
2023-24,Sheffield United,Sheff Utd,37
2023-24,Sheffield United,Sheff Utd,39
2023-24,Sheffield United,Sheff Utd,40
2023-24,Sheffield United,Sheff Utd,41
2023-24,Sheffield United,Sheff Utd,41
2023-24,Sheffield United,Sheff Utd,42
2023-24,Sheffield United,Sheff Utd,42
2023-24,Sheffield United,Sheff Utd,43
2023-24,Sheffield United,Sheff Utd,44
2023-24,Sheffield United,Sheff Utd,45
2023-24,Sheffield United,Sheff Utd,45
2023-24,Sheffield United,Sheff Utd,45
2023-24,Sheffield United,Sheff Utd,47
2023-24,Sheffield United,Sheff Utd,47
2023-24,Sheffield United,Sheff Utd,48
2023-24,Sheffield United,Sheff Utd,49
2023-24,Sheffield United,Sheff Utd,49
2023-24,Sheffield United,Sheff Utd,51
2023-24,Sheffield United,Sheff Utd,51
2023-24,Sheffield United,Sheff Utd,51
2023-24,Sheffield United,Sheff Utd,52
2023-24,Sheffield United,Sheff Utd,54
2023-24,Sheffield United,Sheff Utd,56
2023-24,Sheffield United,Sheff Utd,57
2023-24,Sheffield United,Sheff Utd,58
2023-24,Sheffield United,Sheff Utd,59
2023-24,Sheffield United,Sheff Utd,60
2023-24,Sheffield United,Sheff Utd,61
2023-24,Sheffield United,Sheff Utd,61
2023-24,Sheffield United,Sheff Utd,62
2023-24,Sheffield United,Sheff Utd,63
2023-24,Sheffield United,Sheff Utd,63
2023-24,Sheffield United,Sheff Utd,64
2023-24,Sheffield United,Sheff Utd,68
2023-24,Sheffield United,Sheff Utd,69
2023-24,Sheffield United,Sheff Utd,69
2023-24,Sheffield United,Sheff Utd,70
2023-24,Sheffield United,Sheff Utd,70
2023-24,Sheffield United,Sheff Utd,72
2023-24,Sheffield United,Sheff Utd,72
2023-24,Sheffield United,Sheff Utd,72
2023-24,Sheffield United,Sheff Utd,72
2023-24,Sheffield United,Sheff Utd,72
2023-24,Sheffield United,Sheff Utd,73
2023-24,Sheffield United,Sheff Utd,74
2023-24,Sheffield United,Sheff Utd,75
2023-24,Sheffield United,Sheff Utd,75
2023-24,Sheffield United,Sheff Utd,75
2023-24,Sheffield United,Sheff Utd,76
2023-24,Sheffield United,Sheff Utd,77
2023-24,Sheffield United,Sheff Utd,77
2023-24,Sheffield United,Sheff Utd,79
2023-24,Sheffield United,Sheff Utd,80
2023-24,Sheffield United,Sheff Utd,81
2023-24,Sheffield United,Sheff Utd,82
2023-24,Sheffield United,Sheff Utd,83
2023-24,Sheffield United,Sheff Utd,86
2023-24,Sheffield United,Sheff Utd,86
2023-24,Sheffield United,Sheff Utd,87
2023-24,Sheffield United,Sheff Utd,87
2023-24,Sheffield United,Sheff Utd,88
2023-24,Sheffield United,Sheff Utd,88
2023-24,Sheffield United,Sheff Utd,89
2023-24,Sheffield United,Sheff Utd,89
2023-24,Sheffield United,Sheff Utd,89
2023-24,Sheffield United,Sheff Utd,90
2023-24,Sheffield United,Sheff Utd,90
2023-24,Sheffield United,Sheff Utd,91
2023-24,Sheffield United,Sheff Utd,91
2023-24,Sheffield United,Sheff Utd,92
2023-24,Sheffield United,Sheff Utd,92
2023-24,Sheffield United,Sheff Utd,92
2023-24,Sheffield United,Sheff Utd,93
2023-24,Sheffield United,Sheff Utd,93
2023-24,Sheffield United,Sheff Utd,94
2023-24,Sheffield United,Sheff Utd,94
2023-24,Sheffield United,Sheff Utd,95
2023-24,Sheffield United,Sheff Utd,96
2023-24,Sheffield United,Sheff Utd,98
2023-24,Sheffield United,Sheff Utd,98
2023-24,Sheffield United,Sheff Utd,99
2023-24,Sheffield United,Sheff Utd,100
2023-24,Sheffield United,Sheff Utd,102
2023-24,Sheffield United,Sheff Utd,103
2023-24,Tottenham Hotspur,Spurs,15
2023-24,Tottenham Hotspur,Spurs,18
2023-24,Tottenham Hotspur,Spurs,19
2023-24,Tottenham Hotspur,Spurs,23
2023-24,Tottenham Hotspur,Spurs,25
2023-24,Tottenham Hotspur,Spurs,25
2023-24,Tottenham Hotspur,Spurs,26
2023-24,Tottenham Hotspur,Spurs,27
2023-24,Tottenham Hotspur,Spurs,28
2023-24,Tottenham Hotspur,Spurs,35
2023-24,Tottenham Hotspur,Spurs,35
2023-24,Tottenham Hotspur,Spurs,36
2023-24,Tottenham Hotspur,Spurs,36
2023-24,Tottenham Hotspur,Spurs,36
2023-24,Tottenham Hotspur,Spurs,38
2023-24,Tottenham Hotspur,Spurs,38
2023-24,Tottenham Hotspur,Spurs,41
2023-24,Tottenham Hotspur,Spurs,41
2023-24,Tottenham Hotspur,Spurs,42
2023-24,Tottenham Hotspur,Spurs,43
2023-24,Tottenham Hotspur,Spurs,44
2023-24,Tottenham Hotspur,Spurs,44
2023-24,Tottenham Hotspur,Spurs,44
2023-24,Tottenham Hotspur,Spurs,45
2023-24,Tottenham Hotspur,Spurs,46
2023-24,Tottenham Hotspur,Spurs,46
2023-24,Tottenham Hotspur,Spurs,47
2023-24,Tottenham Hotspur,Spurs,47
2023-24,Tottenham Hotspur,Spurs,47
2023-24,Tottenham Hotspur,Spurs,48
2023-24,Tottenham Hotspur,Spurs,48
2023-24,Tottenham Hotspur,Spurs,49
2023-24,Tottenham Hotspur,Spurs,53
2023-24,Tottenham Hotspur,Spurs,54
2023-24,Tottenham Hotspur,Spurs,54
2023-24,Tottenham Hotspur,Spurs,55
2023-24,Tottenham Hotspur,Spurs,55
2023-24,Tottenham Hotspur,Spurs,56
2023-24,Tottenham Hotspur,Spurs,56
2023-24,Tottenham Hotspur,Spurs,57
2023-24,Tottenham Hotspur,Spurs,57
2023-24,Tottenham Hotspur,Spurs,57
2023-24,Tottenham Hotspur,Spurs,58
2023-24,Tottenham Hotspur,Spurs,59
2023-24,Tottenham Hotspur,Spurs,60
2023-24,Tottenham Hotspur,Spurs,61
2023-24,Tottenham Hotspur,Spurs,61
2023-24,Tottenham Hotspur,Spurs,61
2023-24,Tottenham Hotspur,Spurs,61
2023-24,Tottenham Hotspur,Spurs,63
2023-24,Tottenham Hotspur,Spurs,63
2023-24,Tottenham Hotspur,Spurs,63
2023-24,Tottenham Hotspur,Spurs,63
2023-24,Tottenham Hotspur,Spurs,66
2023-24,Tottenham Hotspur,Spurs,67
2023-24,Tottenham Hotspur,Spurs,68
2023-24,Tottenham Hotspur,Spurs,69
2023-24,Tottenham Hotspur,Spurs,71
2023-24,Tottenham Hotspur,Spurs,73
2023-24,Tottenham Hotspur,Spurs,74
2023-24,Tottenham Hotspur,Spurs,74
2023-24,Tottenham Hotspur,Spurs,75
2023-24,Tottenham Hotspur,Spurs,77
2023-24,Tottenham Hotspur,Spurs,79
2023-24,Tottenham Hotspur,Spurs,79
2023-24,Tottenham Hotspur,Spurs,80
2023-24,Tottenham Hotspur,Spurs,81
2023-24,Tottenham Hotspur,Spurs,81
2023-24,Tottenham Hotspur,Spurs,85
2023-24,Tottenham Hotspur,Spurs,86
2023-24,Tottenham Hotspur,Spurs,86
2023-24,Tottenham Hotspur,Spurs,87
2023-24,Tottenham Hotspur,Spurs,87
2023-24,Tottenham Hotspur,Spurs,87
2023-24,Tottenham Hotspur,Spurs,88
2023-24,Tottenham Hotspur,Spurs,89
2023-24,Tottenham Hotspur,Spurs,89
2023-24,Tottenham Hotspur,Spurs,89
2023-24,Tottenham Hotspur,Spurs,89
2023-24,Tottenham Hotspur,Spurs,92
2023-24,Tottenham Hotspur,Spurs,93
2023-24,Tottenham Hotspur,Spurs,93
2023-24,Tottenham Hotspur,Spurs,95
2023-24,Tottenham Hotspur,Spurs,95
2023-24,Tottenham Hotspur,Spurs,96
2023-24,Tottenham Hotspur,Spurs,96
2023-24,Tottenham Hotspur,Spurs,96
2023-24,Tottenham Hotspur,Spurs,96
2023-24,Tottenham Hotspur,Spurs,97
2023-24,Tottenham Hotspur,Spurs,98
2023-24,Tottenham Hotspur,Spurs,99
2023-24,Tottenham Hotspur,Spurs,103
2023-24,Tottenham Hotspur,Spurs,106
2023-24,West Ham United,West Ham,8
2023-24,West Ham United,West Ham,9
2023-24,West Ham United,West Ham,11
2023-24,West Ham United,West Ham,13
2023-24,West Ham United,West Ham,16
2023-24,West Ham United,West Ham,18
2023-24,West Ham United,West Ham,22
2023-24,West Ham United,West Ham,24
2023-24,West Ham United,West Ham,27
2023-24,West Ham United,West Ham,28
2023-24,West Ham United,West Ham,30
2023-24,West Ham United,West Ham,31
2023-24,West Ham United,West Ham,34
2023-24,West Ham United,West Ham,35
2023-24,West Ham United,West Ham,35
2023-24,West Ham United,West Ham,36
2023-24,West Ham United,West Ham,36
2023-24,West Ham United,West Ham,37
2023-24,West Ham United,West Ham,37
2023-24,West Ham United,West Ham,38
2023-24,West Ham United,West Ham,38
2023-24,West Ham United,West Ham,39
2023-24,West Ham United,West Ham,39
2023-24,West Ham United,West Ham,39
2023-24,West Ham United,West Ham,40
2023-24,West Ham United,West Ham,40
2023-24,West Ham United,West Ham,42
2023-24,West Ham United,West Ham,43
2023-24,West Ham United,West Ham,44
2023-24,West Ham United,West Ham,44
2023-24,West Ham United,West Ham,45
2023-24,West Ham United,West Ham,46
2023-24,West Ham United,West Ham,47
2023-24,West Ham United,West Ham,49
2023-24,West Ham United,West Ham,49
2023-24,West Ham United,West Ham,52
2023-24,West Ham United,West Ham,52
2023-24,West Ham United,West Ham,53
2023-24,West Ham United,West Ham,53
2023-24,West Ham United,West Ham,53
2023-24,West Ham United,West Ham,54
2023-24,West Ham United,West Ham,57
2023-24,West Ham United,West Ham,57
2023-24,West Ham United,West Ham,60
2023-24,West Ham United,West Ham,62
2023-24,West Ham United,West Ham,66
2023-24,West Ham United,West Ham,68
2023-24,West Ham United,West Ham,68
2023-24,West Ham United,West Ham,69
2023-24,West Ham United,West Ham,70
2023-24,West Ham United,West Ham,70
2023-24,West Ham United,West Ham,74
2023-24,West Ham United,West Ham,76
2023-24,West Ham United,West Ham,76
2023-24,West Ham United,West Ham,76
2023-24,West Ham United,West Ham,79
2023-24,West Ham United,West Ham,79
2023-24,West Ham United,West Ham,80
2023-24,West Ham United,West Ham,80
2023-24,West Ham United,West Ham,81
2023-24,West Ham United,West Ham,82
2023-24,West Ham United,West Ham,83
2023-24,West Ham United,West Ham,83
2023-24,West Ham United,West Ham,83
2023-24,West Ham United,West Ham,86
2023-24,West Ham United,West Ham,87
2023-24,West Ham United,West Ham,87
2023-24,West Ham United,West Ham,87
2023-24,West Ham United,West Ham,89
2023-24,West Ham United,West Ham,89
2023-24,West Ham United,West Ham,90
2023-24,West Ham United,West Ham,91
2023-24,West Ham United,West Ham,92
2023-24,West Ham United,West Ham,92
2023-24,West Ham United,West Ham,93
2023-24,West Ham United,West Ham,93
2023-24,West Ham United,West Ham,93
2023-24,West Ham United,West Ham,94
2023-24,West Ham United,West Ham,95
2023-24,West Ham United,West Ham,96
2023-24,West Ham United,West Ham,97
2023-24,Wolverhampton Wanderers,Wolves,11
2023-24,Wolverhampton Wanderers,Wolves,17
2023-24,Wolverhampton Wanderers,Wolves,19
2023-24,Wolverhampton Wanderers,Wolves,23
2023-24,Wolverhampton Wanderers,Wolves,24
2023-24,Wolverhampton Wanderers,Wolves,24
2023-24,Wolverhampton Wanderers,Wolves,27
2023-24,Wolverhampton Wanderers,Wolves,27
2023-24,Wolverhampton Wanderers,Wolves,27
2023-24,Wolverhampton Wanderers,Wolves,28
2023-24,Wolverhampton Wanderers,Wolves,29
2023-24,Wolverhampton Wanderers,Wolves,30
2023-24,Wolverhampton Wanderers,Wolves,32
2023-24,Wolverhampton Wanderers,Wolves,33
2023-24,Wolverhampton Wanderers,Wolves,35
2023-24,Wolverhampton Wanderers,Wolves,35
2023-24,Wolverhampton Wanderers,Wolves,38
2023-24,Wolverhampton Wanderers,Wolves,39
2023-24,Wolverhampton Wanderers,Wolves,40
2023-24,Wolverhampton Wanderers,Wolves,40
2023-24,Wolverhampton Wanderers,Wolves,41
2023-24,Wolverhampton Wanderers,Wolves,41
2023-24,Wolverhampton Wanderers,Wolves,42
2023-24,Wolverhampton Wanderers,Wolves,43
2023-24,Wolverhampton Wanderers,Wolves,43
2023-24,Wolverhampton Wanderers,Wolves,44
2023-24,Wolverhampton Wanderers,Wolves,45
2023-24,Wolverhampton Wanderers,Wolves,46
2023-24,Wolverhampton Wanderers,Wolves,46
2023-24,Wolverhampton Wanderers,Wolves,47
2023-24,Wolverhampton Wanderers,Wolves,47
2023-24,Wolverhampton Wanderers,Wolves,47
2023-24,Wolverhampton Wanderers,Wolves,47
2023-24,Wolverhampton Wanderers,Wolves,47
2023-24,Wolverhampton Wanderers,Wolves,48
2023-24,Wolverhampton Wanderers,Wolves,49
2023-24,Wolverhampton Wanderers,Wolves,50
2023-24,Wolverhampton Wanderers,Wolves,50
2023-24,Wolverhampton Wanderers,Wolves,51
2023-24,Wolverhampton Wanderers,Wolves,51
2023-24,Wolverhampton Wanderers,Wolves,52
2023-24,Wolverhampton Wanderers,Wolves,54
2023-24,Wolverhampton Wanderers,Wolves,54
2023-24,Wolverhampton Wanderers,Wolves,54
2023-24,Wolverhampton Wanderers,Wolves,54
2023-24,Wolverhampton Wanderers,Wolves,55
2023-24,Wolverhampton Wanderers,Wolves,57
2023-24,Wolverhampton Wanderers,Wolves,57
2023-24,Wolverhampton Wanderers,Wolves,57
2023-24,Wolverhampton Wanderers,Wolves,58
2023-24,Wolverhampton Wanderers,Wolves,61
2023-24,Wolverhampton Wanderers,Wolves,62
2023-24,Wolverhampton Wanderers,Wolves,63
2023-24,Wolverhampton Wanderers,Wolves,64
2023-24,Wolverhampton Wanderers,Wolves,64
2023-24,Wolverhampton Wanderers,Wolves,66
2023-24,Wolverhampton Wanderers,Wolves,67
2023-24,Wolverhampton Wanderers,Wolves,67
2023-24,Wolverhampton Wanderers,Wolves,68
2023-24,Wolverhampton Wanderers,Wolves,69
2023-24,Wolverhampton Wanderers,Wolves,69
2023-24,Wolverhampton Wanderers,Wolves,70
2023-24,Wolverhampton Wanderers,Wolves,71
2023-24,Wolverhampton Wanderers,Wolves,71
2023-24,Wolverhampton Wanderers,Wolves,72
2023-24,Wolverhampton Wanderers,Wolves,73
2023-24,Wolverhampton Wanderers,Wolves,76
2023-24,Wolverhampton Wanderers,Wolves,77
2023-24,Wolverhampton Wanderers,Wolves,78
2023-24,Wolverhampton Wanderers,Wolves,80
2023-24,Wolverhampton Wanderers,Wolves,81
2023-24,Wolverhampton Wanderers,Wolves,81
2023-24,Wolverhampton Wanderers,Wolves,81
2023-24,Wolverhampton Wanderers,Wolves,82
2023-24,Wolverhampton Wanderers,Wolves,83
2023-24,Wolverhampton Wanderers,Wolves,83
2023-24,Wolverhampton Wanderers,Wolves,84
2023-24,Wolverhampton Wanderers,Wolves,84
2023-24,Wolverhampton Wanderers,Wolves,85
2023-24,Wolverhampton Wanderers,Wolves,88
2023-24,Wolverhampton Wanderers,Wolves,88
2023-24,Wolverhampton Wanderers,Wolves,88
2023-24,Wolverhampton Wanderers,Wolves,88
2023-24,Wolverhampton Wanderers,Wolves,89
2023-24,Wolverhampton Wanderers,Wolves,89
2023-24,Wolverhampton Wanderers,Wolves,91
2023-24,Wolverhampton Wanderers,Wolves,91
2023-24,Wolverhampton Wanderers,Wolves,92
2023-24,Wolverhampton Wanderers,Wolves,93
2023-24,Wolverhampton Wanderers,Wolves,93
2023-24,Wolverhampton Wanderers,Wolves,95
2023-24,Wolverhampton Wanderers,Wolves,95
2023-24,Wolverhampton Wanderers,Wolves,96
2023-24,Wolverhampton Wanderers,Wolves,96
2023-24,Wolverhampton Wanderers,Wolves,96
2023-24,Wolverhampton Wanderers,Wolves,97
2023-24,Wolverhampton Wanderers,Wolves,97
2023-24,Wolverhampton Wanderers,Wolves,98
2023-24,Wolverhampton Wanderers,Wolves,98
2023-24,Wolverhampton Wanderers,Wolves,99
2023-24,Wolverhampton Wanderers,Wolves,100
2023-24,Wolverhampton Wanderers,Wolves,102
2023-24,Wolverhampton Wanderers,Wolves,104
2023-24,Wolverhampton Wanderers,Wolves,104
2024-25,Arsenal,Arsenal,3
2024-25,Arsenal,Arsenal,15
2024-25,Arsenal,Arsenal,17
2024-25,Arsenal,Arsenal,24
2024-25,Arsenal,Arsenal,25
2024-25,Arsenal,Arsenal,30
2024-25,Arsenal,Arsenal,31
2024-25,Arsenal,Arsenal,31
2024-25,Arsenal,Arsenal,34
2024-25,Arsenal,Arsenal,34
2024-25,Arsenal,Arsenal,35
2024-25,Arsenal,Arsenal,36
2024-25,Arsenal,Arsenal,39
2024-25,Arsenal,Arsenal,42
2024-25,Arsenal,Arsenal,42
2024-25,Arsenal,Arsenal,43
2024-25,Arsenal,Arsenal,43
2024-25,Arsenal,Arsenal,44
2024-25,Arsenal,Arsenal,44
2024-25,Arsenal,Arsenal,46
2024-25,Arsenal,Arsenal,46
2024-25,Arsenal,Arsenal,46
2024-25,Arsenal,Arsenal,47
2024-25,Arsenal,Arsenal,48
2024-25,Arsenal,Arsenal,49
2024-25,Arsenal,Arsenal,49
2024-25,Arsenal,Arsenal,49
2024-25,Arsenal,Arsenal,49
2024-25,Arsenal,Arsenal,52
2024-25,Arsenal,Arsenal,54
2024-25,Arsenal,Arsenal,54
2024-25,Arsenal,Arsenal,56
2024-25,Arsenal,Arsenal,56
2024-25,Arsenal,Arsenal,57
2024-25,Arsenal,Arsenal,57
2024-25,Arsenal,Arsenal,58
2024-25,Arsenal,Arsenal,60
2024-25,Arsenal,Arsenal,65
2024-25,Arsenal,Arsenal,65
2024-25,Arsenal,Arsenal,66
2024-25,Arsenal,Arsenal,66
2024-25,Arsenal,Arsenal,66
2024-25,Arsenal,Arsenal,67
2024-25,Arsenal,Arsenal,68
2024-25,Arsenal,Arsenal,70
2024-25,Arsenal,Arsenal,71
2024-25,Arsenal,Arsenal,72
2024-25,Arsenal,Arsenal,81
2024-25,Arsenal,Arsenal,82
2024-25,Arsenal,Arsenal,83
2024-25,Arsenal,Arsenal,84
2024-25,Arsenal,Arsenal,86
2024-25,Arsenal,Arsenal,86
2024-25,Arsenal,Arsenal,87
2024-25,Arsenal,Arsenal,88
2024-25,Arsenal,Arsenal,88
2024-25,Arsenal,Arsenal,89
2024-25,Arsenal,Arsenal,90
2024-25,Arsenal,Arsenal,92
2024-25,Arsenal,Arsenal,94
2024-25,Arsenal,Arsenal,94
2024-25,Arsenal,Arsenal,94
2024-25,Arsenal,Arsenal,94
2024-25,Arsenal,Arsenal,94
2024-25,Arsenal,Arsenal,96
2024-25,Arsenal,Arsenal,97
2024-25,Arsenal,Arsenal,97
2024-25,Arsenal,Arsenal,98
2024-25,Arsenal,Arsenal,98
2024-25,Aston Villa,Aston Villa,4
2024-25,Aston Villa,Aston Villa,8
2024-25,Aston Villa,Aston Villa,8
2024-25,Aston Villa,Aston Villa,8
2024-25,Aston Villa,Aston Villa,14
2024-25,Aston Villa,Aston Villa,16
2024-25,Aston Villa,Aston Villa,18
2024-25,Aston Villa,Aston Villa,20
2024-25,Aston Villa,Aston Villa,23
2024-25,Aston Villa,Aston Villa,23
2024-25,Aston Villa,Aston Villa,28
2024-25,Aston Villa,Aston Villa,28
2024-25,Aston Villa,Aston Villa,30
2024-25,Aston Villa,Aston Villa,33
2024-25,Aston Villa,Aston Villa,34
2024-25,Aston Villa,Aston Villa,35
2024-25,Aston Villa,Aston Villa,37
2024-25,Aston Villa,Aston Villa,38
2024-25,Aston Villa,Aston Villa,40
2024-25,Aston Villa,Aston Villa,41
2024-25,Aston Villa,Aston Villa,42
2024-25,Aston Villa,Aston Villa,46
2024-25,Aston Villa,Aston Villa,47
2024-25,Aston Villa,Aston Villa,47
2024-25,Aston Villa,Aston Villa,47
2024-25,Aston Villa,Aston Villa,48
2024-25,Aston Villa,Aston Villa,48
2024-25,Aston Villa,Aston Villa,50
2024-25,Aston Villa,Aston Villa,50
2024-25,Aston Villa,Aston Villa,50
2024-25,Aston Villa,Aston Villa,50
2024-25,Aston Villa,Aston Villa,51
2024-25,Aston Villa,Aston Villa,54
2024-25,Aston Villa,Aston Villa,55
2024-25,Aston Villa,Aston Villa,55
2024-25,Aston Villa,Aston Villa,58
2024-25,Aston Villa,Aston Villa,59
2024-25,Aston Villa,Aston Villa,61
2024-25,Aston Villa,Aston Villa,63
2024-25,Aston Villa,Aston Villa,64
2024-25,Aston Villa,Aston Villa,65
2024-25,Aston Villa,Aston Villa,65
2024-25,Aston Villa,Aston Villa,66
2024-25,Aston Villa,Aston Villa,69
2024-25,Aston Villa,Aston Villa,70
2024-25,Aston Villa,Aston Villa,70
2024-25,Aston Villa,Aston Villa,72
2024-25,Aston Villa,Aston Villa,73
2024-25,Aston Villa,Aston Villa,74
2024-25,Aston Villa,Aston Villa,74
2024-25,Aston Villa,Aston Villa,76
2024-25,Aston Villa,Aston Villa,78
2024-25,Aston Villa,Aston Villa,80
2024-25,Aston Villa,Aston Villa,81
2024-25,Aston Villa,Aston Villa,82
2024-25,Aston Villa,Aston Villa,82
2024-25,Aston Villa,Aston Villa,83
2024-25,Aston Villa,Aston Villa,85
2024-25,Aston Villa,Aston Villa,85
2024-25,Aston Villa,Aston Villa,85
2024-25,Aston Villa,Aston Villa,86
2024-25,Aston Villa,Aston Villa,87
2024-25,Aston Villa,Aston Villa,88
2024-25,Aston Villa,Aston Villa,88
2024-25,Aston Villa,Aston Villa,90
2024-25,Aston Villa,Aston Villa,90
2024-25,Aston Villa,Aston Villa,91
2024-25,Aston Villa,Aston Villa,91
2024-25,Aston Villa,Aston Villa,92
2024-25,Aston Villa,Aston Villa,92
2024-25,Aston Villa,Aston Villa,94
2024-25,Aston Villa,Aston Villa,94
2024-25,Aston Villa,Aston Villa,94
2024-25,Aston Villa,Aston Villa,95
2024-25,Aston Villa,Aston Villa,96
2024-25,Aston Villa,Aston Villa,96
2024-25,Aston Villa,Aston Villa,101
2024-25,Bournemouth,Bournemouth,1
2024-25,Bournemouth,Bournemouth,4
2024-25,Bournemouth,Bournemouth,4
2024-25,Bournemouth,Bournemouth,6
2024-25,Bournemouth,Bournemouth,8
2024-25,Bournemouth,Bournemouth,10
2024-25,Bournemouth,Bournemouth,13
2024-25,Bournemouth,Bournemouth,15
2024-25,Bournemouth,Bournemouth,18
2024-25,Bournemouth,Bournemouth,18
2024-25,Bournemouth,Bournemouth,18
2024-25,Bournemouth,Bournemouth,21
2024-25,Bournemouth,Bournemouth,22
2024-25,Bournemouth,Bournemouth,22
2024-25,Bournemouth,Bournemouth,25
2024-25,Bournemouth,Bournemouth,25
2024-25,Bournemouth,Bournemouth,27
2024-25,Bournemouth,Bournemouth,28
2024-25,Bournemouth,Bournemouth,30
2024-25,Bournemouth,Bournemouth,32
2024-25,Bournemouth,Bournemouth,34
2024-25,Bournemouth,Bournemouth,35
2024-25,Bournemouth,Bournemouth,35
2024-25,Bournemouth,Bournemouth,36
2024-25,Bournemouth,Bournemouth,37
2024-25,Bournemouth,Bournemouth,39
2024-25,Bournemouth,Bournemouth,39
2024-25,Bournemouth,Bournemouth,40
2024-25,Bournemouth,Bournemouth,43
2024-25,Bournemouth,Bournemouth,44
2024-25,Bournemouth,Bournemouth,44
2024-25,Bournemouth,Bournemouth,45
2024-25,Bournemouth,Bournemouth,46
2024-25,Bournemouth,Bournemouth,46
2024-25,Bournemouth,Bournemouth,47
2024-25,Bournemouth,Bournemouth,47
2024-25,Bournemouth,Bournemouth,48
2024-25,Bournemouth,Bournemouth,48
2024-25,Bournemouth,Bournemouth,48
2024-25,Bournemouth,Bournemouth,49
2024-25,Bournemouth,Bournemouth,49
2024-25,Bournemouth,Bournemouth,50
2024-25,Bournemouth,Bournemouth,50
2024-25,Bournemouth,Bournemouth,51
2024-25,Bournemouth,Bournemouth,55
2024-25,Bournemouth,Bournemouth,55
2024-25,Bournemouth,Bournemouth,57
2024-25,Bournemouth,Bournemouth,58
2024-25,Bournemouth,Bournemouth,59
2024-25,Bournemouth,Bournemouth,60
2024-25,Bournemouth,Bournemouth,60
2024-25,Bournemouth,Bournemouth,62
2024-25,Bournemouth,Bournemouth,62
2024-25,Bournemouth,Bournemouth,63
2024-25,Bournemouth,Bournemouth,64
2024-25,Bournemouth,Bournemouth,65
2024-25,Bournemouth,Bournemouth,68
2024-25,Bournemouth,Bournemouth,68
2024-25,Bournemouth,Bournemouth,68
2024-25,Bournemouth,Bournemouth,69
2024-25,Bournemouth,Bournemouth,69
2024-25,Bournemouth,Bournemouth,70
2024-25,Bournemouth,Bournemouth,70
2024-25,Bournemouth,Bournemouth,75
2024-25,Bournemouth,Bournemouth,76
2024-25,Bournemouth,Bournemouth,76
2024-25,Bournemouth,Bournemouth,77
2024-25,Bournemouth,Bournemouth,78
2024-25,Bournemouth,Bournemouth,78
2024-25,Bournemouth,Bournemouth,80
2024-25,Bournemouth,Bournemouth,80
2024-25,Bournemouth,Bournemouth,81
2024-25,Bournemouth,Bournemouth,82
2024-25,Bournemouth,Bournemouth,82
2024-25,Bournemouth,Bournemouth,83
2024-25,Bournemouth,Bournemouth,83
2024-25,Bournemouth,Bournemouth,84
2024-25,Bournemouth,Bournemouth,85
2024-25,Bournemouth,Bournemouth,86
2024-25,Bournemouth,Bournemouth,87
2024-25,Bournemouth,Bournemouth,87
2024-25,Bournemouth,Bournemouth,87
2024-25,Bournemouth,Bournemouth,88
2024-25,Bournemouth,Bournemouth,88
2024-25,Bournemouth,Bournemouth,89
2024-25,Bournemouth,Bournemouth,89
2024-25,Bournemouth,Bournemouth,89
2024-25,Bournemouth,Bournemouth,89
2024-25,Bournemouth,Bournemouth,90
2024-25,Bournemouth,Bournemouth,90
2024-25,Bournemouth,Bournemouth,91
2024-25,Bournemouth,Bournemouth,91
2024-25,Bournemouth,Bournemouth,92
2024-25,Bournemouth,Bournemouth,93
2024-25,Bournemouth,Bournemouth,93
2024-25,Bournemouth,Bournemouth,94
2024-25,Bournemouth,Bournemouth,95
2024-25,Bournemouth,Bournemouth,96
2024-25,Bournemouth,Bournemouth,96
2024-25,Bournemouth,Bournemouth,97
2024-25,Bournemouth,Bournemouth,97
2024-25,Brentford,Brentford,11
2024-25,Brentford,Brentford,17
2024-25,Brentford,Brentford,18
2024-25,Brentford,Brentford,20
2024-25,Brentford,Brentford,25
2024-25,Brentford,Brentford,26
2024-25,Brentford,Brentford,28
2024-25,Brentford,Brentford,29
2024-25,Brentford,Brentford,32
2024-25,Brentford,Brentford,34
2024-25,Brentford,Brentford,36
2024-25,Brentford,Brentford,37
2024-25,Brentford,Brentford,40
2024-25,Brentford,Brentford,40
2024-25,Brentford,Brentford,42
2024-25,Brentford,Brentford,43
2024-25,Brentford,Brentford,45
2024-25,Brentford,Brentford,47
2024-25,Brentford,Brentford,48
2024-25,Brentford,Brentford,48
2024-25,Brentford,Brentford,49
2024-25,Brentford,Brentford,52
2024-25,Brentford,Brentford,55
2024-25,Brentford,Brentford,55
2024-25,Brentford,Brentford,56
2024-25,Brentford,Brentford,57
2024-25,Brentford,Brentford,57
2024-25,Brentford,Brentford,57
2024-25,Brentford,Brentford,58
2024-25,Brentford,Brentford,59
2024-25,Brentford,Brentford,60
2024-25,Brentford,Brentford,63
2024-25,Brentford,Brentford,63
2024-25,Brentford,Brentford,67
2024-25,Brentford,Brentford,67
2024-25,Brentford,Brentford,67
2024-25,Brentford,Brentford,68
2024-25,Brentford,Brentford,69
2024-25,Brentford,Brentford,70
2024-25,Brentford,Brentford,72
2024-25,Brentford,Brentford,73
2024-25,Brentford,Brentford,73
2024-25,Brentford,Brentford,73
2024-25,Brentford,Brentford,75
2024-25,Brentford,Brentford,77
2024-25,Brentford,Brentford,78
2024-25,Brentford,Brentford,80
2024-25,Brentford,Brentford,82
2024-25,Brentford,Brentford,83
2024-25,Brentford,Brentford,87
2024-25,Brentford,Brentford,87
2024-25,Brentford,Brentford,87
2024-25,Brentford,Brentford,88
2024-25,Brentford,Brentford,88
2024-25,Brentford,Brentford,89
2024-25,Brentford,Brentford,91
2024-25,Brentford,Brentford,91
2024-25,Brentford,Brentford,92
2024-25,Brentford,Brentford,94
2024-25,Brentford,Brentford,96
2024-25,Brentford,Brentford,96
2024-25,Brentford,Brentford,97
2024-25,Brentford,Brentford,97
2024-25,Brentford,Brentford,98
2024-25,Brighton and Hove Albion,Brighton,10
2024-25,Brighton and Hove Albion,Brighton,12
2024-25,Brighton and Hove Albion,Brighton,16
2024-25,Brighton and Hove Albion,Brighton,18
2024-25,Brighton and Hove Albion,Brighton,19
2024-25,Brighton and Hove Albion,Brighton,20
2024-25,Brighton and Hove Albion,Brighton,20
2024-25,Brighton and Hove Albion,Brighton,21
2024-25,Brighton and Hove Albion,Brighton,25
2024-25,Brighton and Hove Albion,Brighton,25
2024-25,Brighton and Hove Albion,Brighton,26
2024-25,Brighton and Hove Albion,Brighton,27
2024-25,Brighton and Hove Albion,Brighton,29
2024-25,Brighton and Hove Albion,Brighton,30
2024-25,Brighton and Hove Albion,Brighton,31
2024-25,Brighton and Hove Albion,Brighton,31
2024-25,Brighton and Hove Albion,Brighton,32
2024-25,Brighton and Hove Albion,Brighton,34
2024-25,Brighton and Hove Albion,Brighton,37
2024-25,Brighton and Hove Albion,Brighton,39
2024-25,Brighton and Hove Albion,Brighton,40
2024-25,Brighton and Hove Albion,Brighton,40
2024-25,Brighton and Hove Albion,Brighton,41
2024-25,Brighton and Hove Albion,Brighton,43
2024-25,Brighton and Hove Albion,Brighton,43
2024-25,Brighton and Hove Albion,Brighton,44
2024-25,Brighton and Hove Albion,Brighton,45
2024-25,Brighton and Hove Albion,Brighton,46
2024-25,Brighton and Hove Albion,Brighton,46
2024-25,Brighton and Hove Albion,Brighton,47
2024-25,Brighton and Hove Albion,Brighton,47
2024-25,Brighton and Hove Albion,Brighton,47
2024-25,Brighton and Hove Albion,Brighton,48
2024-25,Brighton and Hove Albion,Brighton,49
2024-25,Brighton and Hove Albion,Brighton,52
2024-25,Brighton and Hove Albion,Brighton,54
2024-25,Brighton and Hove Albion,Brighton,56
2024-25,Brighton and Hove Albion,Brighton,56
2024-25,Brighton and Hove Albion,Brighton,58
2024-25,Brighton and Hove Albion,Brighton,60
2024-25,Brighton and Hove Albion,Brighton,63
2024-25,Brighton and Hove Albion,Brighton,64
2024-25,Brighton and Hove Albion,Brighton,70
2024-25,Brighton and Hove Albion,Brighton,70
2024-25,Brighton and Hove Albion,Brighton,71
2024-25,Brighton and Hove Albion,Brighton,71
2024-25,Brighton and Hove Albion,Brighton,72
2024-25,Brighton and Hove Albion,Brighton,74
2024-25,Brighton and Hove Albion,Brighton,74
2024-25,Brighton and Hove Albion,Brighton,77
2024-25,Brighton and Hove Albion,Brighton,79
2024-25,Brighton and Hove Albion,Brighton,79
2024-25,Brighton and Hove Albion,Brighton,80
2024-25,Brighton and Hove Albion,Brighton,80
2024-25,Brighton and Hove Albion,Brighton,80
2024-25,Brighton and Hove Albion,Brighton,81
2024-25,Brighton and Hove Albion,Brighton,82
2024-25,Brighton and Hove Albion,Brighton,83
2024-25,Brighton and Hove Albion,Brighton,83
2024-25,Brighton and Hove Albion,Brighton,84
2024-25,Brighton and Hove Albion,Brighton,85
2024-25,Brighton and Hove Albion,Brighton,89
2024-25,Brighton and Hove Albion,Brighton,89
2024-25,Brighton and Hove Albion,Brighton,89
2024-25,Brighton and Hove Albion,Brighton,90
2024-25,Brighton and Hove Albion,Brighton,90
2024-25,Brighton and Hove Albion,Brighton,91
2024-25,Brighton and Hove Albion,Brighton,92
2024-25,Brighton and Hove Albion,Brighton,93
2024-25,Brighton and Hove Albion,Brighton,93
2024-25,Brighton and Hove Albion,Brighton,94
2024-25,Brighton and Hove Albion,Brighton,94
2024-25,Brighton and Hove Albion,Brighton,94
2024-25,Brighton and Hove Albion,Brighton,96
2024-25,Brighton and Hove Albion,Brighton,96
2024-25,Brighton and Hove Albion,Brighton,96
2024-25,Brighton and Hove Albion,Brighton,97
2024-25,Brighton and Hove Albion,Brighton,97
2024-25,Brighton and Hove Albion,Brighton,98
2024-25,Brighton and Hove Albion,Brighton,98
2024-25,Brighton and Hove Albion,Brighton,100
2024-25,Brighton and Hove Albion,Brighton,100
2024-25,Brighton and Hove Albion,Brighton,101
2024-25,Chelsea,Chelsea,6
2024-25,Chelsea,Chelsea,8
2024-25,Chelsea,Chelsea,11
2024-25,Chelsea,Chelsea,21
2024-25,Chelsea,Chelsea,21
2024-25,Chelsea,Chelsea,21
2024-25,Chelsea,Chelsea,25
2024-25,Chelsea,Chelsea,26
2024-25,Chelsea,Chelsea,28
2024-25,Chelsea,Chelsea,29
2024-25,Chelsea,Chelsea,29
2024-25,Chelsea,Chelsea,30
2024-25,Chelsea,Chelsea,31
2024-25,Chelsea,Chelsea,32
2024-25,Chelsea,Chelsea,32
2024-25,Chelsea,Chelsea,32
2024-25,Chelsea,Chelsea,33
2024-25,Chelsea,Chelsea,36
2024-25,Chelsea,Chelsea,36
2024-25,Chelsea,Chelsea,37
2024-25,Chelsea,Chelsea,39
2024-25,Chelsea,Chelsea,40
2024-25,Chelsea,Chelsea,40
2024-25,Chelsea,Chelsea,42
2024-25,Chelsea,Chelsea,44
2024-25,Chelsea,Chelsea,45
2024-25,Chelsea,Chelsea,45
2024-25,Chelsea,Chelsea,46
2024-25,Chelsea,Chelsea,46
2024-25,Chelsea,Chelsea,50
2024-25,Chelsea,Chelsea,51
2024-25,Chelsea,Chelsea,51
2024-25,Chelsea,Chelsea,52
2024-25,Chelsea,Chelsea,52
2024-25,Chelsea,Chelsea,54
2024-25,Chelsea,Chelsea,54
2024-25,Chelsea,Chelsea,56
2024-25,Chelsea,Chelsea,56
2024-25,Chelsea,Chelsea,57
2024-25,Chelsea,Chelsea,57
2024-25,Chelsea,Chelsea,57
2024-25,Chelsea,Chelsea,58
2024-25,Chelsea,Chelsea,59
2024-25,Chelsea,Chelsea,59
2024-25,Chelsea,Chelsea,63
2024-25,Chelsea,Chelsea,64
2024-25,Chelsea,Chelsea,65
2024-25,Chelsea,Chelsea,65
2024-25,Chelsea,Chelsea,66
2024-25,Chelsea,Chelsea,66
2024-25,Chelsea,Chelsea,66
2024-25,Chelsea,Chelsea,67
2024-25,Chelsea,Chelsea,67
2024-25,Chelsea,Chelsea,67
2024-25,Chelsea,Chelsea,67
2024-25,Chelsea,Chelsea,68
2024-25,Chelsea,Chelsea,70
2024-25,Chelsea,Chelsea,71
2024-25,Chelsea,Chelsea,71
2024-25,Chelsea,Chelsea,72
2024-25,Chelsea,Chelsea,73
2024-25,Chelsea,Chelsea,75
2024-25,Chelsea,Chelsea,78
2024-25,Chelsea,Chelsea,78
2024-25,Chelsea,Chelsea,79
2024-25,Chelsea,Chelsea,79
2024-25,Chelsea,Chelsea,80
2024-25,Chelsea,Chelsea,80
2024-25,Chelsea,Chelsea,80
2024-25,Chelsea,Chelsea,82
2024-25,Chelsea,Chelsea,84
2024-25,Chelsea,Chelsea,84
2024-25,Chelsea,Chelsea,85
2024-25,Chelsea,Chelsea,85
2024-25,Chelsea,Chelsea,85
2024-25,Chelsea,Chelsea,86
2024-25,Chelsea,Chelsea,86
2024-25,Chelsea,Chelsea,86
2024-25,Chelsea,Chelsea,87
2024-25,Chelsea,Chelsea,88
2024-25,Chelsea,Chelsea,88
2024-25,Chelsea,Chelsea,88
2024-25,Chelsea,Chelsea,88
2024-25,Chelsea,Chelsea,89
2024-25,Chelsea,Chelsea,89
2024-25,Chelsea,Chelsea,89
2024-25,Chelsea,Chelsea,89
2024-25,Chelsea,Chelsea,89
2024-25,Chelsea,Chelsea,91
2024-25,Chelsea,Chelsea,91
2024-25,Chelsea,Chelsea,93
2024-25,Chelsea,Chelsea,94
2024-25,Chelsea,Chelsea,94
2024-25,Chelsea,Chelsea,94
2024-25,Chelsea,Chelsea,94
2024-25,Chelsea,Chelsea,94
2024-25,Chelsea,Chelsea,94
2024-25,Chelsea,Chelsea,95
2024-25,Chelsea,Chelsea,95
2024-25,Chelsea,Chelsea,95
2024-25,Chelsea,Chelsea,96
2024-25,Chelsea,Chelsea,98
2024-25,Chelsea,Chelsea,98
2024-25,Chelsea,Chelsea,102
2024-25,Crystal Palace,Crystal Palace,6
2024-25,Crystal Palace,Crystal Palace,7
2024-25,Crystal Palace,Crystal Palace,13
2024-25,Crystal Palace,Crystal Palace,15
2024-25,Crystal Palace,Crystal Palace,22
2024-25,Crystal Palace,Crystal Palace,23
2024-25,Crystal Palace,Crystal Palace,24
2024-25,Crystal Palace,Crystal Palace,29
2024-25,Crystal Palace,Crystal Palace,31
2024-25,Crystal Palace,Crystal Palace,32
2024-25,Crystal Palace,Crystal Palace,35
2024-25,Crystal Palace,Crystal Palace,41
2024-25,Crystal Palace,Crystal Palace,42
2024-25,Crystal Palace,Crystal Palace,44
2024-25,Crystal Palace,Crystal Palace,46
2024-25,Crystal Palace,Crystal Palace,47
2024-25,Crystal Palace,Crystal Palace,47
2024-25,Crystal Palace,Crystal Palace,47
2024-25,Crystal Palace,Crystal Palace,47
2024-25,Crystal Palace,Crystal Palace,49
2024-25,Crystal Palace,Crystal Palace,51
2024-25,Crystal Palace,Crystal Palace,51
2024-25,Crystal Palace,Crystal Palace,53
2024-25,Crystal Palace,Crystal Palace,53
2024-25,Crystal Palace,Crystal Palace,54
2024-25,Crystal Palace,Crystal Palace,55
2024-25,Crystal Palace,Crystal Palace,55
2024-25,Crystal Palace,Crystal Palace,57
2024-25,Crystal Palace,Crystal Palace,58
2024-25,Crystal Palace,Crystal Palace,58
2024-25,Crystal Palace,Crystal Palace,59
2024-25,Crystal Palace,Crystal Palace,60
2024-25,Crystal Palace,Crystal Palace,60
2024-25,Crystal Palace,Crystal Palace,61
2024-25,Crystal Palace,Crystal Palace,63
2024-25,Crystal Palace,Crystal Palace,63
2024-25,Crystal Palace,Crystal Palace,64
2024-25,Crystal Palace,Crystal Palace,65
2024-25,Crystal Palace,Crystal Palace,66
2024-25,Crystal Palace,Crystal Palace,69
2024-25,Crystal Palace,Crystal Palace,69
2024-25,Crystal Palace,Crystal Palace,69
2024-25,Crystal Palace,Crystal Palace,69
2024-25,Crystal Palace,Crystal Palace,71
2024-25,Crystal Palace,Crystal Palace,71
2024-25,Crystal Palace,Crystal Palace,72
2024-25,Crystal Palace,Crystal Palace,73
2024-25,Crystal Palace,Crystal Palace,74
2024-25,Crystal Palace,Crystal Palace,76
2024-25,Crystal Palace,Crystal Palace,77
2024-25,Crystal Palace,Crystal Palace,77
2024-25,Crystal Palace,Crystal Palace,77
2024-25,Crystal Palace,Crystal Palace,78
2024-25,Crystal Palace,Crystal Palace,79
2024-25,Crystal Palace,Crystal Palace,79
2024-25,Crystal Palace,Crystal Palace,79
2024-25,Crystal Palace,Crystal Palace,79
2024-25,Crystal Palace,Crystal Palace,83
2024-25,Crystal Palace,Crystal Palace,83
2024-25,Crystal Palace,Crystal Palace,86
2024-25,Crystal Palace,Crystal Palace,87
2024-25,Crystal Palace,Crystal Palace,87
2024-25,Crystal Palace,Crystal Palace,88
2024-25,Crystal Palace,Crystal Palace,88
2024-25,Crystal Palace,Crystal Palace,89
2024-25,Crystal Palace,Crystal Palace,89
2024-25,Crystal Palace,Crystal Palace,89
2024-25,Crystal Palace,Crystal Palace,90
2024-25,Crystal Palace,Crystal Palace,91
2024-25,Crystal Palace,Crystal Palace,91
2024-25,Crystal Palace,Crystal Palace,93
2024-25,Crystal Palace,Crystal Palace,93
2024-25,Crystal Palace,Crystal Palace,94
2024-25,Crystal Palace,Crystal Palace,94
2024-25,Crystal Palace,Crystal Palace,95
2024-25,Crystal Palace,Crystal Palace,95
2024-25,Crystal Palace,Crystal Palace,96
2024-25,Crystal Palace,Crystal Palace,103
2024-25,Everton,Everton,2
2024-25,Everton,Everton,8
2024-25,Everton,Everton,11
2024-25,Everton,Everton,14
2024-25,Everton,Everton,16
2024-25,Everton,Everton,18
2024-25,Everton,Everton,19
2024-25,Everton,Everton,24
2024-25,Everton,Everton,24
2024-25,Everton,Everton,24
2024-25,Everton,Everton,28
2024-25,Everton,Everton,28
2024-25,Everton,Everton,29
2024-25,Everton,Everton,35
2024-25,Everton,Everton,35
2024-25,Everton,Everton,37
2024-25,Everton,Everton,39
2024-25,Everton,Everton,39
2024-25,Everton,Everton,40
2024-25,Everton,Everton,42
2024-25,Everton,Everton,43
2024-25,Everton,Everton,43
2024-25,Everton,Everton,44
2024-25,Everton,Everton,46
2024-25,Everton,Everton,46
2024-25,Everton,Everton,46
2024-25,Everton,Everton,47
2024-25,Everton,Everton,48
2024-25,Everton,Everton,48
2024-25,Everton,Everton,52
2024-25,Everton,Everton,52
2024-25,Everton,Everton,54
2024-25,Everton,Everton,54
2024-25,Everton,Everton,55
2024-25,Everton,Everton,56
2024-25,Everton,Everton,57
2024-25,Everton,Everton,57
2024-25,Everton,Everton,62
2024-25,Everton,Everton,63
2024-25,Everton,Everton,63
2024-25,Everton,Everton,65
2024-25,Everton,Everton,65
2024-25,Everton,Everton,67
2024-25,Everton,Everton,67
2024-25,Everton,Everton,68
2024-25,Everton,Everton,71
2024-25,Everton,Everton,72
2024-25,Everton,Everton,76
2024-25,Everton,Everton,76
2024-25,Everton,Everton,76
2024-25,Everton,Everton,77
2024-25,Everton,Everton,77
2024-25,Everton,Everton,77
2024-25,Everton,Everton,79
2024-25,Everton,Everton,79
2024-25,Everton,Everton,79
2024-25,Everton,Everton,79
2024-25,Everton,Everton,80
2024-25,Everton,Everton,80
2024-25,Everton,Everton,80
2024-25,Everton,Everton,81
2024-25,Everton,Everton,81
2024-25,Everton,Everton,81
2024-25,Everton,Everton,82
2024-25,Everton,Everton,83
2024-25,Everton,Everton,84
2024-25,Everton,Everton,85
2024-25,Everton,Everton,85
2024-25,Everton,Everton,85
2024-25,Everton,Everton,86
2024-25,Everton,Everton,87
2024-25,Everton,Everton,87
2024-25,Everton,Everton,87
2024-25,Everton,Everton,88
2024-25,Everton,Everton,88
2024-25,Everton,Everton,88
2024-25,Everton,Everton,88
2024-25,Everton,Everton,91
2024-25,Everton,Everton,91
2024-25,Everton,Everton,92
2024-25,Everton,Everton,93
2024-25,Everton,Everton,99
2024-25,Everton,Everton,100
2024-25,Fulham,Fulham,1
2024-25,Fulham,Fulham,9
2024-25,Fulham,Fulham,14
2024-25,Fulham,Fulham,16
2024-25,Fulham,Fulham,17
2024-25,Fulham,Fulham,20
2024-25,Fulham,Fulham,21
2024-25,Fulham,Fulham,22
2024-25,Fulham,Fulham,24
2024-25,Fulham,Fulham,25
2024-25,Fulham,Fulham,27
2024-25,Fulham,Fulham,28
2024-25,Fulham,Fulham,31
2024-25,Fulham,Fulham,32
2024-25,Fulham,Fulham,34
2024-25,Fulham,Fulham,36
2024-25,Fulham,Fulham,38
2024-25,Fulham,Fulham,44
2024-25,Fulham,Fulham,44
2024-25,Fulham,Fulham,46
2024-25,Fulham,Fulham,47
2024-25,Fulham,Fulham,49
2024-25,Fulham,Fulham,50
2024-25,Fulham,Fulham,51
2024-25,Fulham,Fulham,52
2024-25,Fulham,Fulham,53
2024-25,Fulham,Fulham,53
2024-25,Fulham,Fulham,53
2024-25,Fulham,Fulham,54
2024-25,Fulham,Fulham,54
2024-25,Fulham,Fulham,56
2024-25,Fulham,Fulham,57
2024-25,Fulham,Fulham,57
2024-25,Fulham,Fulham,57
2024-25,Fulham,Fulham,57
2024-25,Fulham,Fulham,58
2024-25,Fulham,Fulham,59
2024-25,Fulham,Fulham,59
2024-25,Fulham,Fulham,61
2024-25,Fulham,Fulham,63
2024-25,Fulham,Fulham,64
2024-25,Fulham,Fulham,65
2024-25,Fulham,Fulham,65
2024-25,Fulham,Fulham,66
2024-25,Fulham,Fulham,66
2024-25,Fulham,Fulham,67
2024-25,Fulham,Fulham,68
2024-25,Fulham,Fulham,68
2024-25,Fulham,Fulham,70
2024-25,Fulham,Fulham,70
2024-25,Fulham,Fulham,72
2024-25,Fulham,Fulham,72
2024-25,Fulham,Fulham,72
2024-25,Fulham,Fulham,73
2024-25,Fulham,Fulham,78
2024-25,Fulham,Fulham,79
2024-25,Fulham,Fulham,79
2024-25,Fulham,Fulham,81
2024-25,Fulham,Fulham,83
2024-25,Fulham,Fulham,83
2024-25,Fulham,Fulham,84
2024-25,Fulham,Fulham,85
2024-25,Fulham,Fulham,85
2024-25,Fulham,Fulham,86
2024-25,Fulham,Fulham,86
2024-25,Fulham,Fulham,86
2024-25,Fulham,Fulham,90
2024-25,Fulham,Fulham,91
2024-25,Fulham,Fulham,92
2024-25,Fulham,Fulham,92
2024-25,Fulham,Fulham,92
2024-25,Fulham,Fulham,92
2024-25,Fulham,Fulham,93
2024-25,Fulham,Fulham,93
2024-25,Fulham,Fulham,94
2024-25,Fulham,Fulham,95
2024-25,Fulham,Fulham,97
2024-25,Fulham,Fulham,97
2024-25,Fulham,Fulham,97
2024-25,Fulham,Fulham,97
2024-25,Fulham,Fulham,97
2024-25,Fulham,Fulham,98
2024-25,Fulham,Fulham,98
2024-25,Fulham,Fulham,99
2024-25,Ipswich Town,Ipswich,5
2024-25,Ipswich Town,Ipswich,6
2024-25,Ipswich Town,Ipswich,7
2024-25,Ipswich Town,Ipswich,12
2024-25,Ipswich Town,Ipswich,13
2024-25,Ipswich Town,Ipswich,16
2024-25,Ipswich Town,Ipswich,16
2024-25,Ipswich Town,Ipswich,17
2024-25,Ipswich Town,Ipswich,21
2024-25,Ipswich Town,Ipswich,22
2024-25,Ipswich Town,Ipswich,24
2024-25,Ipswich Town,Ipswich,27
2024-25,Ipswich Town,Ipswich,28
2024-25,Ipswich Town,Ipswich,28
2024-25,Ipswich Town,Ipswich,30
2024-25,Ipswich Town,Ipswich,30
2024-25,Ipswich Town,Ipswich,31
2024-25,Ipswich Town,Ipswich,32
2024-25,Ipswich Town,Ipswich,32
2024-25,Ipswich Town,Ipswich,33
2024-25,Ipswich Town,Ipswich,35
2024-25,Ipswich Town,Ipswich,36
2024-25,Ipswich Town,Ipswich,37
2024-25,Ipswich Town,Ipswich,38
2024-25,Ipswich Town,Ipswich,38
2024-25,Ipswich Town,Ipswich,39
2024-25,Ipswich Town,Ipswich,40
2024-25,Ipswich Town,Ipswich,42
2024-25,Ipswich Town,Ipswich,44
2024-25,Ipswich Town,Ipswich,45
2024-25,Ipswich Town,Ipswich,46
2024-25,Ipswich Town,Ipswich,47
2024-25,Ipswich Town,Ipswich,48
2024-25,Ipswich Town,Ipswich,49
2024-25,Ipswich Town,Ipswich,49
2024-25,Ipswich Town,Ipswich,49
2024-25,Ipswich Town,Ipswich,51
2024-25,Ipswich Town,Ipswich,51
2024-25,Ipswich Town,Ipswich,53
2024-25,Ipswich Town,Ipswich,54
2024-25,Ipswich Town,Ipswich,54
2024-25,Ipswich Town,Ipswich,54
2024-25,Ipswich Town,Ipswich,55
2024-25,Ipswich Town,Ipswich,57
2024-25,Ipswich Town,Ipswich,61
2024-25,Ipswich Town,Ipswich,62
2024-25,Ipswich Town,Ipswich,62
2024-25,Ipswich Town,Ipswich,63
2024-25,Ipswich Town,Ipswich,63
2024-25,Ipswich Town,Ipswich,64
2024-25,Ipswich Town,Ipswich,65
2024-25,Ipswich Town,Ipswich,65
2024-25,Ipswich Town,Ipswich,65
2024-25,Ipswich Town,Ipswich,65
2024-25,Ipswich Town,Ipswich,66
2024-25,Ipswich Town,Ipswich,68
2024-25,Ipswich Town,Ipswich,68
2024-25,Ipswich Town,Ipswich,73
2024-25,Ipswich Town,Ipswich,74
2024-25,Ipswich Town,Ipswich,75
2024-25,Ipswich Town,Ipswich,76
2024-25,Ipswich Town,Ipswich,78
2024-25,Ipswich Town,Ipswich,78
2024-25,Ipswich Town,Ipswich,81
2024-25,Ipswich Town,Ipswich,81
2024-25,Ipswich Town,Ipswich,81
2024-25,Ipswich Town,Ipswich,81
2024-25,Ipswich Town,Ipswich,83
2024-25,Ipswich Town,Ipswich,83
2024-25,Ipswich Town,Ipswich,83
2024-25,Ipswich Town,Ipswich,84
2024-25,Ipswich Town,Ipswich,84
2024-25,Ipswich Town,Ipswich,85
2024-25,Ipswich Town,Ipswich,87
2024-25,Ipswich Town,Ipswich,88
2024-25,Ipswich Town,Ipswich,89
2024-25,Ipswich Town,Ipswich,90
2024-25,Ipswich Town,Ipswich,93
2024-25,Ipswich Town,Ipswich,93
2024-25,Ipswich Town,Ipswich,93
2024-25,Ipswich Town,Ipswich,94
2024-25,Ipswich Town,Ipswich,94
2024-25,Ipswich Town,Ipswich,94
2024-25,Ipswich Town,Ipswich,95
2024-25,Ipswich Town,Ipswich,95
2024-25,Ipswich Town,Ipswich,96
2024-25,Ipswich Town,Ipswich,97
2024-25,Ipswich Town,Ipswich,97
2024-25,Ipswich Town,Ipswich,98
2024-25,Leicester City,Leicester,8
2024-25,Leicester City,Leicester,14
2024-25,Leicester City,Leicester,16
2024-25,Leicester City,Leicester,20
2024-25,Leicester City,Leicester,20
2024-25,Leicester City,Leicester,21
2024-25,Leicester City,Leicester,22
2024-25,Leicester City,Leicester,22
2024-25,Leicester City,Leicester,22
2024-25,Leicester City,Leicester,22
2024-25,Leicester City,Leicester,26
2024-25,Leicester City,Leicester,26
2024-25,Leicester City,Leicester,28
2024-25,Leicester City,Leicester,29
2024-25,Leicester City,Leicester,29
2024-25,Leicester City,Leicester,31
2024-25,Leicester City,Leicester,31
2024-25,Leicester City,Leicester,31
2024-25,Leicester City,Leicester,33
2024-25,Leicester City,Leicester,34
2024-25,Leicester City,Leicester,35
2024-25,Leicester City,Leicester,37
2024-25,Leicester City,Leicester,38
2024-25,Leicester City,Leicester,39
2024-25,Leicester City,Leicester,40
2024-25,Leicester City,Leicester,42
2024-25,Leicester City,Leicester,43
2024-25,Leicester City,Leicester,45
2024-25,Leicester City,Leicester,45
2024-25,Leicester City,Leicester,46
2024-25,Leicester City,Leicester,46
2024-25,Leicester City,Leicester,46
2024-25,Leicester City,Leicester,47
2024-25,Leicester City,Leicester,48
2024-25,Leicester City,Leicester,50
2024-25,Leicester City,Leicester,50
2024-25,Leicester City,Leicester,52
2024-25,Leicester City,Leicester,52
2024-25,Leicester City,Leicester,56
2024-25,Leicester City,Leicester,57
2024-25,Leicester City,Leicester,58
2024-25,Leicester City,Leicester,58
2024-25,Leicester City,Leicester,58
2024-25,Leicester City,Leicester,59
2024-25,Leicester City,Leicester,59
2024-25,Leicester City,Leicester,61
2024-25,Leicester City,Leicester,61
2024-25,Leicester City,Leicester,62
2024-25,Leicester City,Leicester,63
2024-25,Leicester City,Leicester,63
2024-25,Leicester City,Leicester,64
2024-25,Leicester City,Leicester,65
2024-25,Leicester City,Leicester,65
2024-25,Leicester City,Leicester,67
2024-25,Leicester City,Leicester,68
2024-25,Leicester City,Leicester,68
2024-25,Leicester City,Leicester,68
2024-25,Leicester City,Leicester,70
2024-25,Leicester City,Leicester,70
2024-25,Leicester City,Leicester,70
2024-25,Leicester City,Leicester,71
2024-25,Leicester City,Leicester,71
2024-25,Leicester City,Leicester,73
2024-25,Leicester City,Leicester,75
2024-25,Leicester City,Leicester,77
2024-25,Leicester City,Leicester,77
2024-25,Leicester City,Leicester,77
2024-25,Leicester City,Leicester,78
2024-25,Leicester City,Leicester,79
2024-25,Leicester City,Leicester,79
2024-25,Leicester City,Leicester,79
2024-25,Leicester City,Leicester,81
2024-25,Leicester City,Leicester,82
2024-25,Leicester City,Leicester,82
2024-25,Leicester City,Leicester,83
2024-25,Leicester City,Leicester,87
2024-25,Leicester City,Leicester,88
2024-25,Leicester City,Leicester,88
2024-25,Leicester City,Leicester,89
2024-25,Leicester City,Leicester,91
2024-25,Leicester City,Leicester,92
2024-25,Leicester City,Leicester,92
2024-25,Leicester City,Leicester,93
2024-25,Leicester City,Leicester,93
2024-25,Leicester City,Leicester,94
2024-25,Leicester City,Leicester,94
2024-25,Leicester City,Leicester,95
2024-25,Leicester City,Leicester,95
2024-25,Leicester City,Leicester,96
2024-25,Leicester City,Leicester,99
2024-25,Liverpool,Liverpool,6
2024-25,Liverpool,Liverpool,7
2024-25,Liverpool,Liverpool,8
2024-25,Liverpool,Liverpool,13
2024-25,Liverpool,Liverpool,16
2024-25,Liverpool,Liverpool,20
2024-25,Liverpool,Liverpool,26
2024-25,Liverpool,Liverpool,27
2024-25,Liverpool,Liverpool,30
2024-25,Liverpool,Liverpool,31
2024-25,Liverpool,Liverpool,31
2024-25,Liverpool,Liverpool,31
2024-25,Liverpool,Liverpool,31
2024-25,Liverpool,Liverpool,33
2024-25,Liverpool,Liverpool,34
2024-25,Liverpool,Liverpool,36
2024-25,Liverpool,Liverpool,36
2024-25,Liverpool,Liverpool,37
2024-25,Liverpool,Liverpool,38
2024-25,Liverpool,Liverpool,42
2024-25,Liverpool,Liverpool,43
2024-25,Liverpool,Liverpool,43
2024-25,Liverpool,Liverpool,45
2024-25,Liverpool,Liverpool,45
2024-25,Liverpool,Liverpool,47
2024-25,Liverpool,Liverpool,48
2024-25,Liverpool,Liverpool,49
2024-25,Liverpool,Liverpool,49
2024-25,Liverpool,Liverpool,51
2024-25,Liverpool,Liverpool,52
2024-25,Liverpool,Liverpool,53
2024-25,Liverpool,Liverpool,54
2024-25,Liverpool,Liverpool,55
2024-25,Liverpool,Liverpool,57
2024-25,Liverpool,Liverpool,57
2024-25,Liverpool,Liverpool,58
2024-25,Liverpool,Liverpool,58
2024-25,Liverpool,Liverpool,60
2024-25,Liverpool,Liverpool,60
2024-25,Liverpool,Liverpool,61
2024-25,Liverpool,Liverpool,62
2024-25,Liverpool,Liverpool,63
2024-25,Liverpool,Liverpool,63
2024-25,Liverpool,Liverpool,64
2024-25,Liverpool,Liverpool,65
2024-25,Liverpool,Liverpool,66
2024-25,Liverpool,Liverpool,69
2024-25,Liverpool,Liverpool,69
2024-25,Liverpool,Liverpool,70
2024-25,Liverpool,Liverpool,71
2024-25,Liverpool,Liverpool,71
2024-25,Liverpool,Liverpool,72
2024-25,Liverpool,Liverpool,76
2024-25,Liverpool,Liverpool,77
2024-25,Liverpool,Liverpool,80
2024-25,Liverpool,Liverpool,80
2024-25,Liverpool,Liverpool,83
2024-25,Liverpool,Liverpool,83
2024-25,Liverpool,Liverpool,84
2024-25,Liverpool,Liverpool,86
2024-25,Liverpool,Liverpool,88
2024-25,Liverpool,Liverpool,88
2024-25,Liverpool,Liverpool,92
2024-25,Liverpool,Liverpool,92
2024-25,Liverpool,Liverpool,94
2024-25,Liverpool,Liverpool,94
2024-25,Liverpool,Liverpool,94
2024-25,Liverpool,Liverpool,95
2024-25,Liverpool,Liverpool,95
2024-25,Manchester City,Man City,1
2024-25,Manchester City,Man City,4
2024-25,Manchester City,Man City,15
2024-25,Manchester City,Man City,18
2024-25,Manchester City,Man City,22
2024-25,Manchester City,Man City,24
2024-25,Manchester City,Man City,28
2024-25,Manchester City,Man City,32
2024-25,Manchester City,Man City,32
2024-25,Manchester City,Man City,37
2024-25,Manchester City,Man City,39
2024-25,Manchester City,Man City,40
2024-25,Manchester City,Man City,40
2024-25,Manchester City,Man City,42
2024-25,Manchester City,Man City,44
2024-25,Manchester City,Man City,46
2024-25,Manchester City,Man City,46
2024-25,Manchester City,Man City,46
2024-25,Manchester City,Man City,47
2024-25,Manchester City,Man City,47
2024-25,Manchester City,Man City,52
2024-25,Manchester City,Man City,55
2024-25,Manchester City,Man City,56
2024-25,Manchester City,Man City,56
2024-25,Manchester City,Man City,59
2024-25,Manchester City,Man City,60
2024-25,Manchester City,Man City,61
2024-25,Manchester City,Man City,62
2024-25,Manchester City,Man City,64
2024-25,Manchester City,Man City,66
2024-25,Manchester City,Man City,68
2024-25,Manchester City,Man City,68
2024-25,Manchester City,Man City,69
2024-25,Manchester City,Man City,70
2024-25,Manchester City,Man City,70
2024-25,Manchester City,Man City,71
2024-25,Manchester City,Man City,77
2024-25,Manchester City,Man City,77
2024-25,Manchester City,Man City,78
2024-25,Manchester City,Man City,78
2024-25,Manchester City,Man City,79
2024-25,Manchester City,Man City,79
2024-25,Manchester City,Man City,79
2024-25,Manchester City,Man City,80
2024-25,Manchester City,Man City,80
2024-25,Manchester City,Man City,83
2024-25,Manchester City,Man City,84
2024-25,Manchester City,Man City,86
2024-25,Manchester City,Man City,87
2024-25,Manchester City,Man City,88
2024-25,Manchester City,Man City,90
2024-25,Manchester City,Man City,91
2024-25,Manchester City,Man City,91
2024-25,Manchester City,Man City,92
2024-25,Manchester City,Man City,93
2024-25,Manchester City,Man City,94
2024-25,Manchester City,Man City,94
2024-25,Manchester City,Man City,95
2024-25,Manchester City,Man City,95
2024-25,Manchester City,Man City,98
2024-25,Manchester City,Man City,100
2024-25,Manchester United,Man Utd,3
2024-25,Manchester United,Man Utd,4
2024-25,Manchester United,Man Utd,16
2024-25,Manchester United,Man Utd,18
2024-25,Manchester United,Man Utd,18
2024-25,Manchester United,Man Utd,23
2024-25,Manchester United,Man Utd,23
2024-25,Manchester United,Man Utd,26
2024-25,Manchester United,Man Utd,31
2024-25,Manchester United,Man Utd,34
2024-25,Manchester United,Man Utd,36
2024-25,Manchester United,Man Utd,36
2024-25,Manchester United,Man Utd,37
2024-25,Manchester United,Man Utd,39
2024-25,Manchester United,Man Utd,40
2024-25,Manchester United,Man Utd,40
2024-25,Manchester United,Man Utd,40
2024-25,Manchester United,Man Utd,41
2024-25,Manchester United,Man Utd,41
2024-25,Manchester United,Man Utd,42
2024-25,Manchester United,Man Utd,43
2024-25,Manchester United,Man Utd,43
2024-25,Manchester United,Man Utd,44
2024-25,Manchester United,Man Utd,45
2024-25,Manchester United,Man Utd,46
2024-25,Manchester United,Man Utd,46
2024-25,Manchester United,Man Utd,46
2024-25,Manchester United,Man Utd,47
2024-25,Manchester United,Man Utd,49
2024-25,Manchester United,Man Utd,49
2024-25,Manchester United,Man Utd,49
2024-25,Manchester United,Man Utd,49
2024-25,Manchester United,Man Utd,50
2024-25,Manchester United,Man Utd,51
2024-25,Manchester United,Man Utd,51
2024-25,Manchester United,Man Utd,51
2024-25,Manchester United,Man Utd,51
2024-25,Manchester United,Man Utd,52
2024-25,Manchester United,Man Utd,52
2024-25,Manchester United,Man Utd,53
2024-25,Manchester United,Man Utd,54
2024-25,Manchester United,Man Utd,54
2024-25,Manchester United,Man Utd,55
2024-25,Manchester United,Man Utd,56
2024-25,Manchester United,Man Utd,57
2024-25,Manchester United,Man Utd,57
2024-25,Manchester United,Man Utd,59
2024-25,Manchester United,Man Utd,59
2024-25,Manchester United,Man Utd,61
2024-25,Manchester United,Man Utd,61
2024-25,Manchester United,Man Utd,62
2024-25,Manchester United,Man Utd,63
2024-25,Manchester United,Man Utd,64
2024-25,Manchester United,Man Utd,64
2024-25,Manchester United,Man Utd,65
2024-25,Manchester United,Man Utd,65
2024-25,Manchester United,Man Utd,66
2024-25,Manchester United,Man Utd,66
2024-25,Manchester United,Man Utd,67
2024-25,Manchester United,Man Utd,67
2024-25,Manchester United,Man Utd,68
2024-25,Manchester United,Man Utd,69
2024-25,Manchester United,Man Utd,73
2024-25,Manchester United,Man Utd,73
2024-25,Manchester United,Man Utd,75
2024-25,Manchester United,Man Utd,75
2024-25,Manchester United,Man Utd,75
2024-25,Manchester United,Man Utd,76
2024-25,Manchester United,Man Utd,76
2024-25,Manchester United,Man Utd,78
2024-25,Manchester United,Man Utd,78
2024-25,Manchester United,Man Utd,79
2024-25,Manchester United,Man Utd,84
2024-25,Manchester United,Man Utd,85
2024-25,Manchester United,Man Utd,85
2024-25,Manchester United,Man Utd,87
2024-25,Manchester United,Man Utd,90
2024-25,Manchester United,Man Utd,90
2024-25,Manchester United,Man Utd,90
2024-25,Manchester United,Man Utd,90
2024-25,Manchester United,Man Utd,93
2024-25,Manchester United,Man Utd,93
2024-25,Manchester United,Man Utd,94
2024-25,Manchester United,Man Utd,95
2024-25,Manchester United,Man Utd,95
2024-25,Manchester United,Man Utd,98
2024-25,Newcastle United,Newcastle,7
2024-25,Newcastle United,Newcastle,9
2024-25,Newcastle United,Newcastle,10
2024-25,Newcastle United,Newcastle,13
2024-25,Newcastle United,Newcastle,17
2024-25,Newcastle United,Newcastle,22
2024-25,Newcastle United,Newcastle,23
2024-25,Newcastle United,Newcastle,26
2024-25,Newcastle United,Newcastle,28
2024-25,Newcastle United,Newcastle,32
2024-25,Newcastle United,Newcastle,35
2024-25,Newcastle United,Newcastle,35
2024-25,Newcastle United,Newcastle,37
2024-25,Newcastle United,Newcastle,38
2024-25,Newcastle United,Newcastle,38
2024-25,Newcastle United,Newcastle,39
2024-25,Newcastle United,Newcastle,39
2024-25,Newcastle United,Newcastle,41
2024-25,Newcastle United,Newcastle,41
2024-25,Newcastle United,Newcastle,44
2024-25,Newcastle United,Newcastle,45
2024-25,Newcastle United,Newcastle,47
2024-25,Newcastle United,Newcastle,48
2024-25,Newcastle United,Newcastle,50
2024-25,Newcastle United,Newcastle,50
2024-25,Newcastle United,Newcastle,52
2024-25,Newcastle United,Newcastle,53
2024-25,Newcastle United,Newcastle,54
2024-25,Newcastle United,Newcastle,55
2024-25,Newcastle United,Newcastle,58
2024-25,Newcastle United,Newcastle,58
2024-25,Newcastle United,Newcastle,60
2024-25,Newcastle United,Newcastle,61
2024-25,Newcastle United,Newcastle,62
2024-25,Newcastle United,Newcastle,62
2024-25,Newcastle United,Newcastle,63
2024-25,Newcastle United,Newcastle,63
2024-25,Newcastle United,Newcastle,64
2024-25,Newcastle United,Newcastle,64
2024-25,Newcastle United,Newcastle,64
2024-25,Newcastle United,Newcastle,64
2024-25,Newcastle United,Newcastle,67
2024-25,Newcastle United,Newcastle,70
2024-25,Newcastle United,Newcastle,71
2024-25,Newcastle United,Newcastle,71
2024-25,Newcastle United,Newcastle,72
2024-25,Newcastle United,Newcastle,73
2024-25,Newcastle United,Newcastle,74
2024-25,Newcastle United,Newcastle,78
2024-25,Newcastle United,Newcastle,80
2024-25,Newcastle United,Newcastle,80
2024-25,Newcastle United,Newcastle,81
2024-25,Newcastle United,Newcastle,82
2024-25,Newcastle United,Newcastle,84
2024-25,Newcastle United,Newcastle,84
2024-25,Newcastle United,Newcastle,84
2024-25,Newcastle United,Newcastle,86
2024-25,Newcastle United,Newcastle,89
2024-25,Newcastle United,Newcastle,89
2024-25,Newcastle United,Newcastle,89
2024-25,Newcastle United,Newcastle,90
2024-25,Newcastle United,Newcastle,93
2024-25,Newcastle United,Newcastle,93
2024-25,Newcastle United,Newcastle,94
2024-25,Newcastle United,Newcastle,96
2024-25,Newcastle United,Newcastle,96
2024-25,Newcastle United,Newcastle,96
2024-25,Newcastle United,Newcastle,98
2024-25,Nottingham Forest,Nott'm Forest,4
2024-25,Nottingham Forest,Nott'm Forest,7
2024-25,Nottingham Forest,Nott'm Forest,7
2024-25,Nottingham Forest,Nott'm Forest,10
2024-25,Nottingham Forest,Nott'm Forest,10
2024-25,Nottingham Forest,Nott'm Forest,16
2024-25,Nottingham Forest,Nott'm Forest,18
2024-25,Nottingham Forest,Nott'm Forest,20
2024-25,Nottingham Forest,Nott'm Forest,27
2024-25,Nottingham Forest,Nott'm Forest,27
2024-25,Nottingham Forest,Nott'm Forest,30
2024-25,Nottingham Forest,Nott'm Forest,31
2024-25,Nottingham Forest,Nott'm Forest,31
2024-25,Nottingham Forest,Nott'm Forest,32
2024-25,Nottingham Forest,Nott'm Forest,36
2024-25,Nottingham Forest,Nott'm Forest,40
2024-25,Nottingham Forest,Nott'm Forest,41
2024-25,Nottingham Forest,Nott'm Forest,42
2024-25,Nottingham Forest,Nott'm Forest,43
2024-25,Nottingham Forest,Nott'm Forest,44
2024-25,Nottingham Forest,Nott'm Forest,44
2024-25,Nottingham Forest,Nott'm Forest,45
2024-25,Nottingham Forest,Nott'm Forest,46
2024-25,Nottingham Forest,Nott'm Forest,46
2024-25,Nottingham Forest,Nott'm Forest,46
2024-25,Nottingham Forest,Nott'm Forest,47
2024-25,Nottingham Forest,Nott'm Forest,49
2024-25,Nottingham Forest,Nott'm Forest,49
2024-25,Nottingham Forest,Nott'm Forest,50
2024-25,Nottingham Forest,Nott'm Forest,50
2024-25,Nottingham Forest,Nott'm Forest,52
2024-25,Nottingham Forest,Nott'm Forest,52
2024-25,Nottingham Forest,Nott'm Forest,52
2024-25,Nottingham Forest,Nott'm Forest,53
2024-25,Nottingham Forest,Nott'm Forest,54
2024-25,Nottingham Forest,Nott'm Forest,54
2024-25,Nottingham Forest,Nott'm Forest,55
2024-25,Nottingham Forest,Nott'm Forest,59
2024-25,Nottingham Forest,Nott'm Forest,59
2024-25,Nottingham Forest,Nott'm Forest,59
2024-25,Nottingham Forest,Nott'm Forest,60
2024-25,Nottingham Forest,Nott'm Forest,60
2024-25,Nottingham Forest,Nott'm Forest,60
2024-25,Nottingham Forest,Nott'm Forest,61
2024-25,Nottingham Forest,Nott'm Forest,63
2024-25,Nottingham Forest,Nott'm Forest,64
2024-25,Nottingham Forest,Nott'm Forest,64
2024-25,Nottingham Forest,Nott'm Forest,64
2024-25,Nottingham Forest,Nott'm Forest,65
2024-25,Nottingham Forest,Nott'm Forest,65
2024-25,Nottingham Forest,Nott'm Forest,65
2024-25,Nottingham Forest,Nott'm Forest,65
2024-25,Nottingham Forest,Nott'm Forest,66
2024-25,Nottingham Forest,Nott'm Forest,67
2024-25,Nottingham Forest,Nott'm Forest,68
2024-25,Nottingham Forest,Nott'm Forest,69
2024-25,Nottingham Forest,Nott'm Forest,69
2024-25,Nottingham Forest,Nott'm Forest,70
2024-25,Nottingham Forest,Nott'm Forest,71
2024-25,Nottingham Forest,Nott'm Forest,73
2024-25,Nottingham Forest,Nott'm Forest,73
2024-25,Nottingham Forest,Nott'm Forest,74
2024-25,Nottingham Forest,Nott'm Forest,74
2024-25,Nottingham Forest,Nott'm Forest,74
2024-25,Nottingham Forest,Nott'm Forest,76
2024-25,Nottingham Forest,Nott'm Forest,76
2024-25,Nottingham Forest,Nott'm Forest,78
2024-25,Nottingham Forest,Nott'm Forest,78
2024-25,Nottingham Forest,Nott'm Forest,79
2024-25,Nottingham Forest,Nott'm Forest,79
2024-25,Nottingham Forest,Nott'm Forest,81
2024-25,Nottingham Forest,Nott'm Forest,82
2024-25,Nottingham Forest,Nott'm Forest,82
2024-25,Nottingham Forest,Nott'm Forest,84
2024-25,Nottingham Forest,Nott'm Forest,84
2024-25,Nottingham Forest,Nott'm Forest,88
2024-25,Nottingham Forest,Nott'm Forest,89
2024-25,Nottingham Forest,Nott'm Forest,89
2024-25,Nottingham Forest,Nott'm Forest,90
2024-25,Nottingham Forest,Nott'm Forest,92
2024-25,Nottingham Forest,Nott'm Forest,92
2024-25,Nottingham Forest,Nott'm Forest,92
2024-25,Nottingham Forest,Nott'm Forest,93
2024-25,Nottingham Forest,Nott'm Forest,94
2024-25,Nottingham Forest,Nott'm Forest,94
2024-25,Nottingham Forest,Nott'm Forest,95
2024-25,Nottingham Forest,Nott'm Forest,95
2024-25,Nottingham Forest,Nott'm Forest,100
2024-25,Nottingham Forest,Nott'm Forest,103
2024-25,Nottingham Forest,Nott'm Forest,105
2024-25,Nottingham Forest,Nott'm Forest,105
2024-25,Southampton,Southampton,2
2024-25,Southampton,Southampton,6
2024-25,Southampton,Southampton,10
2024-25,Southampton,Southampton,10
2024-25,Southampton,Southampton,11
2024-25,Southampton,Southampton,12
2024-25,Southampton,Southampton,20
2024-25,Southampton,Southampton,21
2024-25,Southampton,Southampton,22
2024-25,Southampton,Southampton,22
2024-25,Southampton,Southampton,23
2024-25,Southampton,Southampton,23
2024-25,Southampton,Southampton,25
2024-25,Southampton,Southampton,26
2024-25,Southampton,Southampton,27
2024-25,Southampton,Southampton,28
2024-25,Southampton,Southampton,29
2024-25,Southampton,Southampton,29
2024-25,Southampton,Southampton,31
2024-25,Southampton,Southampton,33
2024-25,Southampton,Southampton,33
2024-25,Southampton,Southampton,34
2024-25,Southampton,Southampton,34
2024-25,Southampton,Southampton,35
2024-25,Southampton,Southampton,36
2024-25,Southampton,Southampton,36
2024-25,Southampton,Southampton,38
2024-25,Southampton,Southampton,38
2024-25,Southampton,Southampton,40
2024-25,Southampton,Southampton,42
2024-25,Southampton,Southampton,43
2024-25,Southampton,Southampton,43
2024-25,Southampton,Southampton,44
2024-25,Southampton,Southampton,46
2024-25,Southampton,Southampton,47
2024-25,Southampton,Southampton,47
2024-25,Southampton,Southampton,48
2024-25,Southampton,Southampton,48
2024-25,Southampton,Southampton,48
2024-25,Southampton,Southampton,49
2024-25,Southampton,Southampton,51
2024-25,Southampton,Southampton,52
2024-25,Southampton,Southampton,52
2024-25,Southampton,Southampton,52
2024-25,Southampton,Southampton,55
2024-25,Southampton,Southampton,55
2024-25,Southampton,Southampton,55
2024-25,Southampton,Southampton,56
2024-25,Southampton,Southampton,56
2024-25,Southampton,Southampton,57
2024-25,Southampton,Southampton,57
2024-25,Southampton,Southampton,58
2024-25,Southampton,Southampton,63
2024-25,Southampton,Southampton,64
2024-25,Southampton,Southampton,64
2024-25,Southampton,Southampton,66
2024-25,Southampton,Southampton,68
2024-25,Southampton,Southampton,69
2024-25,Southampton,Southampton,69
2024-25,Southampton,Southampton,69
2024-25,Southampton,Southampton,71
2024-25,Southampton,Southampton,73
2024-25,Southampton,Southampton,73
2024-25,Southampton,Southampton,74
2024-25,Southampton,Southampton,75
2024-25,Southampton,Southampton,76
2024-25,Southampton,Southampton,78
2024-25,Southampton,Southampton,78
2024-25,Southampton,Southampton,79
2024-25,Southampton,Southampton,80
2024-25,Southampton,Southampton,80
2024-25,Southampton,Southampton,81
2024-25,Southampton,Southampton,82
2024-25,Southampton,Southampton,82
2024-25,Southampton,Southampton,84
2024-25,Southampton,Southampton,84
2024-25,Southampton,Southampton,85
2024-25,Southampton,Southampton,87
2024-25,Southampton,Southampton,88
2024-25,Southampton,Southampton,89
2024-25,Southampton,Southampton,91
2024-25,Southampton,Southampton,92
2024-25,Southampton,Southampton,93
2024-25,Southampton,Southampton,94
2024-25,Southampton,Southampton,94
2024-25,Southampton,Southampton,95
2024-25,Southampton,Southampton,96
2024-25,Southampton,Southampton,98
2024-25,Southampton,Southampton,98
2024-25,Southampton,Southampton,99
2024-25,Southampton,Southampton,101
2024-25,Southampton,Southampton,102
2024-25,Southampton,Southampton,102
2024-25,Tottenham Hotspur,Spurs,1
2024-25,Tottenham Hotspur,Spurs,4
2024-25,Tottenham Hotspur,Spurs,8
2024-25,Tottenham Hotspur,Spurs,13
2024-25,Tottenham Hotspur,Spurs,15
2024-25,Tottenham Hotspur,Spurs,21
2024-25,Tottenham Hotspur,Spurs,27
2024-25,Tottenham Hotspur,Spurs,27
2024-25,Tottenham Hotspur,Spurs,30
2024-25,Tottenham Hotspur,Spurs,30
2024-25,Tottenham Hotspur,Spurs,30
2024-25,Tottenham Hotspur,Spurs,31
2024-25,Tottenham Hotspur,Spurs,32
2024-25,Tottenham Hotspur,Spurs,33
2024-25,Tottenham Hotspur,Spurs,34
2024-25,Tottenham Hotspur,Spurs,37
2024-25,Tottenham Hotspur,Spurs,37
2024-25,Tottenham Hotspur,Spurs,38
2024-25,Tottenham Hotspur,Spurs,38
2024-25,Tottenham Hotspur,Spurs,39
2024-25,Tottenham Hotspur,Spurs,40
2024-25,Tottenham Hotspur,Spurs,41
2024-25,Tottenham Hotspur,Spurs,42
2024-25,Tottenham Hotspur,Spurs,45
2024-25,Tottenham Hotspur,Spurs,46
2024-25,Tottenham Hotspur,Spurs,46
2024-25,Tottenham Hotspur,Spurs,47
2024-25,Tottenham Hotspur,Spurs,47
2024-25,Tottenham Hotspur,Spurs,48
2024-25,Tottenham Hotspur,Spurs,49
2024-25,Tottenham Hotspur,Spurs,50
2024-25,Tottenham Hotspur,Spurs,52
2024-25,Tottenham Hotspur,Spurs,54
2024-25,Tottenham Hotspur,Spurs,54
2024-25,Tottenham Hotspur,Spurs,57
2024-25,Tottenham Hotspur,Spurs,58
2024-25,Tottenham Hotspur,Spurs,58
2024-25,Tottenham Hotspur,Spurs,58
2024-25,Tottenham Hotspur,Spurs,59
2024-25,Tottenham Hotspur,Spurs,60
2024-25,Tottenham Hotspur,Spurs,62
2024-25,Tottenham Hotspur,Spurs,64
2024-25,Tottenham Hotspur,Spurs,65
2024-25,Tottenham Hotspur,Spurs,66
2024-25,Tottenham Hotspur,Spurs,67
2024-25,Tottenham Hotspur,Spurs,68
2024-25,Tottenham Hotspur,Spurs,69
2024-25,Tottenham Hotspur,Spurs,69
2024-25,Tottenham Hotspur,Spurs,70
2024-25,Tottenham Hotspur,Spurs,72
2024-25,Tottenham Hotspur,Spurs,73
2024-25,Tottenham Hotspur,Spurs,75
2024-25,Tottenham Hotspur,Spurs,77
2024-25,Tottenham Hotspur,Spurs,78
2024-25,Tottenham Hotspur,Spurs,79
2024-25,Tottenham Hotspur,Spurs,79
2024-25,Tottenham Hotspur,Spurs,80
2024-25,Tottenham Hotspur,Spurs,80
2024-25,Tottenham Hotspur,Spurs,84
2024-25,Tottenham Hotspur,Spurs,84
2024-25,Tottenham Hotspur,Spurs,85
2024-25,Tottenham Hotspur,Spurs,86
2024-25,Tottenham Hotspur,Spurs,86
2024-25,Tottenham Hotspur,Spurs,87
2024-25,Tottenham Hotspur,Spurs,88
2024-25,Tottenham Hotspur,Spurs,94
2024-25,Tottenham Hotspur,Spurs,97
2024-25,Tottenham Hotspur,Spurs,98
2024-25,Tottenham Hotspur,Spurs,98
2024-25,Tottenham Hotspur,Spurs,99
2024-25,Tottenham Hotspur,Spurs,103
2024-25,West Ham United,West Ham,14
2024-25,West Ham United,West Ham,14
2024-25,West Ham United,West Ham,17
2024-25,West Ham United,West Ham,18
2024-25,West Ham United,West Ham,19
2024-25,West Ham United,West Ham,21
2024-25,West Ham United,West Ham,23
2024-25,West Ham United,West Ham,23
2024-25,West Ham United,West Ham,23
2024-25,West Ham United,West Ham,25
2024-25,West Ham United,West Ham,28
2024-25,West Ham United,West Ham,29
2024-25,West Ham United,West Ham,30
2024-25,West Ham United,West Ham,31
2024-25,West Ham United,West Ham,31
2024-25,West Ham United,West Ham,34
2024-25,West Ham United,West Ham,35
2024-25,West Ham United,West Ham,35
2024-25,West Ham United,West Ham,39
2024-25,West Ham United,West Ham,42
2024-25,West Ham United,West Ham,43
2024-25,West Ham United,West Ham,45
2024-25,West Ham United,West Ham,46
2024-25,West Ham United,West Ham,46
2024-25,West Ham United,West Ham,47
2024-25,West Ham United,West Ham,47
2024-25,West Ham United,West Ham,47
2024-25,West Ham United,West Ham,47
2024-25,West Ham United,West Ham,48
2024-25,West Ham United,West Ham,49
2024-25,West Ham United,West Ham,50
2024-25,West Ham United,West Ham,51
2024-25,West Ham United,West Ham,53
2024-25,West Ham United,West Ham,53
2024-25,West Ham United,West Ham,56
2024-25,West Ham United,West Ham,56
2024-25,West Ham United,West Ham,57
2024-25,West Ham United,West Ham,61
2024-25,West Ham United,West Ham,61
2024-25,West Ham United,West Ham,61
2024-25,West Ham United,West Ham,62
2024-25,West Ham United,West Ham,63
2024-25,West Ham United,West Ham,63
2024-25,West Ham United,West Ham,63
2024-25,West Ham United,West Ham,63
2024-25,West Ham United,West Ham,66
2024-25,West Ham United,West Ham,67
2024-25,West Ham United,West Ham,68
2024-25,West Ham United,West Ham,69
2024-25,West Ham United,West Ham,70
2024-25,West Ham United,West Ham,73
2024-25,West Ham United,West Ham,73
2024-25,West Ham United,West Ham,74
2024-25,West Ham United,West Ham,74
2024-25,West Ham United,West Ham,76
2024-25,West Ham United,West Ham,76
2024-25,West Ham United,West Ham,76
2024-25,West Ham United,West Ham,76
2024-25,West Ham United,West Ham,77
2024-25,West Ham United,West Ham,77
2024-25,West Ham United,West Ham,78
2024-25,West Ham United,West Ham,78
2024-25,West Ham United,West Ham,81
2024-25,West Ham United,West Ham,82
2024-25,West Ham United,West Ham,83
2024-25,West Ham United,West Ham,83
2024-25,West Ham United,West Ham,84
2024-25,West Ham United,West Ham,85
2024-25,West Ham United,West Ham,88
2024-25,West Ham United,West Ham,90
2024-25,West Ham United,West Ham,92
2024-25,West Ham United,West Ham,93
2024-25,West Ham United,West Ham,94
2024-25,West Ham United,West Ham,94
2024-25,West Ham United,West Ham,95
2024-25,West Ham United,West Ham,95
2024-25,West Ham United,West Ham,96
2024-25,West Ham United,West Ham,96
2024-25,West Ham United,West Ham,98
2024-25,West Ham United,West Ham,98
2024-25,West Ham United,West Ham,99
2024-25,West Ham United,West Ham,100
2024-25,West Ham United,West Ham,105
2024-25,West Ham United,West Ham,106
2024-25,Wolverhampton Wanderers,Wolves,2
2024-25,Wolverhampton Wanderers,Wolves,4
2024-25,Wolverhampton Wanderers,Wolves,7
2024-25,Wolverhampton Wanderers,Wolves,9
2024-25,Wolverhampton Wanderers,Wolves,14
2024-25,Wolverhampton Wanderers,Wolves,16
2024-25,Wolverhampton Wanderers,Wolves,16
2024-25,Wolverhampton Wanderers,Wolves,20
2024-25,Wolverhampton Wanderers,Wolves,22
2024-25,Wolverhampton Wanderers,Wolves,23
2024-25,Wolverhampton Wanderers,Wolves,26
2024-25,Wolverhampton Wanderers,Wolves,26
2024-25,Wolverhampton Wanderers,Wolves,27
2024-25,Wolverhampton Wanderers,Wolves,27
2024-25,Wolverhampton Wanderers,Wolves,27
2024-25,Wolverhampton Wanderers,Wolves,28
2024-25,Wolverhampton Wanderers,Wolves,28
2024-25,Wolverhampton Wanderers,Wolves,29
2024-25,Wolverhampton Wanderers,Wolves,29
2024-25,Wolverhampton Wanderers,Wolves,30
2024-25,Wolverhampton Wanderers,Wolves,31
2024-25,Wolverhampton Wanderers,Wolves,32
2024-25,Wolverhampton Wanderers,Wolves,33
2024-25,Wolverhampton Wanderers,Wolves,34
2024-25,Wolverhampton Wanderers,Wolves,35
2024-25,Wolverhampton Wanderers,Wolves,35
2024-25,Wolverhampton Wanderers,Wolves,36
2024-25,Wolverhampton Wanderers,Wolves,38
2024-25,Wolverhampton Wanderers,Wolves,39
2024-25,Wolverhampton Wanderers,Wolves,41
2024-25,Wolverhampton Wanderers,Wolves,41
2024-25,Wolverhampton Wanderers,Wolves,42
2024-25,Wolverhampton Wanderers,Wolves,44
2024-25,Wolverhampton Wanderers,Wolves,45
2024-25,Wolverhampton Wanderers,Wolves,46
2024-25,Wolverhampton Wanderers,Wolves,46
2024-25,Wolverhampton Wanderers,Wolves,46
2024-25,Wolverhampton Wanderers,Wolves,47
2024-25,Wolverhampton Wanderers,Wolves,48
2024-25,Wolverhampton Wanderers,Wolves,48
2024-25,Wolverhampton Wanderers,Wolves,49
2024-25,Wolverhampton Wanderers,Wolves,49
2024-25,Wolverhampton Wanderers,Wolves,50
2024-25,Wolverhampton Wanderers,Wolves,53
2024-25,Wolverhampton Wanderers,Wolves,53
2024-25,Wolverhampton Wanderers,Wolves,53
2024-25,Wolverhampton Wanderers,Wolves,53
2024-25,Wolverhampton Wanderers,Wolves,55
2024-25,Wolverhampton Wanderers,Wolves,59
2024-25,Wolverhampton Wanderers,Wolves,61
2024-25,Wolverhampton Wanderers,Wolves,62
2024-25,Wolverhampton Wanderers,Wolves,63
2024-25,Wolverhampton Wanderers,Wolves,63
2024-25,Wolverhampton Wanderers,Wolves,63
2024-25,Wolverhampton Wanderers,Wolves,70
2024-25,Wolverhampton Wanderers,Wolves,70
2024-25,Wolverhampton Wanderers,Wolves,71
2024-25,Wolverhampton Wanderers,Wolves,71
2024-25,Wolverhampton Wanderers,Wolves,72
2024-25,Wolverhampton Wanderers,Wolves,73
2024-25,Wolverhampton Wanderers,Wolves,73
2024-25,Wolverhampton Wanderers,Wolves,76
2024-25,Wolverhampton Wanderers,Wolves,78
2024-25,Wolverhampton Wanderers,Wolves,80
2024-25,Wolverhampton Wanderers,Wolves,80
2024-25,Wolverhampton Wanderers,Wolves,81
2024-25,Wolverhampton Wanderers,Wolves,81
2024-25,Wolverhampton Wanderers,Wolves,85
2024-25,Wolverhampton Wanderers,Wolves,86
2024-25,Wolverhampton Wanderers,Wolves,87
2024-25,Wolverhampton Wanderers,Wolves,87
2024-25,Wolverhampton Wanderers,Wolves,87
2024-25,Wolverhampton Wanderers,Wolves,88
2024-25,Wolverhampton Wanderers,Wolves,88
2024-25,Wolverhampton Wanderers,Wolves,90
2024-25,Wolverhampton Wanderers,Wolves,90
2024-25,Wolverhampton Wanderers,Wolves,91
2024-25,Wolverhampton Wanderers,Wolves,94
2024-25,Wolverhampton Wanderers,Wolves,97
2024-25,Wolverhampton Wanderers,Wolves,98
2024-25,Wolverhampton Wanderers,Wolves,100
2024-25,Wolverhampton Wanderers,Wolves,102
2025-26,Arsenal,Arsenal,5
2025-26,Arsenal,Arsenal,11
2025-26,Arsenal,Arsenal,12
2025-26,Arsenal,Arsenal,13
2025-26,Arsenal,Arsenal,20
2025-26,Arsenal,Arsenal,26
2025-26,Arsenal,Arsenal,27
2025-26,Arsenal,Arsenal,27
2025-26,Arsenal,Arsenal,30
2025-26,Arsenal,Arsenal,36
2025-26,Arsenal,Arsenal,36
2025-26,Arsenal,Arsenal,37
2025-26,Arsenal,Arsenal,41
2025-26,Arsenal,Arsenal,42
2025-26,Arsenal,Arsenal,46
2025-26,Arsenal,Arsenal,46
2025-26,Arsenal,Arsenal,54
2025-26,Arsenal,Arsenal,56
2025-26,Arsenal,Arsenal,56
2025-26,Arsenal,Arsenal,59
2025-26,Arsenal,Arsenal,61
2025-26,Arsenal,Arsenal,64
2025-26,Arsenal,Arsenal,66
2025-26,Arsenal,Arsenal,67
2025-26,Arsenal,Arsenal,69
2025-26,Arsenal,Arsenal,70
2025-26,Arsenal,Arsenal,71
2025-26,Arsenal,Arsenal,72
2025-26,Arsenal,Arsenal,74
2025-26,Arsenal,Arsenal,74
2025-26,Arsenal,Arsenal,75
2025-26,Arsenal,Arsenal,77
2025-26,Arsenal,Arsenal,79
2025-26,Arsenal,Arsenal,79
2025-26,Arsenal,Arsenal,80
2025-26,Arsenal,Arsenal,81
2025-26,Arsenal,Arsenal,83
2025-26,Arsenal,Arsenal,83
2025-26,Arsenal,Arsenal,85
2025-26,Arsenal,Arsenal,86
2025-26,Arsenal,Arsenal,87
2025-26,Arsenal,Arsenal,88
2025-26,Arsenal,Arsenal,89
2025-26,Arsenal,Arsenal,89
2025-26,Arsenal,Arsenal,90
2025-26,Arsenal,Arsenal,91
2025-26,Arsenal,Arsenal,91
2025-26,Arsenal,Arsenal,91
2025-26,Arsenal,Arsenal,93
2025-26,Arsenal,Arsenal,93
2025-26,Arsenal,Arsenal,95
2025-26,Arsenal,Arsenal,99
2025-26,Aston Villa,Aston Villa,11
2025-26,Aston Villa,Aston Villa,13
2025-26,Aston Villa,Aston Villa,13
2025-26,Aston Villa,Aston Villa,20
2025-26,Aston Villa,Aston Villa,23
2025-26,Aston Villa,Aston Villa,30
2025-26,Aston Villa,Aston Villa,32
2025-26,Aston Villa,Aston Villa,34
2025-26,Aston Villa,Aston Villa,35
2025-26,Aston Villa,Aston Villa,38
2025-26,Aston Villa,Aston Villa,39
2025-26,Aston Villa,Aston Villa,41
2025-26,Aston Villa,Aston Villa,41
2025-26,Aston Villa,Aston Villa,42
2025-26,Aston Villa,Aston Villa,47
2025-26,Aston Villa,Aston Villa,48
2025-26,Aston Villa,Aston Villa,49
2025-26,Aston Villa,Aston Villa,49
2025-26,Aston Villa,Aston Villa,50
2025-26,Aston Villa,Aston Villa,50
2025-26,Aston Villa,Aston Villa,51
2025-26,Aston Villa,Aston Villa,53
2025-26,Aston Villa,Aston Villa,53
2025-26,Aston Villa,Aston Villa,54
2025-26,Aston Villa,Aston Villa,56
2025-26,Aston Villa,Aston Villa,57
2025-26,Aston Villa,Aston Villa,57
2025-26,Aston Villa,Aston Villa,57
2025-26,Aston Villa,Aston Villa,57
2025-26,Aston Villa,Aston Villa,58
2025-26,Aston Villa,Aston Villa,58
2025-26,Aston Villa,Aston Villa,63
2025-26,Aston Villa,Aston Villa,66
2025-26,Aston Villa,Aston Villa,67
2025-26,Aston Villa,Aston Villa,68
2025-26,Aston Villa,Aston Villa,69
2025-26,Aston Villa,Aston Villa,70
2025-26,Aston Villa,Aston Villa,73
2025-26,Aston Villa,Aston Villa,73
2025-26,Aston Villa,Aston Villa,75
2025-26,Aston Villa,Aston Villa,75
2025-26,Aston Villa,Aston Villa,77
2025-26,Aston Villa,Aston Villa,78
2025-26,Aston Villa,Aston Villa,79
2025-26,Aston Villa,Aston Villa,80
2025-26,Aston Villa,Aston Villa,81
2025-26,Aston Villa,Aston Villa,81
2025-26,Aston Villa,Aston Villa,84
2025-26,Aston Villa,Aston Villa,87
2025-26,Aston Villa,Aston Villa,91
2025-26,Aston Villa,Aston Villa,92
2025-26,Aston Villa,Aston Villa,92
2025-26,Aston Villa,Aston Villa,92
2025-26,Aston Villa,Aston Villa,93
2025-26,Aston Villa,Aston Villa,93
2025-26,Aston Villa,Aston Villa,94
2025-26,Aston Villa,Aston Villa,94
2025-26,Aston Villa,Aston Villa,95
2025-26,Aston Villa,Aston Villa,97
2025-26,Aston Villa,Aston Villa,98
2025-26,Bournemouth,Bournemouth,2
2025-26,Bournemouth,Bournemouth,12
2025-26,Bournemouth,Bournemouth,12
2025-26,Bournemouth,Bournemouth,14
2025-26,Bournemouth,Bournemouth,18
2025-26,Bournemouth,Bournemouth,25
2025-26,Bournemouth,Bournemouth,25
2025-26,Bournemouth,Bournemouth,26
2025-26,Bournemouth,Bournemouth,27
2025-26,Bournemouth,Bournemouth,31
2025-26,Bournemouth,Bournemouth,33
2025-26,Bournemouth,Bournemouth,34
2025-26,Bournemouth,Bournemouth,35
2025-26,Bournemouth,Bournemouth,36
2025-26,Bournemouth,Bournemouth,37
2025-26,Bournemouth,Bournemouth,38
2025-26,Bournemouth,Bournemouth,40
2025-26,Bournemouth,Bournemouth,41
2025-26,Bournemouth,Bournemouth,43
2025-26,Bournemouth,Bournemouth,43
2025-26,Bournemouth,Bournemouth,44
2025-26,Bournemouth,Bournemouth,45
2025-26,Bournemouth,Bournemouth,48
2025-26,Bournemouth,Bournemouth,48
2025-26,Bournemouth,Bournemouth,50
2025-26,Bournemouth,Bournemouth,51
2025-26,Bournemouth,Bournemouth,51
2025-26,Bournemouth,Bournemouth,52
2025-26,Bournemouth,Bournemouth,53
2025-26,Bournemouth,Bournemouth,55
2025-26,Bournemouth,Bournemouth,57
2025-26,Bournemouth,Bournemouth,58
2025-26,Bournemouth,Bournemouth,58
2025-26,Bournemouth,Bournemouth,58
2025-26,Bournemouth,Bournemouth,59
2025-26,Bournemouth,Bournemouth,59
2025-26,Bournemouth,Bournemouth,60
2025-26,Bournemouth,Bournemouth,60
2025-26,Bournemouth,Bournemouth,63
2025-26,Bournemouth,Bournemouth,63
2025-26,Bournemouth,Bournemouth,65
2025-26,Bournemouth,Bournemouth,65
2025-26,Bournemouth,Bournemouth,72
2025-26,Bournemouth,Bournemouth,74
2025-26,Bournemouth,Bournemouth,74
2025-26,Bournemouth,Bournemouth,74
2025-26,Bournemouth,Bournemouth,76
2025-26,Bournemouth,Bournemouth,77
2025-26,Bournemouth,Bournemouth,77
2025-26,Bournemouth,Bournemouth,78
2025-26,Bournemouth,Bournemouth,79
2025-26,Bournemouth,Bournemouth,80
2025-26,Bournemouth,Bournemouth,81
2025-26,Bournemouth,Bournemouth,81
2025-26,Bournemouth,Bournemouth,82
2025-26,Bournemouth,Bournemouth,82
2025-26,Bournemouth,Bournemouth,83
2025-26,Bournemouth,Bournemouth,83
2025-26,Bournemouth,Bournemouth,84
2025-26,Bournemouth,Bournemouth,85
2025-26,Bournemouth,Bournemouth,86
2025-26,Bournemouth,Bournemouth,86
2025-26,Bournemouth,Bournemouth,87
2025-26,Bournemouth,Bournemouth,87
2025-26,Bournemouth,Bournemouth,88
2025-26,Bournemouth,Bournemouth,88
2025-26,Bournemouth,Bournemouth,88
2025-26,Bournemouth,Bournemouth,89
2025-26,Bournemouth,Bournemouth,90
2025-26,Bournemouth,Bournemouth,90
2025-26,Bournemouth,Bournemouth,91
2025-26,Bournemouth,Bournemouth,91
2025-26,Bournemouth,Bournemouth,91
2025-26,Bournemouth,Bournemouth,92
2025-26,Bournemouth,Bournemouth,93
2025-26,Bournemouth,Bournemouth,93
2025-26,Bournemouth,Bournemouth,93
2025-26,Bournemouth,Bournemouth,94
2025-26,Bournemouth,Bournemouth,94
2025-26,Bournemouth,Bournemouth,94
2025-26,Bournemouth,Bournemouth,95
2025-26,Bournemouth,Bournemouth,95
2025-26,Bournemouth,Bournemouth,95
2025-26,Bournemouth,Bournemouth,96
2025-26,Bournemouth,Bournemouth,96
2025-26,Bournemouth,Bournemouth,96
2025-26,Bournemouth,Bournemouth,96
2025-26,Bournemouth,Bournemouth,96
2025-26,Bournemouth,Bournemouth,97
2025-26,Bournemouth,Bournemouth,102
2025-26,Brentford,Brentford,4
2025-26,Brentford,Brentford,8
2025-26,Brentford,Brentford,18
2025-26,Brentford,Brentford,19
2025-26,Brentford,Brentford,29
2025-26,Brentford,Brentford,31
2025-26,Brentford,Brentford,34
2025-26,Brentford,Brentford,35
2025-26,Brentford,Brentford,36
2025-26,Brentford,Brentford,36
2025-26,Brentford,Brentford,39
2025-26,Brentford,Brentford,40
2025-26,Brentford,Brentford,43
2025-26,Brentford,Brentford,44
2025-26,Brentford,Brentford,45
2025-26,Brentford,Brentford,46
2025-26,Brentford,Brentford,48
2025-26,Brentford,Brentford,50
2025-26,Brentford,Brentford,52
2025-26,Brentford,Brentford,53
2025-26,Brentford,Brentford,55
2025-26,Brentford,Brentford,57
2025-26,Brentford,Brentford,58
2025-26,Brentford,Brentford,60
2025-26,Brentford,Brentford,60
2025-26,Brentford,Brentford,61
2025-26,Brentford,Brentford,61
2025-26,Brentford,Brentford,63
2025-26,Brentford,Brentford,64
2025-26,Brentford,Brentford,65
2025-26,Brentford,Brentford,66
2025-26,Brentford,Brentford,69
2025-26,Brentford,Brentford,69
2025-26,Brentford,Brentford,70
2025-26,Brentford,Brentford,71
2025-26,Brentford,Brentford,72
2025-26,Brentford,Brentford,72
2025-26,Brentford,Brentford,72
2025-26,Brentford,Brentford,73
2025-26,Brentford,Brentford,75
2025-26,Brentford,Brentford,76
2025-26,Brentford,Brentford,76
2025-26,Brentford,Brentford,77
2025-26,Brentford,Brentford,77
2025-26,Brentford,Brentford,78
2025-26,Brentford,Brentford,80
2025-26,Brentford,Brentford,80
2025-26,Brentford,Brentford,80
2025-26,Brentford,Brentford,80
2025-26,Brentford,Brentford,82
2025-26,Brentford,Brentford,82
2025-26,Brentford,Brentford,84
2025-26,Brentford,Brentford,84
2025-26,Brentford,Brentford,86
2025-26,Brentford,Brentford,87
2025-26,Brentford,Brentford,88
2025-26,Brentford,Brentford,89
2025-26,Brentford,Brentford,90
2025-26,Brentford,Brentford,90
2025-26,Brentford,Brentford,91
2025-26,Brentford,Brentford,91
2025-26,Brentford,Brentford,92
2025-26,Brentford,Brentford,93
2025-26,Brentford,Brentford,94
2025-26,Brentford,Brentford,95
2025-26,Brentford,Brentford,95
2025-26,Brentford,Brentford,95
2025-26,Brentford,Brentford,96
2025-26,Brentford,Brentford,100
2025-26,Brentford,Brentford,100
2025-26,Brighton and Hove Albion,Brighton,2
2025-26,Brighton and Hove Albion,Brighton,9
2025-26,Brighton and Hove Albion,Brighton,10
2025-26,Brighton and Hove Albion,Brighton,12
2025-26,Brighton and Hove Albion,Brighton,12
2025-26,Brighton and Hove Albion,Brighton,15
2025-26,Brighton and Hove Albion,Brighton,16
2025-26,Brighton and Hove Albion,Brighton,19
2025-26,Brighton and Hove Albion,Brighton,20
2025-26,Brighton and Hove Albion,Brighton,22
2025-26,Brighton and Hove Albion,Brighton,23
2025-26,Brighton and Hove Albion,Brighton,24
2025-26,Brighton and Hove Albion,Brighton,25
2025-26,Brighton and Hove Albion,Brighton,28
2025-26,Brighton and Hove Albion,Brighton,29
2025-26,Brighton and Hove Albion,Brighton,30
2025-26,Brighton and Hove Albion,Brighton,34
2025-26,Brighton and Hove Albion,Brighton,36
2025-26,Brighton and Hove Albion,Brighton,37
2025-26,Brighton and Hove Albion,Brighton,37
2025-26,Brighton and Hove Albion,Brighton,39
2025-26,Brighton and Hove Albion,Brighton,40
2025-26,Brighton and Hove Albion,Brighton,41
2025-26,Brighton and Hove Albion,Brighton,41
2025-26,Brighton and Hove Albion,Brighton,41
2025-26,Brighton and Hove Albion,Brighton,42
2025-26,Brighton and Hove Albion,Brighton,43
2025-26,Brighton and Hove Albion,Brighton,44
2025-26,Brighton and Hove Albion,Brighton,46
2025-26,Brighton and Hove Albion,Brighton,47
2025-26,Brighton and Hove Albion,Brighton,47
2025-26,Brighton and Hove Albion,Brighton,48
2025-26,Brighton and Hove Albion,Brighton,48
2025-26,Brighton and Hove Albion,Brighton,48
2025-26,Brighton and Hove Albion,Brighton,50
2025-26,Brighton and Hove Albion,Brighton,50
2025-26,Brighton and Hove Albion,Brighton,51
2025-26,Brighton and Hove Albion,Brighton,52
2025-26,Brighton and Hove Albion,Brighton,52
2025-26,Brighton and Hove Albion,Brighton,53
2025-26,Brighton and Hove Albion,Brighton,53
2025-26,Brighton and Hove Albion,Brighton,53
2025-26,Brighton and Hove Albion,Brighton,54
2025-26,Brighton and Hove Albion,Brighton,55
2025-26,Brighton and Hove Albion,Brighton,56
2025-26,Brighton and Hove Albion,Brighton,56
2025-26,Brighton and Hove Albion,Brighton,57
2025-26,Brighton and Hove Albion,Brighton,58
2025-26,Brighton and Hove Albion,Brighton,58
2025-26,Brighton and Hove Albion,Brighton,59
2025-26,Brighton and Hove Albion,Brighton,60
2025-26,Brighton and Hove Albion,Brighton,60
2025-26,Brighton and Hove Albion,Brighton,61
2025-26,Brighton and Hove Albion,Brighton,63
2025-26,Brighton and Hove Albion,Brighton,64
2025-26,Brighton and Hove Albion,Brighton,64
2025-26,Brighton and Hove Albion,Brighton,65
2025-26,Brighton and Hove Albion,Brighton,68
2025-26,Brighton and Hove Albion,Brighton,69
2025-26,Brighton and Hove Albion,Brighton,73
2025-26,Brighton and Hove Albion,Brighton,73
2025-26,Brighton and Hove Albion,Brighton,73
2025-26,Brighton and Hove Albion,Brighton,74
2025-26,Brighton and Hove Albion,Brighton,77
2025-26,Brighton and Hove Albion,Brighton,77
2025-26,Brighton and Hove Albion,Brighton,78
2025-26,Brighton and Hove Albion,Brighton,80
2025-26,Brighton and Hove Albion,Brighton,81
2025-26,Brighton and Hove Albion,Brighton,84
2025-26,Brighton and Hove Albion,Brighton,84
2025-26,Brighton and Hove Albion,Brighton,85
2025-26,Brighton and Hove Albion,Brighton,85
2025-26,Brighton and Hove Albion,Brighton,85
2025-26,Brighton and Hove Albion,Brighton,86
2025-26,Brighton and Hove Albion,Brighton,89
2025-26,Brighton and Hove Albion,Brighton,89
2025-26,Brighton and Hove Albion,Brighton,90
2025-26,Brighton and Hove Albion,Brighton,91
2025-26,Brighton and Hove Albion,Brighton,91
2025-26,Brighton and Hove Albion,Brighton,91
2025-26,Brighton and Hove Albion,Brighton,91
2025-26,Brighton and Hove Albion,Brighton,92
2025-26,Brighton and Hove Albion,Brighton,93
2025-26,Brighton and Hove Albion,Brighton,93
2025-26,Brighton and Hove Albion,Brighton,93
2025-26,Brighton and Hove Albion,Brighton,94
2025-26,Brighton and Hove Albion,Brighton,94
2025-26,Brighton and Hove Albion,Brighton,94
2025-26,Brighton and Hove Albion,Brighton,94
2025-26,Brighton and Hove Albion,Brighton,95
2025-26,Brighton and Hove Albion,Brighton,101
2025-26,Brighton and Hove Albion,Brighton,101
2025-26,Burnley,Burnley,16
2025-26,Burnley,Burnley,16
2025-26,Burnley,Burnley,16
2025-26,Burnley,Burnley,17
2025-26,Burnley,Burnley,22
2025-26,Burnley,Burnley,24
2025-26,Burnley,Burnley,27
2025-26,Burnley,Burnley,27
2025-26,Burnley,Burnley,28
2025-26,Burnley,Burnley,28
2025-26,Burnley,Burnley,30
2025-26,Burnley,Burnley,30
2025-26,Burnley,Burnley,30
2025-26,Burnley,Burnley,32
2025-26,Burnley,Burnley,35
2025-26,Burnley,Burnley,35
2025-26,Burnley,Burnley,37
2025-26,Burnley,Burnley,37
2025-26,Burnley,Burnley,38
2025-26,Burnley,Burnley,39
2025-26,Burnley,Burnley,41
2025-26,Burnley,Burnley,44
2025-26,Burnley,Burnley,45
2025-26,Burnley,Burnley,49
2025-26,Burnley,Burnley,52
2025-26,Burnley,Burnley,54
2025-26,Burnley,Burnley,55
2025-26,Burnley,Burnley,55
2025-26,Burnley,Burnley,60
2025-26,Burnley,Burnley,60
2025-26,Burnley,Burnley,63
2025-26,Burnley,Burnley,64
2025-26,Burnley,Burnley,64
2025-26,Burnley,Burnley,66
2025-26,Burnley,Burnley,67
2025-26,Burnley,Burnley,67
2025-26,Burnley,Burnley,70
2025-26,Burnley,Burnley,74
2025-26,Burnley,Burnley,75
2025-26,Burnley,Burnley,75
2025-26,Burnley,Burnley,76
2025-26,Burnley,Burnley,77
2025-26,Burnley,Burnley,79
2025-26,Burnley,Burnley,80
2025-26,Burnley,Burnley,82
2025-26,Burnley,Burnley,84
2025-26,Burnley,Burnley,86
2025-26,Burnley,Burnley,86
2025-26,Burnley,Burnley,88
2025-26,Burnley,Burnley,89
2025-26,Burnley,Burnley,89
2025-26,Burnley,Burnley,89
2025-26,Burnley,Burnley,91
2025-26,Burnley,Burnley,91
2025-26,Burnley,Burnley,91
2025-26,Burnley,Burnley,92
2025-26,Burnley,Burnley,92
2025-26,Burnley,Burnley,93
2025-26,Burnley,Burnley,93
2025-26,Burnley,Burnley,94
2025-26,Burnley,Burnley,94
2025-26,Burnley,Burnley,94
2025-26,Burnley,Burnley,95
2025-26,Burnley,Burnley,96
2025-26,Burnley,Burnley,97
2025-26,Burnley,Burnley,97
2025-26,Burnley,Burnley,101
2025-26,Chelsea,Chelsea,4
2025-26,Chelsea,Chelsea,7
2025-26,Chelsea,Chelsea,8
2025-26,Chelsea,Chelsea,11
2025-26,Chelsea,Chelsea,12
2025-26,Chelsea,Chelsea,14
2025-26,Chelsea,Chelsea,15
2025-26,Chelsea,Chelsea,20
2025-26,Chelsea,Chelsea,23
2025-26,Chelsea,Chelsea,24
2025-26,Chelsea,Chelsea,24
2025-26,Chelsea,Chelsea,25
2025-26,Chelsea,Chelsea,25
2025-26,Chelsea,Chelsea,25
2025-26,Chelsea,Chelsea,27
2025-26,Chelsea,Chelsea,30
2025-26,Chelsea,Chelsea,34
2025-26,Chelsea,Chelsea,38
2025-26,Chelsea,Chelsea,39
2025-26,Chelsea,Chelsea,39
2025-26,Chelsea,Chelsea,40
2025-26,Chelsea,Chelsea,41
2025-26,Chelsea,Chelsea,42
2025-26,Chelsea,Chelsea,44
2025-26,Chelsea,Chelsea,45
2025-26,Chelsea,Chelsea,46
2025-26,Chelsea,Chelsea,48
2025-26,Chelsea,Chelsea,48
2025-26,Chelsea,Chelsea,50
2025-26,Chelsea,Chelsea,51
2025-26,Chelsea,Chelsea,52
2025-26,Chelsea,Chelsea,54
2025-26,Chelsea,Chelsea,54
2025-26,Chelsea,Chelsea,54
2025-26,Chelsea,Chelsea,54
2025-26,Chelsea,Chelsea,57
2025-26,Chelsea,Chelsea,58
2025-26,Chelsea,Chelsea,58
2025-26,Chelsea,Chelsea,59
2025-26,Chelsea,Chelsea,60
2025-26,Chelsea,Chelsea,65
2025-26,Chelsea,Chelsea,66
2025-26,Chelsea,Chelsea,67
2025-26,Chelsea,Chelsea,67
2025-26,Chelsea,Chelsea,67
2025-26,Chelsea,Chelsea,67
2025-26,Chelsea,Chelsea,68
2025-26,Chelsea,Chelsea,68
2025-26,Chelsea,Chelsea,69
2025-26,Chelsea,Chelsea,69
2025-26,Chelsea,Chelsea,69
2025-26,Chelsea,Chelsea,70
2025-26,Chelsea,Chelsea,71
2025-26,Chelsea,Chelsea,71
2025-26,Chelsea,Chelsea,71
2025-26,Chelsea,Chelsea,72
2025-26,Chelsea,Chelsea,73
2025-26,Chelsea,Chelsea,73
2025-26,Chelsea,Chelsea,74
2025-26,Chelsea,Chelsea,76
2025-26,Chelsea,Chelsea,78
2025-26,Chelsea,Chelsea,78
2025-26,Chelsea,Chelsea,78
2025-26,Chelsea,Chelsea,79
2025-26,Chelsea,Chelsea,79
2025-26,Chelsea,Chelsea,79
2025-26,Chelsea,Chelsea,81
2025-26,Chelsea,Chelsea,82
2025-26,Chelsea,Chelsea,83
2025-26,Chelsea,Chelsea,83
2025-26,Chelsea,Chelsea,83
2025-26,Chelsea,Chelsea,85
2025-26,Chelsea,Chelsea,85
2025-26,Chelsea,Chelsea,85
2025-26,Chelsea,Chelsea,87
2025-26,Chelsea,Chelsea,87
2025-26,Chelsea,Chelsea,87
2025-26,Chelsea,Chelsea,88
2025-26,Chelsea,Chelsea,89
2025-26,Chelsea,Chelsea,89
2025-26,Chelsea,Chelsea,89
2025-26,Chelsea,Chelsea,90
2025-26,Chelsea,Chelsea,90
2025-26,Chelsea,Chelsea,90
2025-26,Chelsea,Chelsea,91
2025-26,Chelsea,Chelsea,91
2025-26,Chelsea,Chelsea,91
2025-26,Chelsea,Chelsea,92
2025-26,Chelsea,Chelsea,92
2025-26,Chelsea,Chelsea,93
2025-26,Chelsea,Chelsea,93
2025-26,Chelsea,Chelsea,94
2025-26,Chelsea,Chelsea,94
2025-26,Chelsea,Chelsea,94
2025-26,Chelsea,Chelsea,95
2025-26,Chelsea,Chelsea,96
2025-26,Chelsea,Chelsea,97
2025-26,Chelsea,Chelsea,97
2025-26,Chelsea,Chelsea,98
2025-26,Chelsea,Chelsea,98
2025-26,Chelsea,Chelsea,101
2025-26,Crystal Palace,Crystal Palace,4
2025-26,Crystal Palace,Crystal Palace,6
2025-26,Crystal Palace,Crystal Palace,6
2025-26,Crystal Palace,Crystal Palace,14
2025-26,Crystal Palace,Crystal Palace,14
2025-26,Crystal Palace,Crystal Palace,15
2025-26,Crystal Palace,Crystal Palace,17
2025-26,Crystal Palace,Crystal Palace,17
2025-26,Crystal Palace,Crystal Palace,19
2025-26,Crystal Palace,Crystal Palace,21
2025-26,Crystal Palace,Crystal Palace,22
2025-26,Crystal Palace,Crystal Palace,22
2025-26,Crystal Palace,Crystal Palace,28
2025-26,Crystal Palace,Crystal Palace,31
2025-26,Crystal Palace,Crystal Palace,31
2025-26,Crystal Palace,Crystal Palace,32
2025-26,Crystal Palace,Crystal Palace,32
2025-26,Crystal Palace,Crystal Palace,33
2025-26,Crystal Palace,Crystal Palace,33
2025-26,Crystal Palace,Crystal Palace,35
2025-26,Crystal Palace,Crystal Palace,36
2025-26,Crystal Palace,Crystal Palace,36
2025-26,Crystal Palace,Crystal Palace,38
2025-26,Crystal Palace,Crystal Palace,40
2025-26,Crystal Palace,Crystal Palace,41
2025-26,Crystal Palace,Crystal Palace,42
2025-26,Crystal Palace,Crystal Palace,44
2025-26,Crystal Palace,Crystal Palace,46
2025-26,Crystal Palace,Crystal Palace,47
2025-26,Crystal Palace,Crystal Palace,48
2025-26,Crystal Palace,Crystal Palace,48
2025-26,Crystal Palace,Crystal Palace,49
2025-26,Crystal Palace,Crystal Palace,49
2025-26,Crystal Palace,Crystal Palace,49
2025-26,Crystal Palace,Crystal Palace,52
2025-26,Crystal Palace,Crystal Palace,52
2025-26,Crystal Palace,Crystal Palace,53
2025-26,Crystal Palace,Crystal Palace,54
2025-26,Crystal Palace,Crystal Palace,54
2025-26,Crystal Palace,Crystal Palace,54
2025-26,Crystal Palace,Crystal Palace,55
2025-26,Crystal Palace,Crystal Palace,59
2025-26,Crystal Palace,Crystal Palace,62
2025-26,Crystal Palace,Crystal Palace,62
2025-26,Crystal Palace,Crystal Palace,63
2025-26,Crystal Palace,Crystal Palace,63
2025-26,Crystal Palace,Crystal Palace,66
2025-26,Crystal Palace,Crystal Palace,67
2025-26,Crystal Palace,Crystal Palace,67
2025-26,Crystal Palace,Crystal Palace,67
2025-26,Crystal Palace,Crystal Palace,68
2025-26,Crystal Palace,Crystal Palace,75
2025-26,Crystal Palace,Crystal Palace,78
2025-26,Crystal Palace,Crystal Palace,80
2025-26,Crystal Palace,Crystal Palace,81
2025-26,Crystal Palace,Crystal Palace,82
2025-26,Crystal Palace,Crystal Palace,83
2025-26,Crystal Palace,Crystal Palace,83
2025-26,Crystal Palace,Crystal Palace,85
2025-26,Crystal Palace,Crystal Palace,85
2025-26,Crystal Palace,Crystal Palace,87
2025-26,Crystal Palace,Crystal Palace,87
2025-26,Crystal Palace,Crystal Palace,87
2025-26,Crystal Palace,Crystal Palace,88
2025-26,Crystal Palace,Crystal Palace,89
2025-26,Crystal Palace,Crystal Palace,90
2025-26,Crystal Palace,Crystal Palace,91
2025-26,Crystal Palace,Crystal Palace,91
2025-26,Crystal Palace,Crystal Palace,92
2025-26,Crystal Palace,Crystal Palace,92
2025-26,Crystal Palace,Crystal Palace,93
2025-26,Crystal Palace,Crystal Palace,93
2025-26,Crystal Palace,Crystal Palace,93
2025-26,Crystal Palace,Crystal Palace,95
2025-26,Crystal Palace,Crystal Palace,96
2025-26,Crystal Palace,Crystal Palace,97
2025-26,Everton,Everton,2
2025-26,Everton,Everton,13
2025-26,Everton,Everton,16
2025-26,Everton,Everton,18
2025-26,Everton,Everton,22
2025-26,Everton,Everton,22
2025-26,Everton,Everton,23
2025-26,Everton,Everton,24
2025-26,Everton,Everton,25
2025-26,Everton,Everton,26
2025-26,Everton,Everton,28
2025-26,Everton,Everton,30
2025-26,Everton,Everton,32
2025-26,Everton,Everton,38
2025-26,Everton,Everton,39
2025-26,Everton,Everton,39
2025-26,Everton,Everton,39
2025-26,Everton,Everton,45
2025-26,Everton,Everton,45
2025-26,Everton,Everton,46
2025-26,Everton,Everton,47
2025-26,Everton,Everton,47
2025-26,Everton,Everton,47
2025-26,Everton,Everton,47
2025-26,Everton,Everton,48
2025-26,Everton,Everton,48
2025-26,Everton,Everton,49
2025-26,Everton,Everton,53
2025-26,Everton,Everton,53
2025-26,Everton,Everton,56
2025-26,Everton,Everton,56
2025-26,Everton,Everton,57
2025-26,Everton,Everton,57
2025-26,Everton,Everton,58
2025-26,Everton,Everton,61
2025-26,Everton,Everton,63
2025-26,Everton,Everton,63
2025-26,Everton,Everton,63
2025-26,Everton,Everton,63
2025-26,Everton,Everton,65
2025-26,Everton,Everton,65
2025-26,Everton,Everton,66
2025-26,Everton,Everton,67
2025-26,Everton,Everton,68
2025-26,Everton,Everton,68
2025-26,Everton,Everton,69
2025-26,Everton,Everton,71
2025-26,Everton,Everton,73
2025-26,Everton,Everton,77
2025-26,Everton,Everton,77
2025-26,Everton,Everton,78
2025-26,Everton,Everton,79
2025-26,Everton,Everton,80
2025-26,Everton,Everton,83
2025-26,Everton,Everton,84
2025-26,Everton,Everton,84
2025-26,Everton,Everton,86
2025-26,Everton,Everton,86
2025-26,Everton,Everton,87
2025-26,Everton,Everton,87
2025-26,Everton,Everton,88
2025-26,Everton,Everton,89
2025-26,Everton,Everton,89
2025-26,Everton,Everton,90
2025-26,Everton,Everton,92
2025-26,Everton,Everton,93
2025-26,Everton,Everton,94
2025-26,Everton,Everton,95
2025-26,Everton,Everton,95
2025-26,Everton,Everton,95
2025-26,Everton,Everton,95
2025-26,Everton,Everton,96
2025-26,Everton,Everton,96
2025-26,Everton,Everton,97
2025-26,Everton,Everton,98
2025-26,Everton,Everton,99
2025-26,Everton,Everton,102
2025-26,Fulham,Fulham,3
2025-26,Fulham,Fulham,6
2025-26,Fulham,Fulham,10
2025-26,Fulham,Fulham,19
2025-26,Fulham,Fulham,20
2025-26,Fulham,Fulham,22
2025-26,Fulham,Fulham,23
2025-26,Fulham,Fulham,26
2025-26,Fulham,Fulham,27
2025-26,Fulham,Fulham,28
2025-26,Fulham,Fulham,28
2025-26,Fulham,Fulham,30
2025-26,Fulham,Fulham,31
2025-26,Fulham,Fulham,32
2025-26,Fulham,Fulham,34
2025-26,Fulham,Fulham,37
2025-26,Fulham,Fulham,41
2025-26,Fulham,Fulham,42
2025-26,Fulham,Fulham,43
2025-26,Fulham,Fulham,46
2025-26,Fulham,Fulham,46
2025-26,Fulham,Fulham,46
2025-26,Fulham,Fulham,46
2025-26,Fulham,Fulham,48
2025-26,Fulham,Fulham,50
2025-26,Fulham,Fulham,51
2025-26,Fulham,Fulham,52
2025-26,Fulham,Fulham,52
2025-26,Fulham,Fulham,53
2025-26,Fulham,Fulham,54
2025-26,Fulham,Fulham,55
2025-26,Fulham,Fulham,55
2025-26,Fulham,Fulham,56
2025-26,Fulham,Fulham,56
2025-26,Fulham,Fulham,59
2025-26,Fulham,Fulham,60
2025-26,Fulham,Fulham,61
2025-26,Fulham,Fulham,61
2025-26,Fulham,Fulham,66
2025-26,Fulham,Fulham,66
2025-26,Fulham,Fulham,66
2025-26,Fulham,Fulham,66
2025-26,Fulham,Fulham,71
2025-26,Fulham,Fulham,73
2025-26,Fulham,Fulham,75
2025-26,Fulham,Fulham,76
2025-26,Fulham,Fulham,77
2025-26,Fulham,Fulham,77
2025-26,Fulham,Fulham,78
2025-26,Fulham,Fulham,78
2025-26,Fulham,Fulham,79
2025-26,Fulham,Fulham,81
2025-26,Fulham,Fulham,81
2025-26,Fulham,Fulham,82
2025-26,Fulham,Fulham,82
2025-26,Fulham,Fulham,82
2025-26,Fulham,Fulham,86
2025-26,Fulham,Fulham,87
2025-26,Fulham,Fulham,88
2025-26,Fulham,Fulham,89
2025-26,Fulham,Fulham,90
2025-26,Fulham,Fulham,91
2025-26,Fulham,Fulham,91
2025-26,Fulham,Fulham,91
2025-26,Fulham,Fulham,92
2025-26,Fulham,Fulham,92
2025-26,Fulham,Fulham,93
2025-26,Fulham,Fulham,93
2025-26,Fulham,Fulham,93
2025-26,Fulham,Fulham,93
2025-26,Fulham,Fulham,93
2025-26,Fulham,Fulham,94
2025-26,Fulham,Fulham,94
2025-26,Fulham,Fulham,95
2025-26,Fulham,Fulham,95
2025-26,Fulham,Fulham,95
2025-26,Fulham,Fulham,96
2025-26,Fulham,Fulham,98
2025-26,Fulham,Fulham,98
2025-26,Fulham,Fulham,99
2025-26,Leeds United,Leeds,9
2025-26,Leeds United,Leeds,10
2025-26,Leeds United,Leeds,11
2025-26,Leeds United,Leeds,19
2025-26,Leeds United,Leeds,20
2025-26,Leeds United,Leeds,22
2025-26,Leeds United,Leeds,22
2025-26,Leeds United,Leeds,25
2025-26,Leeds United,Leeds,26
2025-26,Leeds United,Leeds,26
2025-26,Leeds United,Leeds,27
2025-26,Leeds United,Leeds,31
2025-26,Leeds United,Leeds,35
2025-26,Leeds United,Leeds,37
2025-26,Leeds United,Leeds,38
2025-26,Leeds United,Leeds,39
2025-26,Leeds United,Leeds,40
2025-26,Leeds United,Leeds,40
2025-26,Leeds United,Leeds,41
2025-26,Leeds United,Leeds,41
2025-26,Leeds United,Leeds,41
2025-26,Leeds United,Leeds,42
2025-26,Leeds United,Leeds,45
2025-26,Leeds United,Leeds,48
2025-26,Leeds United,Leeds,48
2025-26,Leeds United,Leeds,48
2025-26,Leeds United,Leeds,52
2025-26,Leeds United,Leeds,54
2025-26,Leeds United,Leeds,56
2025-26,Leeds United,Leeds,58
2025-26,Leeds United,Leeds,61
2025-26,Leeds United,Leeds,61
2025-26,Leeds United,Leeds,62
2025-26,Leeds United,Leeds,62
2025-26,Leeds United,Leeds,63
2025-26,Leeds United,Leeds,64
2025-26,Leeds United,Leeds,64
2025-26,Leeds United,Leeds,69
2025-26,Leeds United,Leeds,70
2025-26,Leeds United,Leeds,71
2025-26,Leeds United,Leeds,73
2025-26,Leeds United,Leeds,73
2025-26,Leeds United,Leeds,74
2025-26,Leeds United,Leeds,75
2025-26,Leeds United,Leeds,76
2025-26,Leeds United,Leeds,79
2025-26,Leeds United,Leeds,79
2025-26,Leeds United,Leeds,80
2025-26,Leeds United,Leeds,84
2025-26,Leeds United,Leeds,86
2025-26,Leeds United,Leeds,87
2025-26,Leeds United,Leeds,89
2025-26,Leeds United,Leeds,89
2025-26,Leeds United,Leeds,90
2025-26,Leeds United,Leeds,90
2025-26,Leeds United,Leeds,91
2025-26,Leeds United,Leeds,92
2025-26,Leeds United,Leeds,92
2025-26,Leeds United,Leeds,92
2025-26,Leeds United,Leeds,93
2025-26,Leeds United,Leeds,96
2025-26,Leeds United,Leeds,97
2025-26,Leeds United,Leeds,100
2025-26,Leeds United,Leeds,102
2025-26,Liverpool,Liverpool,8
2025-26,Liverpool,Liverpool,10
2025-26,Liverpool,Liverpool,22
2025-26,Liverpool,Liverpool,22
2025-26,Liverpool,Liverpool,25
2025-26,Liverpool,Liverpool,26
2025-26,Liverpool,Liverpool,29
2025-26,Liverpool,Liverpool,33
2025-26,Liverpool,Liverpool,34
2025-26,Liverpool,Liverpool,36
2025-26,Liverpool,Liverpool,40
2025-26,Liverpool,Liverpool,43
2025-26,Liverpool,Liverpool,45
2025-26,Liverpool,Liverpool,47
2025-26,Liverpool,Liverpool,48
2025-26,Liverpool,Liverpool,52
2025-26,Liverpool,Liverpool,54
2025-26,Liverpool,Liverpool,55
2025-26,Liverpool,Liverpool,55
2025-26,Liverpool,Liverpool,57
2025-26,Liverpool,Liverpool,59
2025-26,Liverpool,Liverpool,61
2025-26,Liverpool,Liverpool,61
2025-26,Liverpool,Liverpool,62
2025-26,Liverpool,Liverpool,64
2025-26,Liverpool,Liverpool,66
2025-26,Liverpool,Liverpool,68
2025-26,Liverpool,Liverpool,69
2025-26,Liverpool,Liverpool,75
2025-26,Liverpool,Liverpool,75
2025-26,Liverpool,Liverpool,76
2025-26,Liverpool,Liverpool,77
2025-26,Liverpool,Liverpool,79
2025-26,Liverpool,Liverpool,79
2025-26,Liverpool,Liverpool,79
2025-26,Liverpool,Liverpool,80
2025-26,Liverpool,Liverpool,82
2025-26,Liverpool,Liverpool,82
2025-26,Liverpool,Liverpool,83
2025-26,Liverpool,Liverpool,85
2025-26,Liverpool,Liverpool,85
2025-26,Liverpool,Liverpool,87
2025-26,Liverpool,Liverpool,87
2025-26,Liverpool,Liverpool,87
2025-26,Liverpool,Liverpool,88
2025-26,Liverpool,Liverpool,89
2025-26,Liverpool,Liverpool,90
2025-26,Liverpool,Liverpool,90
2025-26,Liverpool,Liverpool,90
2025-26,Liverpool,Liverpool,91
2025-26,Liverpool,Liverpool,91
2025-26,Liverpool,Liverpool,92
2025-26,Liverpool,Liverpool,92
2025-26,Liverpool,Liverpool,93
2025-26,Liverpool,Liverpool,93
2025-26,Liverpool,Liverpool,94
2025-26,Liverpool,Liverpool,95
2025-26,Liverpool,Liverpool,97
2025-26,Liverpool,Liverpool,98
2025-26,Manchester City,Man City,11
2025-26,Manchester City,Man City,21
2025-26,Manchester City,Man City,26
2025-26,Manchester City,Man City,27
2025-26,Manchester City,Man City,28
2025-26,Manchester City,Man City,36
2025-26,Manchester City,Man City,36
2025-26,Manchester City,Man City,36
2025-26,Manchester City,Man City,37
2025-26,Manchester City,Man City,37
2025-26,Manchester City,Man City,38
2025-26,Manchester City,Man City,40
2025-26,Manchester City,Man City,40
2025-26,Manchester City,Man City,41
2025-26,Manchester City,Man City,41
2025-26,Manchester City,Man City,41
2025-26,Manchester City,Man City,42
2025-26,Manchester City,Man City,47
2025-26,Manchester City,Man City,47
2025-26,Manchester City,Man City,48
2025-26,Manchester City,Man City,48
2025-26,Manchester City,Man City,50
2025-26,Manchester City,Man City,54
2025-26,Manchester City,Man City,54
2025-26,Manchester City,Man City,54
2025-26,Manchester City,Man City,55
2025-26,Manchester City,Man City,57
2025-26,Manchester City,Man City,58
2025-26,Manchester City,Man City,59
2025-26,Manchester City,Man City,60
2025-26,Manchester City,Man City,60
2025-26,Manchester City,Man City,63
2025-26,Manchester City,Man City,64
2025-26,Manchester City,Man City,66
2025-26,Manchester City,Man City,66
2025-26,Manchester City,Man City,67
2025-26,Manchester City,Man City,69
2025-26,Manchester City,Man City,69
2025-26,Manchester City,Man City,70
2025-26,Manchester City,Man City,71
2025-26,Manchester City,Man City,71
2025-26,Manchester City,Man City,73
2025-26,Manchester City,Man City,74
2025-26,Manchester City,Man City,75
2025-26,Manchester City,Man City,75
2025-26,Manchester City,Man City,77
2025-26,Manchester City,Man City,77
2025-26,Manchester City,Man City,77
2025-26,Manchester City,Man City,79
2025-26,Manchester City,Man City,80
2025-26,Manchester City,Man City,81
2025-26,Manchester City,Man City,82
2025-26,Manchester City,Man City,83
2025-26,Manchester City,Man City,83
2025-26,Manchester City,Man City,83
2025-26,Manchester City,Man City,83
2025-26,Manchester City,Man City,83
2025-26,Manchester City,Man City,84
2025-26,Manchester City,Man City,85
2025-26,Manchester City,Man City,87
2025-26,Manchester City,Man City,88
2025-26,Manchester City,Man City,92
2025-26,Manchester City,Man City,92
2025-26,Manchester City,Man City,92
2025-26,Manchester City,Man City,93
2025-26,Manchester City,Man City,93
2025-26,Manchester City,Man City,94
2025-26,Manchester City,Man City,95
2025-26,Manchester City,Man City,95
2025-26,Manchester City,Man City,97
2025-26,Manchester City,Man City,97
2025-26,Manchester City,Man City,98
2025-26,Manchester City,Man City,99
2025-26,Manchester United,Man Utd,6
2025-26,Manchester United,Man Utd,8
2025-26,Manchester United,Man Utd,11
2025-26,Manchester United,Man Utd,17
2025-26,Manchester United,Man Utd,17
2025-26,Manchester United,Man Utd,17
2025-26,Manchester United,Man Utd,18
2025-26,Manchester United,Man Utd,25
2025-26,Manchester United,Man Utd,28
2025-26,Manchester United,Man Utd,34
2025-26,Manchester United,Man Utd,36
2025-26,Manchester United,Man Utd,37
2025-26,Manchester United,Man Utd,38
2025-26,Manchester United,Man Utd,39
2025-26,Manchester United,Man Utd,39
2025-26,Manchester United,Man Utd,43
2025-26,Manchester United,Man Utd,45
2025-26,Manchester United,Man Utd,47
2025-26,Manchester United,Man Utd,48
2025-26,Manchester United,Man Utd,49
2025-26,Manchester United,Man Utd,49
2025-26,Manchester United,Man Utd,49
2025-26,Manchester United,Man Utd,50
2025-26,Manchester United,Man Utd,52
2025-26,Manchester United,Man Utd,54
2025-26,Manchester United,Man Utd,55
2025-26,Manchester United,Man Utd,57
2025-26,Manchester United,Man Utd,57
2025-26,Manchester United,Man Utd,58
2025-26,Manchester United,Man Utd,60
2025-26,Manchester United,Man Utd,64
2025-26,Manchester United,Man Utd,64
2025-26,Manchester United,Man Utd,64
2025-26,Manchester United,Man Utd,68
2025-26,Manchester United,Man Utd,69
2025-26,Manchester United,Man Utd,72
2025-26,Manchester United,Man Utd,72
2025-26,Manchester United,Man Utd,72
2025-26,Manchester United,Man Utd,72
2025-26,Manchester United,Man Utd,76
2025-26,Manchester United,Man Utd,78
2025-26,Manchester United,Man Utd,78
2025-26,Manchester United,Man Utd,81
2025-26,Manchester United,Man Utd,81
2025-26,Manchester United,Man Utd,81
2025-26,Manchester United,Man Utd,83
2025-26,Manchester United,Man Utd,84
2025-26,Manchester United,Man Utd,84
2025-26,Manchester United,Man Utd,85
2025-26,Manchester United,Man Utd,85
2025-26,Manchester United,Man Utd,85
2025-26,Manchester United,Man Utd,89
2025-26,Manchester United,Man Utd,91
2025-26,Manchester United,Man Utd,92
2025-26,Manchester United,Man Utd,92
2025-26,Manchester United,Man Utd,92
2025-26,Manchester United,Man Utd,93
2025-26,Manchester United,Man Utd,93
2025-26,Manchester United,Man Utd,94
2025-26,Manchester United,Man Utd,95
2025-26,Manchester United,Man Utd,95
2025-26,Manchester United,Man Utd,96
2025-26,Manchester United,Man Utd,96
2025-26,Newcastle United,Newcastle,7
2025-26,Newcastle United,Newcastle,9
2025-26,Newcastle United,Newcastle,11
2025-26,Newcastle United,Newcastle,26
2025-26,Newcastle United,Newcastle,27
2025-26,Newcastle United,Newcastle,28
2025-26,Newcastle United,Newcastle,30
2025-26,Newcastle United,Newcastle,36
2025-26,Newcastle United,Newcastle,38
2025-26,Newcastle United,Newcastle,44
2025-26,Newcastle United,Newcastle,44
2025-26,Newcastle United,Newcastle,45
2025-26,Newcastle United,Newcastle,47
2025-26,Newcastle United,Newcastle,48
2025-26,Newcastle United,Newcastle,48
2025-26,Newcastle United,Newcastle,48
2025-26,Newcastle United,Newcastle,49
2025-26,Newcastle United,Newcastle,51
2025-26,Newcastle United,Newcastle,52
2025-26,Newcastle United,Newcastle,53
2025-26,Newcastle United,Newcastle,57
2025-26,Newcastle United,Newcastle,57
2025-26,Newcastle United,Newcastle,58
2025-26,Newcastle United,Newcastle,59
2025-26,Newcastle United,Newcastle,61
2025-26,Newcastle United,Newcastle,61
2025-26,Newcastle United,Newcastle,62
2025-26,Newcastle United,Newcastle,62
2025-26,Newcastle United,Newcastle,64
2025-26,Newcastle United,Newcastle,65
2025-26,Newcastle United,Newcastle,68
2025-26,Newcastle United,Newcastle,70
2025-26,Newcastle United,Newcastle,73
2025-26,Newcastle United,Newcastle,74
2025-26,Newcastle United,Newcastle,74
2025-26,Newcastle United,Newcastle,77
2025-26,Newcastle United,Newcastle,77
2025-26,Newcastle United,Newcastle,77
2025-26,Newcastle United,Newcastle,80
2025-26,Newcastle United,Newcastle,80
2025-26,Newcastle United,Newcastle,83
2025-26,Newcastle United,Newcastle,83
2025-26,Newcastle United,Newcastle,84
2025-26,Newcastle United,Newcastle,85
2025-26,Newcastle United,Newcastle,86
2025-26,Newcastle United,Newcastle,86
2025-26,Newcastle United,Newcastle,87
2025-26,Newcastle United,Newcastle,88
2025-26,Newcastle United,Newcastle,88
2025-26,Newcastle United,Newcastle,88
2025-26,Newcastle United,Newcastle,89
2025-26,Newcastle United,Newcastle,89
2025-26,Newcastle United,Newcastle,89
2025-26,Newcastle United,Newcastle,89
2025-26,Newcastle United,Newcastle,91
2025-26,Newcastle United,Newcastle,93
2025-26,Newcastle United,Newcastle,93
2025-26,Newcastle United,Newcastle,94
2025-26,Newcastle United,Newcastle,94
2025-26,Newcastle United,Newcastle,94
2025-26,Newcastle United,Newcastle,95
2025-26,Newcastle United,Newcastle,96
2025-26,Newcastle United,Newcastle,96
2025-26,Newcastle United,Newcastle,97
2025-26,Newcastle United,Newcastle,97
2025-26,Nottingham Forest,Nott'm Forest,1
2025-26,Nottingham Forest,Nott'm Forest,10
2025-26,Nottingham Forest,Nott'm Forest,18
2025-26,Nottingham Forest,Nott'm Forest,18
2025-26,Nottingham Forest,Nott'm Forest,19
2025-26,Nottingham Forest,Nott'm Forest,20
2025-26,Nottingham Forest,Nott'm Forest,30
2025-26,Nottingham Forest,Nott'm Forest,31
2025-26,Nottingham Forest,Nott'm Forest,32
2025-26,Nottingham Forest,Nott'm Forest,33
2025-26,Nottingham Forest,Nott'm Forest,34
2025-26,Nottingham Forest,Nott'm Forest,36
2025-26,Nottingham Forest,Nott'm Forest,38
2025-26,Nottingham Forest,Nott'm Forest,41
2025-26,Nottingham Forest,Nott'm Forest,41
2025-26,Nottingham Forest,Nott'm Forest,43
2025-26,Nottingham Forest,Nott'm Forest,43
2025-26,Nottingham Forest,Nott'm Forest,45
2025-26,Nottingham Forest,Nott'm Forest,46
2025-26,Nottingham Forest,Nott'm Forest,47
2025-26,Nottingham Forest,Nott'm Forest,48
2025-26,Nottingham Forest,Nott'm Forest,49
2025-26,Nottingham Forest,Nott'm Forest,49
2025-26,Nottingham Forest,Nott'm Forest,49
2025-26,Nottingham Forest,Nott'm Forest,51
2025-26,Nottingham Forest,Nott'm Forest,53
2025-26,Nottingham Forest,Nott'm Forest,53
2025-26,Nottingham Forest,Nott'm Forest,53
2025-26,Nottingham Forest,Nott'm Forest,54
2025-26,Nottingham Forest,Nott'm Forest,54
2025-26,Nottingham Forest,Nott'm Forest,58
2025-26,Nottingham Forest,Nott'm Forest,60
2025-26,Nottingham Forest,Nott'm Forest,60
2025-26,Nottingham Forest,Nott'm Forest,61
2025-26,Nottingham Forest,Nott'm Forest,61
2025-26,Nottingham Forest,Nott'm Forest,61
2025-26,Nottingham Forest,Nott'm Forest,62
2025-26,Nottingham Forest,Nott'm Forest,62
2025-26,Nottingham Forest,Nott'm Forest,63
2025-26,Nottingham Forest,Nott'm Forest,63
2025-26,Nottingham Forest,Nott'm Forest,65
2025-26,Nottingham Forest,Nott'm Forest,66
2025-26,Nottingham Forest,Nott'm Forest,68
2025-26,Nottingham Forest,Nott'm Forest,68
2025-26,Nottingham Forest,Nott'm Forest,69
2025-26,Nottingham Forest,Nott'm Forest,70
2025-26,Nottingham Forest,Nott'm Forest,75
2025-26,Nottingham Forest,Nott'm Forest,76
2025-26,Nottingham Forest,Nott'm Forest,78
2025-26,Nottingham Forest,Nott'm Forest,80
2025-26,Nottingham Forest,Nott'm Forest,82
2025-26,Nottingham Forest,Nott'm Forest,83
2025-26,Nottingham Forest,Nott'm Forest,83
2025-26,Nottingham Forest,Nott'm Forest,88
2025-26,Nottingham Forest,Nott'm Forest,89
2025-26,Nottingham Forest,Nott'm Forest,90
2025-26,Nottingham Forest,Nott'm Forest,92
2025-26,Nottingham Forest,Nott'm Forest,92
2025-26,Nottingham Forest,Nott'm Forest,94
2025-26,Nottingham Forest,Nott'm Forest,94
2025-26,Nottingham Forest,Nott'm Forest,96
2025-26,Sunderland,Sunderland,9
2025-26,Sunderland,Sunderland,17
2025-26,Sunderland,Sunderland,18
2025-26,Sunderland,Sunderland,19
2025-26,Sunderland,Sunderland,21
2025-26,Sunderland,Sunderland,24
2025-26,Sunderland,Sunderland,27
2025-26,Sunderland,Sunderland,29
2025-26,Sunderland,Sunderland,30
2025-26,Sunderland,Sunderland,31
2025-26,Sunderland,Sunderland,32
2025-26,Sunderland,Sunderland,33
2025-26,Sunderland,Sunderland,33
2025-26,Sunderland,Sunderland,34
2025-26,Sunderland,Sunderland,35
2025-26,Sunderland,Sunderland,35
2025-26,Sunderland,Sunderland,39
2025-26,Sunderland,Sunderland,40
2025-26,Sunderland,Sunderland,42
2025-26,Sunderland,Sunderland,44
2025-26,Sunderland,Sunderland,45
2025-26,Sunderland,Sunderland,46
2025-26,Sunderland,Sunderland,47
2025-26,Sunderland,Sunderland,47
2025-26,Sunderland,Sunderland,47
2025-26,Sunderland,Sunderland,48
2025-26,Sunderland,Sunderland,50
2025-26,Sunderland,Sunderland,50
2025-26,Sunderland,Sunderland,51
2025-26,Sunderland,Sunderland,51
2025-26,Sunderland,Sunderland,54
2025-26,Sunderland,Sunderland,54
2025-26,Sunderland,Sunderland,56
2025-26,Sunderland,Sunderland,57
2025-26,Sunderland,Sunderland,57
2025-26,Sunderland,Sunderland,58
2025-26,Sunderland,Sunderland,58
2025-26,Sunderland,Sunderland,58
2025-26,Sunderland,Sunderland,60
2025-26,Sunderland,Sunderland,60
2025-26,Sunderland,Sunderland,61
2025-26,Sunderland,Sunderland,63
2025-26,Sunderland,Sunderland,63
2025-26,Sunderland,Sunderland,65
2025-26,Sunderland,Sunderland,66
2025-26,Sunderland,Sunderland,66
2025-26,Sunderland,Sunderland,67
2025-26,Sunderland,Sunderland,69
2025-26,Sunderland,Sunderland,72
2025-26,Sunderland,Sunderland,73
2025-26,Sunderland,Sunderland,74
2025-26,Sunderland,Sunderland,74
2025-26,Sunderland,Sunderland,75
2025-26,Sunderland,Sunderland,75
2025-26,Sunderland,Sunderland,75
2025-26,Sunderland,Sunderland,76
2025-26,Sunderland,Sunderland,77
2025-26,Sunderland,Sunderland,79
2025-26,Sunderland,Sunderland,79
2025-26,Sunderland,Sunderland,80
2025-26,Sunderland,Sunderland,81
2025-26,Sunderland,Sunderland,81
2025-26,Sunderland,Sunderland,82
2025-26,Sunderland,Sunderland,86
2025-26,Sunderland,Sunderland,86
2025-26,Sunderland,Sunderland,88
2025-26,Sunderland,Sunderland,88
2025-26,Sunderland,Sunderland,88
2025-26,Sunderland,Sunderland,89
2025-26,Sunderland,Sunderland,90
2025-26,Sunderland,Sunderland,91
2025-26,Sunderland,Sunderland,91
2025-26,Sunderland,Sunderland,92
2025-26,Sunderland,Sunderland,93
2025-26,Sunderland,Sunderland,94
2025-26,Sunderland,Sunderland,94
2025-26,Sunderland,Sunderland,94
2025-26,Sunderland,Sunderland,94
2025-26,Sunderland,Sunderland,94
2025-26,Sunderland,Sunderland,95
2025-26,Sunderland,Sunderland,98
2025-26,Sunderland,Sunderland,98
2025-26,Sunderland,Sunderland,99
2025-26,Tottenham Hotspur,Spurs,5
2025-26,Tottenham Hotspur,Spurs,7
2025-26,Tottenham Hotspur,Spurs,11
2025-26,Tottenham Hotspur,Spurs,14
2025-26,Tottenham Hotspur,Spurs,19
2025-26,Tottenham Hotspur,Spurs,22
2025-26,Tottenham Hotspur,Spurs,22
2025-26,Tottenham Hotspur,Spurs,22
2025-26,Tottenham Hotspur,Spurs,23
2025-26,Tottenham Hotspur,Spurs,25
2025-26,Tottenham Hotspur,Spurs,27
2025-26,Tottenham Hotspur,Spurs,27
2025-26,Tottenham Hotspur,Spurs,28
2025-26,Tottenham Hotspur,Spurs,28
2025-26,Tottenham Hotspur,Spurs,29
2025-26,Tottenham Hotspur,Spurs,30
2025-26,Tottenham Hotspur,Spurs,31
2025-26,Tottenham Hotspur,Spurs,32
2025-26,Tottenham Hotspur,Spurs,32
2025-26,Tottenham Hotspur,Spurs,34
2025-26,Tottenham Hotspur,Spurs,34
2025-26,Tottenham Hotspur,Spurs,34
2025-26,Tottenham Hotspur,Spurs,35
2025-26,Tottenham Hotspur,Spurs,37
2025-26,Tottenham Hotspur,Spurs,37
2025-26,Tottenham Hotspur,Spurs,38
2025-26,Tottenham Hotspur,Spurs,39
2025-26,Tottenham Hotspur,Spurs,40
2025-26,Tottenham Hotspur,Spurs,41
2025-26,Tottenham Hotspur,Spurs,41
2025-26,Tottenham Hotspur,Spurs,41
2025-26,Tottenham Hotspur,Spurs,43
2025-26,Tottenham Hotspur,Spurs,45
2025-26,Tottenham Hotspur,Spurs,46
2025-26,Tottenham Hotspur,Spurs,46
2025-26,Tottenham Hotspur,Spurs,47
2025-26,Tottenham Hotspur,Spurs,47
2025-26,Tottenham Hotspur,Spurs,48
2025-26,Tottenham Hotspur,Spurs,48
2025-26,Tottenham Hotspur,Spurs,48
2025-26,Tottenham Hotspur,Spurs,49
2025-26,Tottenham Hotspur,Spurs,52
2025-26,Tottenham Hotspur,Spurs,53
2025-26,Tottenham Hotspur,Spurs,55
2025-26,Tottenham Hotspur,Spurs,56
2025-26,Tottenham Hotspur,Spurs,57
2025-26,Tottenham Hotspur,Spurs,59
2025-26,Tottenham Hotspur,Spurs,60
2025-26,Tottenham Hotspur,Spurs,60
2025-26,Tottenham Hotspur,Spurs,61
2025-26,Tottenham Hotspur,Spurs,62
2025-26,Tottenham Hotspur,Spurs,63
2025-26,Tottenham Hotspur,Spurs,64
2025-26,Tottenham Hotspur,Spurs,64
2025-26,Tottenham Hotspur,Spurs,65
2025-26,Tottenham Hotspur,Spurs,65
2025-26,Tottenham Hotspur,Spurs,65
2025-26,Tottenham Hotspur,Spurs,65
2025-26,Tottenham Hotspur,Spurs,66
2025-26,Tottenham Hotspur,Spurs,66
2025-26,Tottenham Hotspur,Spurs,66
2025-26,Tottenham Hotspur,Spurs,67
2025-26,Tottenham Hotspur,Spurs,67
2025-26,Tottenham Hotspur,Spurs,68
2025-26,Tottenham Hotspur,Spurs,69
2025-26,Tottenham Hotspur,Spurs,70
2025-26,Tottenham Hotspur,Spurs,70
2025-26,Tottenham Hotspur,Spurs,70
2025-26,Tottenham Hotspur,Spurs,70
2025-26,Tottenham Hotspur,Spurs,71
2025-26,Tottenham Hotspur,Spurs,73
2025-26,Tottenham Hotspur,Spurs,74
2025-26,Tottenham Hotspur,Spurs,74
2025-26,Tottenham Hotspur,Spurs,75
2025-26,Tottenham Hotspur,Spurs,75
2025-26,Tottenham Hotspur,Spurs,77
2025-26,Tottenham Hotspur,Spurs,78
2025-26,Tottenham Hotspur,Spurs,78
2025-26,Tottenham Hotspur,Spurs,80
2025-26,Tottenham Hotspur,Spurs,81
2025-26,Tottenham Hotspur,Spurs,81
2025-26,Tottenham Hotspur,Spurs,82
2025-26,Tottenham Hotspur,Spurs,82
2025-26,Tottenham Hotspur,Spurs,82
2025-26,Tottenham Hotspur,Spurs,83
2025-26,Tottenham Hotspur,Spurs,84
2025-26,Tottenham Hotspur,Spurs,85
2025-26,Tottenham Hotspur,Spurs,86
2025-26,Tottenham Hotspur,Spurs,86
2025-26,Tottenham Hotspur,Spurs,87
2025-26,Tottenham Hotspur,Spurs,87
2025-26,Tottenham Hotspur,Spurs,88
2025-26,Tottenham Hotspur,Spurs,92
2025-26,Tottenham Hotspur,Spurs,94
2025-26,Tottenham Hotspur,Spurs,94
2025-26,Tottenham Hotspur,Spurs,95
2025-26,Tottenham Hotspur,Spurs,95
2025-26,Tottenham Hotspur,Spurs,95
2025-26,Tottenham Hotspur,Spurs,96
2025-26,Tottenham Hotspur,Spurs,96
2025-26,Tottenham Hotspur,Spurs,97
2025-26,Tottenham Hotspur,Spurs,97
2025-26,Tottenham Hotspur,Spurs,97
2025-26,Tottenham Hotspur,Spurs,101
2025-26,West Ham United,West Ham,1
2025-26,West Ham United,West Ham,13
2025-26,West Ham United,West Ham,17
2025-26,West Ham United,West Ham,25
2025-26,West Ham United,West Ham,31
2025-26,West Ham United,West Ham,33
2025-26,West Ham United,West Ham,33
2025-26,West Ham United,West Ham,34
2025-26,West Ham United,West Ham,34
2025-26,West Ham United,West Ham,37
2025-26,West Ham United,West Ham,37
2025-26,West Ham United,West Ham,38
2025-26,West Ham United,West Ham,40
2025-26,West Ham United,West Ham,41
2025-26,West Ham United,West Ham,41
2025-26,West Ham United,West Ham,41
2025-26,West Ham United,West Ham,44
2025-26,West Ham United,West Ham,45
2025-26,West Ham United,West Ham,45
2025-26,West Ham United,West Ham,45
2025-26,West Ham United,West Ham,46
2025-26,West Ham United,West Ham,48
2025-26,West Ham United,West Ham,52
2025-26,West Ham United,West Ham,52
2025-26,West Ham United,West Ham,55
2025-26,West Ham United,West Ham,57
2025-26,West Ham United,West Ham,58
2025-26,West Ham United,West Ham,59
2025-26,West Ham United,West Ham,59
2025-26,West Ham United,West Ham,60
2025-26,West Ham United,West Ham,61
2025-26,West Ham United,West Ham,62
2025-26,West Ham United,West Ham,64
2025-26,West Ham United,West Ham,66
2025-26,West Ham United,West Ham,67
2025-26,West Ham United,West Ham,67
2025-26,West Ham United,West Ham,68
2025-26,West Ham United,West Ham,69
2025-26,West Ham United,West Ham,70
2025-26,West Ham United,West Ham,70
2025-26,West Ham United,West Ham,70
2025-26,West Ham United,West Ham,70
2025-26,West Ham United,West Ham,71
2025-26,West Ham United,West Ham,72
2025-26,West Ham United,West Ham,74
2025-26,West Ham United,West Ham,76
2025-26,West Ham United,West Ham,77
2025-26,West Ham United,West Ham,78
2025-26,West Ham United,West Ham,79
2025-26,West Ham United,West Ham,80
2025-26,West Ham United,West Ham,82
2025-26,West Ham United,West Ham,82
2025-26,West Ham United,West Ham,83
2025-26,West Ham United,West Ham,83
2025-26,West Ham United,West Ham,84
2025-26,West Ham United,West Ham,89
2025-26,West Ham United,West Ham,91
2025-26,West Ham United,West Ham,92
2025-26,West Ham United,West Ham,92
2025-26,West Ham United,West Ham,92
2025-26,West Ham United,West Ham,93
2025-26,West Ham United,West Ham,94
2025-26,West Ham United,West Ham,94
2025-26,West Ham United,West Ham,95
2025-26,West Ham United,West Ham,96
2025-26,West Ham United,West Ham,96
2025-26,West Ham United,West Ham,96
2025-26,West Ham United,West Ham,96
2025-26,West Ham United,West Ham,97
2025-26,West Ham United,West Ham,99
2025-26,West Ham United,West Ham,100
2025-26,Wolverhampton Wanderers,Wolves,7
2025-26,Wolverhampton Wanderers,Wolves,9
2025-26,Wolverhampton Wanderers,Wolves,9
2025-26,Wolverhampton Wanderers,Wolves,12
2025-26,Wolverhampton Wanderers,Wolves,20
2025-26,Wolverhampton Wanderers,Wolves,24
2025-26,Wolverhampton Wanderers,Wolves,24
2025-26,Wolverhampton Wanderers,Wolves,31
2025-26,Wolverhampton Wanderers,Wolves,35
2025-26,Wolverhampton Wanderers,Wolves,35
2025-26,Wolverhampton Wanderers,Wolves,39
2025-26,Wolverhampton Wanderers,Wolves,40
2025-26,Wolverhampton Wanderers,Wolves,41
2025-26,Wolverhampton Wanderers,Wolves,43
2025-26,Wolverhampton Wanderers,Wolves,44
2025-26,Wolverhampton Wanderers,Wolves,44
2025-26,Wolverhampton Wanderers,Wolves,46
2025-26,Wolverhampton Wanderers,Wolves,46
2025-26,Wolverhampton Wanderers,Wolves,46
2025-26,Wolverhampton Wanderers,Wolves,46
2025-26,Wolverhampton Wanderers,Wolves,47
2025-26,Wolverhampton Wanderers,Wolves,48
2025-26,Wolverhampton Wanderers,Wolves,49
2025-26,Wolverhampton Wanderers,Wolves,49
2025-26,Wolverhampton Wanderers,Wolves,49
2025-26,Wolverhampton Wanderers,Wolves,49
2025-26,Wolverhampton Wanderers,Wolves,50
2025-26,Wolverhampton Wanderers,Wolves,50
2025-26,Wolverhampton Wanderers,Wolves,51
2025-26,Wolverhampton Wanderers,Wolves,51
2025-26,Wolverhampton Wanderers,Wolves,52
2025-26,Wolverhampton Wanderers,Wolves,55
2025-26,Wolverhampton Wanderers,Wolves,56
2025-26,Wolverhampton Wanderers,Wolves,57
2025-26,Wolverhampton Wanderers,Wolves,57
2025-26,Wolverhampton Wanderers,Wolves,57
2025-26,Wolverhampton Wanderers,Wolves,58
2025-26,Wolverhampton Wanderers,Wolves,58
2025-26,Wolverhampton Wanderers,Wolves,58
2025-26,Wolverhampton Wanderers,Wolves,60
2025-26,Wolverhampton Wanderers,Wolves,63
2025-26,Wolverhampton Wanderers,Wolves,63
2025-26,Wolverhampton Wanderers,Wolves,65
2025-26,Wolverhampton Wanderers,Wolves,67
2025-26,Wolverhampton Wanderers,Wolves,67
2025-26,Wolverhampton Wanderers,Wolves,67
2025-26,Wolverhampton Wanderers,Wolves,67
2025-26,Wolverhampton Wanderers,Wolves,68
2025-26,Wolverhampton Wanderers,Wolves,68
2025-26,Wolverhampton Wanderers,Wolves,69
2025-26,Wolverhampton Wanderers,Wolves,71
2025-26,Wolverhampton Wanderers,Wolves,74
2025-26,Wolverhampton Wanderers,Wolves,75
2025-26,Wolverhampton Wanderers,Wolves,75
2025-26,Wolverhampton Wanderers,Wolves,76
2025-26,Wolverhampton Wanderers,Wolves,77
2025-26,Wolverhampton Wanderers,Wolves,77
2025-26,Wolverhampton Wanderers,Wolves,78
2025-26,Wolverhampton Wanderers,Wolves,79
2025-26,Wolverhampton Wanderers,Wolves,80
2025-26,Wolverhampton Wanderers,Wolves,81
2025-26,Wolverhampton Wanderers,Wolves,84
2025-26,Wolverhampton Wanderers,Wolves,84
2025-26,Wolverhampton Wanderers,Wolves,85
2025-26,Wolverhampton Wanderers,Wolves,85
2025-26,Wolverhampton Wanderers,Wolves,86
2025-26,Wolverhampton Wanderers,Wolves,88
2025-26,Wolverhampton Wanderers,Wolves,89
2025-26,Wolverhampton Wanderers,Wolves,90
2025-26,Wolverhampton Wanderers,Wolves,93
2025-26,Wolverhampton Wanderers,Wolves,93
2025-26,Wolverhampton Wanderers,Wolves,93
2025-26,Wolverhampton Wanderers,Wolves,94
2025-26,Wolverhampton Wanderers,Wolves,94
2025-26,Wolverhampton Wanderers,Wolves,95
2025-26,Wolverhampton Wanderers,Wolves,95
2025-26,Wolverhampton Wanderers,Wolves,96
2025-26,Wolverhampton Wanderers,Wolves,96
2025-26,Wolverhampton Wanderers,Wolves,96
2025-26,Wolverhampton Wanderers,Wolves,98
